prediction_id,model_version,model_artifact_hash,model_spec_hash,policy_hash,git_commit,snapshot_id,provider_event_id,game_id,season,week,kickoff_utc,market,orientation,prediction_created_at_utc,snapshot_retrieved_at_utc,feature_as_of_utc,feature_input_hash,feature_row_hash,pinnacle_updated_at_utc,pinnacle_line,pinnacle_orientation_price,pinnacle_other_price,pinnacle_orientation_no_vig_probability,pinnacle_overround,consensus_line,consensus_probability,consensus_status,retail_books_count,raw_adjustment,adjustment_weight,final_projection,raw_non_push_win_probability,calibrated_non_push_win_probability,model_win_probability,model_push_probability,model_loss_probability,uncertainty_status,eligibility_status,decision,pass_reason,source,retrieved_at_utc,source_updated_at_utc,schema_version,content_hash
25b8656e75568b194f9b0a1bacd5cb8270a37bcdbf53b3ad96077e6083225487,1.1.2,6590a4bbb77802175afa4c406de831d596569cbf2e1f596de7df0910f43e8fd5,e51f21289a5f63ada7c1746ad6385412db3f6a4e7fc3ba4e33e43fbdb6e9bf14,241bade8665d15f1855e8ed5cb5a8f8bc3dbb5e66c87d76b45ab5d76f1caa9f7,c8df716c912e3f6e3b11d508f2988b51a9d4b5a7,d4b87e91-991a-4aa9-bfef-bc8de675e276,e5fbd3b3953b896b1bf897ddadb3cc4b,2026_03_ATL_GB,2026,3,2026-09-25T00:15:00Z,spreads,HOME,2026-09-23T13:00:21.951453Z,2026-09-23T13:00:21.551276Z,2026-09-22T18:51:43.097248Z,bb86d96ac8c5a37027060695827d4ca64ef6cc1d2ef5b5808941c85556f173d5,2b2ec80f12d687f04cde37d927f1a331c13d4948a4354366ea86f51e96870ec2,2026-09-23T13:00:20Z,5.5,-106,-106,0.5,1.029126213592233,5.5,0.4997073456248171,VALID,3,-0.17489940184807717,0.0,5.5,0.40537743235493595,0.47610684423131405,0.4750513349321571,0.002216958886321089,0.5227317061815216,UNAVAILABLE_FOR_BETTING,DIAGNOSTIC_EARLY_SNAPSHOT,PASS,MODEL_LOCKED_UNTESTED_2026;UNCERTAINTY_UNAVAILABLE_FOR_BETTING;DIAGNOSTIC_EARLY_SNAPSHOT,local:v11-prospective-observer,2026-09-23T13:00:21.951453Z,2026-09-23T13:00:20Z,1.1.0,2fca11397d3b4e1dfdc6503adf2806e5f5c9693fae8e4f3f467d92c5a0a82d76
ef7f1e604b020d2b387b80895f234a3992c2cd589fe19e9dab73d72ea5206b4f,challenger-0.2.0,5c8bf3ec348a261ab2c0ce94bd8cc315f754a8dc991c15c20d0d961d06997984,49fadb583b0dee0ba78c242826cb3e521cee0c4af2da837cfd5df18936598793,159ec87beb47e140832d992a80618f94b5cef5681c9d11c24e999ce1cad03b10,c8df716c912e3f6e3b11d508f2988b51a9d4b5a7,d4b87e91-991a-4aa9-bfef-bc8de675e276,e5fbd3b3953b896b1bf897ddadb3cc4b,2026_03_ATL_GB,2026,3,2026-09-25T00:15:00Z,spreads,HOME,2026-09-23T13:00:24.484171Z,2026-09-23T13:00:21.551276Z,2026-09-22T18:51:43.097248Z,3ecdbfbaf3290a1d0f9b9aee517e61634d37a7bdde41367b8b77ffdf6363f311,050d5c7c88c6114a6ea3a53e6fae74e7749db011dffcd1aa1190cbc9d1b3ac97,2026-09-23T13:00:20Z,5.5,-106,-106,0.5,1.029126213592233,5.5,0.4997073456248171,VALID,3,-2.5823015078367435,0.0,5.5,0.42262550074111466,0.5,0.4986820951054058,0.002635809789188394,0.4986820951054058,MODELED_DEVELOPMENT_MARGIN_SHADOW_ONLY,SHADOW_ELIGIBLE,PASS,EXPERIMENTAL_SHADOW_NO_STAKES;SHADOW_ELIGIBLE,local:challenger+the-odds-api,2026-09-23T13:00:24.484171Z,2026-09-23T13:00:20Z,1.1.0,342b1b595fb862454081045c53c69915b56a1442c2d16a259a1538e8640e4fc2
49c348a03aab812887f9463f839bed7acbb2e7b039a91c2646a7c849a92e7bc8,challenger-0.2.0,5c8bf3ec348a261ab2c0ce94bd8cc315f754a8dc991c15c20d0d961d06997984,49fadb583b0dee0ba78c242826cb3e521cee0c4af2da837cfd5df18936598793,159ec87beb47e140832d992a80618f94b5cef5681c9d11c24e999ce1cad03b10,dffe8acdbd3e011d12e5e45e08331fd300f3b67f,d842d1fe-0de3-48ea-8341-bb9cfc6a6383,e5fbd3b3953b896b1bf897ddadb3cc4b,2026_03_ATL_GB,2026,3,2026-09-25T00:15:00Z,spreads,HOME,2026-09-24T16:00:25.607332Z,2026-09-24T16:00:22.454081Z,2026-09-22T18:51:43.097248Z,3ecdbfbaf3290a1d0f9b9aee517e61634d37a7bdde41367b8b77ffdf6363f311,050d5c7c88c6114a6ea3a53e6fae74e7749db011dffcd1aa1190cbc9d1b3ac97,2026-09-24T16:00:17Z,4.5,-113,102,0.5172913928296243,1.0255659368753776,4.5,0.5138160917200654,VALID,3,-1.5823015078367435,0.0,4.5,0.42262550074111466,0.5172913928296243,0.5159279111125411,0.002635809789188394,0.48143627909827047,MODELED_DEVELOPMENT_MARGIN_SHADOW_ONLY,SHADOW_ELIGIBLE,PASS,EXPERIMENTAL_SHADOW_NO_STAKES;SHADOW_ELIGIBLE,local:challenger+the-odds-api,2026-09-24T16:00:25.607332Z,2026-09-24T16:00:17Z,1.1.0,f10f677dcd33be1855f73f68ec71cf9212507ef89a102a854430d0f369ef4ca3
8b06b8c3de253ba6f903894a6e67049acd2f4c986aff86fb5e696d0073080839,1.1.2,6590a4bbb77802175afa4c406de831d596569cbf2e1f596de7df0910f43e8fd5,e51f21289a5f63ada7c1746ad6385412db3f6a4e7fc3ba4e33e43fbdb6e9bf14,241bade8665d15f1855e8ed5cb5a8f8bc3dbb5e66c87d76b45ab5d76f1caa9f7,dffe8acdbd3e011d12e5e45e08331fd300f3b67f,d842d1fe-0de3-48ea-8341-bb9cfc6a6383,e5fbd3b3953b896b1bf897ddadb3cc4b,2026_03_ATL_GB,2026,3,2026-09-25T00:15:00Z,spreads,HOME,2026-09-24T16:00:22.882475Z,2026-09-24T16:00:22.454081Z,2026-09-22T18:51:43.097248Z,bb86d96ac8c5a37027060695827d4ca64ef6cc1d2ef5b5808941c85556f173d5,2b2ec80f12d687f04cde37d927f1a331c13d4948a4354366ea86f51e96870ec2,2026-09-24T16:00:17Z,4.5,-113,102,0.5172913928296243,1.0255659368753776,4.5,0.5138160917200654,VALID,3,-0.17489940184807717,0.0,4.5,0.40537743235493595,0.47610684423131405,0.4750513349321571,0.002216958886321089,0.5227317061815216,UNAVAILABLE_FOR_BETTING,DIAGNOSTIC_EARLY_SNAPSHOT,PASS,MODEL_LOCKED_UNTESTED_2026;UNCERTAINTY_UNAVAILABLE_FOR_BETTING;DIAGNOSTIC_EARLY_SNAPSHOT,local:v11-prospective-observer,2026-09-24T16:00:22.882475Z,2026-09-24T16:00:17Z,1.1.0,3582936c92ff367d9a0e3ed1ee6fe9b029e9616d0f6d90d39996d2a770511d79
45042fd5e60834e35cc23b20bcf2ea154408e025eb4b59f2cde2908a8f3875ea,1.1.2,6590a4bbb77802175afa4c406de831d596569cbf2e1f596de7df0910f43e8fd5,e51f21289a5f63ada7c1746ad6385412db3f6a4e7fc3ba4e33e43fbdb6e9bf14,241bade8665d15f1855e8ed5cb5a8f8bc3dbb5e66c87d76b45ab5d76f1caa9f7,c8df716c912e3f6e3b11d508f2988b51a9d4b5a7,d4b87e91-991a-4aa9-bfef-bc8de675e276,e5fbd3b3953b896b1bf897ddadb3cc4b,2026_03_ATL_GB,2026,3,2026-09-25T00:15:00Z,totals,OVER,2026-09-23T13:00:21.951453Z,2026-09-23T13:00:21.551276Z,2026-09-22T18:51:43.097248Z,bb86d96ac8c5a37027060695827d4ca64ef6cc1d2ef5b5808941c85556f173d5,2b2ec80f12d687f04cde37d927f1a331c13d4948a4354366ea86f51e96870ec2,2026-09-23T13:00:20Z,43.0,-111,-103,0.5090362806668774,1.033455513272477,43.2,,INCOMPARABLE_POINTS,3,0.7701350588473777,0.1161508759454473,43.08945186168142,0.4909947931229129,0.4948708359688912,0.4948708359688912,0.0,0.5051291640311089,UNAVAILABLE_FOR_BETTING,DIAGNOSTIC_EARLY_SNAPSHOT,PASS,MODEL_LOCKED_UNTESTED_2026;UNCERTAINTY_UNAVAILABLE_FOR_BETTING;DIAGNOSTIC_EARLY_SNAPSHOT,local:v11-prospective-observer,2026-09-23T13:00:21.951453Z,2026-09-23T13:00:20Z,1.1.0,6b444721d405e4dfb588d85fc9cf271017393c799510ff6df43841e16c0f3708
d8eb16c65a93cbcce1c9683e26b4e8095fe6402d1a06c55011a43779d9f8428e,challenger-0.2.0,5c8bf3ec348a261ab2c0ce94bd8cc315f754a8dc991c15c20d0d961d06997984,49fadb583b0dee0ba78c242826cb3e521cee0c4af2da837cfd5df18936598793,159ec87beb47e140832d992a80618f94b5cef5681c9d11c24e999ce1cad03b10,c8df716c912e3f6e3b11d508f2988b51a9d4b5a7,d4b87e91-991a-4aa9-bfef-bc8de675e276,e5fbd3b3953b896b1bf897ddadb3cc4b,2026_03_ATL_GB,2026,3,2026-09-25T00:15:00Z,totals,OVER,2026-09-23T13:00:24.484171Z,2026-09-23T13:00:21.551276Z,2026-09-22T18:51:43.097248Z,3ecdbfbaf3290a1d0f9b9aee517e61634d37a7bdde41367b8b77ffdf6363f311,050d5c7c88c6114a6ea3a53e6fae74e7749db011dffcd1aa1190cbc9d1b3ac97,2026-09-23T13:00:20Z,43.0,-111,-103,0.5090362806668774,1.033455513272477,43.2,,INCOMPARABLE_POINTS,3,-2.74219318246562,0.0,43.0,0.4856689348927987,0.5090362806668774,0.5051114870870759,0.0077102433144053545,0.48717826959851873,MODELED_DEVELOPMENT_MARGIN_SHADOW_ONLY,SHADOW_ELIGIBLE,PASS,EXPERIMENTAL_SHADOW_NO_STAKES;SHADOW_ELIGIBLE,local:challenger+the-odds-api,2026-09-23T13:00:24.484171Z,2026-09-23T13:00:20Z,1.1.0,d819ab0c3978b1280d96514709e998960c9ae824ee272e5c44553c39c5cdf319
5536a81515aa88762b9c03ea7b5fbb193018539a32e66e9264925b074da5ef17,1.1.2,6590a4bbb77802175afa4c406de831d596569cbf2e1f596de7df0910f43e8fd5,e51f21289a5f63ada7c1746ad6385412db3f6a4e7fc3ba4e33e43fbdb6e9bf14,241bade8665d15f1855e8ed5cb5a8f8bc3dbb5e66c87d76b45ab5d76f1caa9f7,dffe8acdbd3e011d12e5e45e08331fd300f3b67f,d842d1fe-0de3-48ea-8341-bb9cfc6a6383,e5fbd3b3953b896b1bf897ddadb3cc4b,2026_03_ATL_GB,2026,3,2026-09-25T00:15:00Z,totals,OVER,2026-09-24T16:00:22.882475Z,2026-09-24T16:00:22.454081Z,2026-09-22T18:51:43.097248Z,bb86d96ac8c5a37027060695827d4ca64ef6cc1d2ef5b5808941c85556f173d5,2b2ec80f12d687f04cde37d927f1a331c13d4948a4354366ea86f51e96870ec2,2026-09-24T16:00:17Z,43.0,-105,-107,0.4977100984657659,1.029103334511606,43.0,,INCOMPARABLE_POINTS,3,0.7701350588473777,0.1161508759454473,43.08945186168142,0.4909947931229129,0.4948708359688912,0.4948708359688912,0.0,0.5051291640311089,UNAVAILABLE_FOR_BETTING,DIAGNOSTIC_EARLY_SNAPSHOT,PASS,MODEL_LOCKED_UNTESTED_2026;UNCERTAINTY_UNAVAILABLE_FOR_BETTING;DIAGNOSTIC_EARLY_SNAPSHOT,local:v11-prospective-observer,2026-09-24T16:00:22.882475Z,2026-09-24T16:00:17Z,1.1.0,95ca770983cabaf8f9cd9fd192372fb2f936af5c64e305c53744b6bbcd0cab6f
75cf679ec3b2905da451ce4c46c8973120830cf4d5d98c497952fe2e6648f288,challenger-0.2.0,5c8bf3ec348a261ab2c0ce94bd8cc315f754a8dc991c15c20d0d961d06997984,49fadb583b0dee0ba78c242826cb3e521cee0c4af2da837cfd5df18936598793,159ec87beb47e140832d992a80618f94b5cef5681c9d11c24e999ce1cad03b10,dffe8acdbd3e011d12e5e45e08331fd300f3b67f,d842d1fe-0de3-48ea-8341-bb9cfc6a6383,e5fbd3b3953b896b1bf897ddadb3cc4b,2026_03_ATL_GB,2026,3,2026-09-25T00:15:00Z,totals,OVER,2026-09-24T16:00:25.607332Z,2026-09-24T16:00:22.454081Z,2026-09-22T18:51:43.097248Z,3ecdbfbaf3290a1d0f9b9aee517e61634d37a7bdde41367b8b77ffdf6363f311,050d5c7c88c6114a6ea3a53e6fae74e7749db011dffcd1aa1190cbc9d1b3ac97,2026-09-24T16:00:17Z,43.0,-105,-107,0.4977100984657659,1.029103334511606,43.0,,INCOMPARABLE_POINTS,3,-2.74219318246562,0.0,43.0,0.4856689348927987,0.4977100984657659,0.4938726325065582,0.0077102433144053545,0.49841712417903644,MODELED_DEVELOPMENT_MARGIN_SHADOW_ONLY,SHADOW_ELIGIBLE,PASS,EXPERIMENTAL_SHADOW_NO_STAKES;SHADOW_ELIGIBLE,local:challenger+the-odds-api,2026-09-24T16:00:25.607332Z,2026-09-24T16:00:17Z,1.1.0,6dae2f4052d2d6e9d9751f17f0c9e3a3d5475d5953279221ca7d15a112e4e913
03345255c3edb399030d23ca58f5fcdb593e19104ce0a2399d4ae0fd16d77ae5,1.1.2,6590a4bbb77802175afa4c406de831d596569cbf2e1f596de7df0910f43e8fd5,e51f21289a5f63ada7c1746ad6385412db3f6a4e7fc3ba4e33e43fbdb6e9bf14,241bade8665d15f1855e8ed5cb5a8f8bc3dbb5e66c87d76b45ab5d76f1caa9f7,c8df716c912e3f6e3b11d508f2988b51a9d4b5a7,d4b87e91-991a-4aa9-bfef-bc8de675e276,613b8cd3a5fab58f7be4e3fd6f76223e,2026_03_CAR_CLE,2026,3,2026-09-27T17:00:00Z,spreads,HOME,2026-09-23T13:00:21.951453Z,2026-09-23T13:00:21.551276Z,2026-09-22T18:51:43.097248Z,bb86d96ac8c5a37027060695827d4ca64ef6cc1d2ef5b5808941c85556f173d5,34fcafc02578e5841a3c21aebd51d0197fef755d768a84ae3857eccb977bab2b,2026-09-23T13:00:20Z,-3.0,-117,104,0.5237886235955056,1.029366585343815,-2.8666666666666663,,INCOMPARABLE_POINTS,3,-0.5587275948488466,0.0,-3.0,0.530372745231012,0.49504906812277805,0.4590133874766894,0.07279213913629948,0.46819447338701115,UNAVAILABLE_FOR_BETTING,DIAGNOSTIC_EARLY_SNAPSHOT,PASS,MODEL_LOCKED_UNTESTED_2026;UNCERTAINTY_UNAVAILABLE_FOR_BETTING;DIAGNOSTIC_EARLY_SNAPSHOT,local:v11-prospective-observer,2026-09-23T13:00:21.951453Z,2026-09-23T13:00:20Z,1.1.0,c802af238eb867f8da08adbabd4d60f71fedb08f38f1070f7d3dae31fc16b359
6618449206d22a8d6e477577c5d2f5f6a72c0d8fda1f483482c9fa42e03cb295,challenger-0.2.0,5c8bf3ec348a261ab2c0ce94bd8cc315f754a8dc991c15c20d0d961d06997984,49fadb583b0dee0ba78c242826cb3e521cee0c4af2da837cfd5df18936598793,159ec87beb47e140832d992a80618f94b5cef5681c9d11c24e999ce1cad03b10,c8df716c912e3f6e3b11d508f2988b51a9d4b5a7,d4b87e91-991a-4aa9-bfef-bc8de675e276,613b8cd3a5fab58f7be4e3fd6f76223e,2026_03_CAR_CLE,2026,3,2026-09-27T17:00:00Z,spreads,HOME,2026-09-23T13:00:24.484171Z,2026-09-23T13:00:21.551276Z,2026-09-22T18:51:43.097248Z,3ecdbfbaf3290a1d0f9b9aee517e61634d37a7bdde41367b8b77ffdf6363f311,5af7d50c961c28b30de4c58104f4fbcd9bdb6cb3c70944ab44c215599101599c,2026-09-23T13:00:20Z,-3.0,-117,104,0.5237886235955056,1.029366585343815,-2.8666666666666663,,INCOMPARABLE_POINTS,3,1.3758251033898943,0.0,-3.0,0.5301845667464653,0.5237886235955056,0.4807396314989832,0.08218771878055696,0.43707264972045984,MODELED_DEVELOPMENT_MARGIN_SHADOW_ONLY,SHADOW_ELIGIBLE,PASS,EXPERIMENTAL_SHADOW_NO_STAKES;SHADOW_ELIGIBLE,local:challenger+the-odds-api,2026-09-23T13:00:24.484171Z,2026-09-23T13:00:20Z,1.1.0,01deb24c7d19bdf6eea8861da7d6a9e855976ced0b071b9d6668c3a78aa858dd
32b75d67f260e4613a29adb9b58c9917a9b3920a13171898fdf7462ca9164b31,challenger-0.2.0,5c8bf3ec348a261ab2c0ce94bd8cc315f754a8dc991c15c20d0d961d06997984,49fadb583b0dee0ba78c242826cb3e521cee0c4af2da837cfd5df18936598793,159ec87beb47e140832d992a80618f94b5cef5681c9d11c24e999ce1cad03b10,dffe8acdbd3e011d12e5e45e08331fd300f3b67f,d842d1fe-0de3-48ea-8341-bb9cfc6a6383,613b8cd3a5fab58f7be4e3fd6f76223e,2026_03_CAR_CLE,2026,3,2026-09-27T17:00:00Z,spreads,HOME,2026-09-24T16:00:25.607332Z,2026-09-24T16:00:22.454081Z,2026-09-22T18:51:43.097248Z,3ecdbfbaf3290a1d0f9b9aee517e61634d37a7bdde41367b8b77ffdf6363f311,5af7d50c961c28b30de4c58104f4fbcd9bdb6cb3c70944ab44c215599101599c,2026-09-24T16:00:17Z,-2.5,103,-116,0.47842650837246387,1.0296478744754607,-2.6333333333333337,,INCOMPARABLE_POINTS,3,0.8758251033898943,0.0,-2.5,0.48689161885684834,0.47842650837246387,0.4781496940439662,0.0005785932084729191,0.5212717127475609,MODELED_DEVELOPMENT_MARGIN_SHADOW_ONLY,SHADOW_ELIGIBLE,PASS,EXPERIMENTAL_SHADOW_NO_STAKES;SHADOW_ELIGIBLE,local:challenger+the-odds-api,2026-09-24T16:00:25.607332Z,2026-09-24T16:00:17Z,1.1.0,0be9d47c9147900f520053fe1e365937a6edaa65613563b8a0400f8452d53563
608cf9bd7b7b50d62187ef83f73196f0b29c063423ce74b409488ce30073fd1e,1.1.2,6590a4bbb77802175afa4c406de831d596569cbf2e1f596de7df0910f43e8fd5,e51f21289a5f63ada7c1746ad6385412db3f6a4e7fc3ba4e33e43fbdb6e9bf14,241bade8665d15f1855e8ed5cb5a8f8bc3dbb5e66c87d76b45ab5d76f1caa9f7,dffe8acdbd3e011d12e5e45e08331fd300f3b67f,d842d1fe-0de3-48ea-8341-bb9cfc6a6383,613b8cd3a5fab58f7be4e3fd6f76223e,2026_03_CAR_CLE,2026,3,2026-09-27T17:00:00Z,spreads,HOME,2026-09-24T16:00:22.882475Z,2026-09-24T16:00:22.454081Z,2026-09-22T18:51:43.097248Z,bb86d96ac8c5a37027060695827d4ca64ef6cc1d2ef5b5808941c85556f173d5,34fcafc02578e5841a3c21aebd51d0197fef755d768a84ae3857eccb977bab2b,2026-09-24T16:00:17Z,-2.5,103,-116,0.47842650837246387,1.0296478744754607,-2.6333333333333337,,INCOMPARABLE_POINTS,3,-0.5587275948488466,0.0,-2.5,0.49228045165888856,0.4893212527975112,0.4888096735103024,0.001045487569330002,0.5101448389203675,UNAVAILABLE_FOR_BETTING,DIAGNOSTIC_EARLY_SNAPSHOT,PASS,MODEL_LOCKED_UNTESTED_2026;UNCERTAINTY_UNAVAILABLE_FOR_BETTING;DIAGNOSTIC_EARLY_SNAPSHOT,local:v11-prospective-observer,2026-09-24T16:00:22.882475Z,2026-09-24T16:00:17Z,1.1.0,bc12232aea7631ae5ac6724681eab260ae4a4717db750766c15a62f30ede0c9a
4c5770f7b8b485c6b29c5102a736dbff9342dc521d52c0ecc0273010ffb3fcb8,challenger-0.2.0,5c8bf3ec348a261ab2c0ce94bd8cc315f754a8dc991c15c20d0d961d06997984,49fadb583b0dee0ba78c242826cb3e521cee0c4af2da837cfd5df18936598793,159ec87beb47e140832d992a80618f94b5cef5681c9d11c24e999ce1cad03b10,dffe8acdbd3e011d12e5e45e08331fd300f3b67f,b7f8819c-86a9-428f-bb46-debf3999015c,613b8cd3a5fab58f7be4e3fd6f76223e,2026_03_CAR_CLE,2026,3,2026-09-27T17:00:00Z,spreads,HOME,2026-09-25T21:00:31.801654Z,2026-09-25T21:00:28.639096Z,2026-09-22T18:51:43.097248Z,3ecdbfbaf3290a1d0f9b9aee517e61634d37a7bdde41367b8b77ffdf6363f311,5af7d50c961c28b30de4c58104f4fbcd9bdb6cb3c70944ab44c215599101599c,2026-09-25T20:59:58Z,-2.5,101,-114,0.4829173624588166,1.0302227181847772,-2.5,0.4849586441442081,VALID,3,0.8758251033898943,0.0,-2.5,0.48689161885684834,0.4829173624588166,0.4826379497526443,0.0005785932084729191,0.5167834570388828,MODELED_DEVELOPMENT_MARGIN_SHADOW_ONLY,SHADOW_ELIGIBLE,PASS,EXPERIMENTAL_SHADOW_NO_STAKES;SHADOW_ELIGIBLE,local:challenger+the-odds-api,2026-09-25T21:00:31.801654Z,2026-09-25T20:59:58Z,1.1.0,b9f303f198cf465de029c709985be03787e22d75546feb829a5eed60c1635f3f
c9640274771dbc891e8b004599956120a1b34fc0c3583efe9b6fab89c8c5dd68,1.1.2,6590a4bbb77802175afa4c406de831d596569cbf2e1f596de7df0910f43e8fd5,e51f21289a5f63ada7c1746ad6385412db3f6a4e7fc3ba4e33e43fbdb6e9bf14,241bade8665d15f1855e8ed5cb5a8f8bc3dbb5e66c87d76b45ab5d76f1caa9f7,dffe8acdbd3e011d12e5e45e08331fd300f3b67f,b7f8819c-86a9-428f-bb46-debf3999015c,613b8cd3a5fab58f7be4e3fd6f76223e,2026_03_CAR_CLE,2026,3,2026-09-27T17:00:00Z,spreads,HOME,2026-09-25T21:00:29.089372Z,2026-09-25T21:00:28.639096Z,2026-09-22T18:51:43.097248Z,bb86d96ac8c5a37027060695827d4ca64ef6cc1d2ef5b5808941c85556f173d5,34fcafc02578e5841a3c21aebd51d0197fef755d768a84ae3857eccb977bab2b,2026-09-25T20:59:58Z,-2.5,101,-114,0.4829173624588166,1.0302227181847772,-2.5,0.4849586441442081,VALID,3,-0.5587275948488466,0.0,-2.5,0.49228045165888856,0.4893212527975112,0.4888096735103024,0.001045487569330002,0.5101448389203675,UNAVAILABLE_FOR_BETTING,DIAGNOSTIC_EARLY_SNAPSHOT,PASS,MODEL_LOCKED_UNTESTED_2026;UNCERTAINTY_UNAVAILABLE_FOR_BETTING;DIAGNOSTIC_EARLY_SNAPSHOT,local:v11-prospective-observer,2026-09-25T21:00:29.089372Z,2026-09-25T20:59:58Z,1.1.0,1941ab27232c0f97725e29a7d0886e49610a22d5780c68984a87e007726bb591
af633f5d3ffd4be7f78da983a718c943b4205e198470791e1737ce4395fc55b6,challenger-0.2.0,5c8bf3ec348a261ab2c0ce94bd8cc315f754a8dc991c15c20d0d961d06997984,49fadb583b0dee0ba78c242826cb3e521cee0c4af2da837cfd5df18936598793,159ec87beb47e140832d992a80618f94b5cef5681c9d11c24e999ce1cad03b10,dffe8acdbd3e011d12e5e45e08331fd300f3b67f,8b8b5771-d3ca-480c-9980-dac450e82c42,613b8cd3a5fab58f7be4e3fd6f76223e,2026_03_CAR_CLE,2026,3,2026-09-27T17:00:00Z,spreads,HOME,2026-09-26T13:00:30.675609Z,2026-09-26T13:00:27.208512Z,2026-09-22T18:51:43.097248Z,3ecdbfbaf3290a1d0f9b9aee517e61634d37a7bdde41367b8b77ffdf6363f311,5af7d50c961c28b30de4c58104f4fbcd9bdb6cb3c70944ab44c215599101599c,2026-09-26T13:00:05Z,-2.5,-114,101,0.5170826375411832,1.0302227181847772,-2.5,0.5099649363572303,VALID,3,0.8758251033898943,0.0,-2.5,0.48689161885684834,0.5170826375411832,0.5167834570388826,0.0005785932084729191,0.48263794975264446,MODELED_DEVELOPMENT_MARGIN_SHADOW_ONLY,SHADOW_ELIGIBLE,PASS,EXPERIMENTAL_SHADOW_NO_STAKES;SHADOW_ELIGIBLE,local:challenger+the-odds-api,2026-09-26T13:00:30.675609Z,2026-09-26T13:00:05Z,1.1.0,1259e2c09b6373da8bd8e0e2031a5f8fde641cdc9dc77e655b9ef2fd58446c9c
ba5294363dc3843dc8e2dda33529023c55ad981ca26a870b53b6e5f7d1db114c,1.1.2,6590a4bbb77802175afa4c406de831d596569cbf2e1f596de7df0910f43e8fd5,e51f21289a5f63ada7c1746ad6385412db3f6a4e7fc3ba4e33e43fbdb6e9bf14,241bade8665d15f1855e8ed5cb5a8f8bc3dbb5e66c87d76b45ab5d76f1caa9f7,dffe8acdbd3e011d12e5e45e08331fd300f3b67f,8b8b5771-d3ca-480c-9980-dac450e82c42,613b8cd3a5fab58f7be4e3fd6f76223e,2026_03_CAR_CLE,2026,3,2026-09-27T17:00:00Z,spreads,HOME,2026-09-26T13:00:27.689180Z,2026-09-26T13:00:27.208512Z,2026-09-22T18:51:43.097248Z,bb86d96ac8c5a37027060695827d4ca64ef6cc1d2ef5b5808941c85556f173d5,34fcafc02578e5841a3c21aebd51d0197fef755d768a84ae3857eccb977bab2b,2026-09-26T13:00:05Z,-2.5,-114,101,0.5170826375411832,1.0302227181847772,-2.5,0.5099649363572303,VALID,3,-0.5587275948488466,0.0,-2.5,0.49228045165888856,0.4893212527975112,0.4888096735103024,0.001045487569330002,0.5101448389203675,UNAVAILABLE_FOR_BETTING,DIAGNOSTIC_EARLY_SNAPSHOT,PASS,MODEL_LOCKED_UNTESTED_2026;UNCERTAINTY_UNAVAILABLE_FOR_BETTING;DIAGNOSTIC_EARLY_SNAPSHOT,local:v11-prospective-observer,2026-09-26T13:00:27.689180Z,2026-09-26T13:00:05Z,1.1.0,2190c145612bc1f8d671b296223bc3e60320619f9a69bf756117428151ce6fd7
9905a641486a05ff47e3cd328bf5d5a2080d2bf3f2e43b0197bbb0828e4f6c3a,1.1.2,6590a4bbb77802175afa4c406de831d596569cbf2e1f596de7df0910f43e8fd5,e51f21289a5f63ada7c1746ad6385412db3f6a4e7fc3ba4e33e43fbdb6e9bf14,241bade8665d15f1855e8ed5cb5a8f8bc3dbb5e66c87d76b45ab5d76f1caa9f7,dffe8acdbd3e011d12e5e45e08331fd300f3b67f,d2d710b1-c436-4180-8c43-56a6e84b5e0f,613b8cd3a5fab58f7be4e3fd6f76223e,2026_03_CAR_CLE,2026,3,2026-09-27T17:00:00Z,spreads,HOME,2026-09-26T21:00:26.360329Z,2026-09-26T21:00:25.892304Z,2026-09-22T18:51:43.097248Z,bb86d96ac8c5a37027060695827d4ca64ef6cc1d2ef5b5808941c85556f173d5,34fcafc02578e5841a3c21aebd51d0197fef755d768a84ae3857eccb977bab2b,2026-09-26T20:59:56Z,-2.5,-116,103,0.5215734916275362,1.0296478744754607,-2.5,0.5135213955191842,VALID,3,-0.5587275948488466,0.0,-2.5,0.49228045165888856,0.4893212527975112,0.4888096735103024,0.001045487569330002,0.5101448389203675,UNAVAILABLE_FOR_BETTING,DIAGNOSTIC_EARLY_SNAPSHOT,PASS,MODEL_LOCKED_UNTESTED_2026;UNCERTAINTY_UNAVAILABLE_FOR_BETTING;DIAGNOSTIC_EARLY_SNAPSHOT,local:v11-prospective-observer,2026-09-26T21:00:26.360329Z,2026-09-26T20:59:56Z,1.1.0,006807f9c1847d74cfab165b2e472759c266cb1626bc16929d0c110a3b511717
c796b17de50ce5189274578a77d609c679be326c142bbef73ff1a2d1507cfeac,challenger-0.2.0,5c8bf3ec348a261ab2c0ce94bd8cc315f754a8dc991c15c20d0d961d06997984,49fadb583b0dee0ba78c242826cb3e521cee0c4af2da837cfd5df18936598793,159ec87beb47e140832d992a80618f94b5cef5681c9d11c24e999ce1cad03b10,dffe8acdbd3e011d12e5e45e08331fd300f3b67f,d2d710b1-c436-4180-8c43-56a6e84b5e0f,613b8cd3a5fab58f7be4e3fd6f76223e,2026_03_CAR_CLE,2026,3,2026-09-27T17:00:00Z,spreads,HOME,2026-09-26T21:00:29.199963Z,2026-09-26T21:00:25.892304Z,2026-09-22T18:51:43.097248Z,3ecdbfbaf3290a1d0f9b9aee517e61634d37a7bdde41367b8b77ffdf6363f311,5af7d50c961c28b30de4c58104f4fbcd9bdb6cb3c70944ab44c215599101599c,2026-09-26T20:59:56Z,-2.5,-116,103,0.5215734916275362,1.0296478744754607,-2.5,0.5135213955191842,VALID,3,0.8758251033898943,0.0,-2.5,0.48689161885684834,0.5215734916275362,0.521271712747561,0.0005785932084729191,0.4781496940439661,MODELED_DEVELOPMENT_MARGIN_SHADOW_ONLY,SHADOW_ELIGIBLE,PASS,EXPERIMENTAL_SHADOW_NO_STAKES;SHADOW_ELIGIBLE,local:challenger+the-odds-api,2026-09-26T21:00:29.199963Z,2026-09-26T20:59:56Z,1.1.0,d9b838d9d29b74044789468637e2ba4ec3e7cbc88a8eb545255262aaf2438b71
ce21a1e926eb0d5b596cbfaa5f4769fe15a7f7e03db0b41f1332041f5f289ec8,1.1.2,6590a4bbb77802175afa4c406de831d596569cbf2e1f596de7df0910f43e8fd5,e51f21289a5f63ada7c1746ad6385412db3f6a4e7fc3ba4e33e43fbdb6e9bf14,241bade8665d15f1855e8ed5cb5a8f8bc3dbb5e66c87d76b45ab5d76f1caa9f7,dffe8acdbd3e011d12e5e45e08331fd300f3b67f,214053eb-5084-4022-8817-4ddbbf933e60,613b8cd3a5fab58f7be4e3fd6f76223e,2026_03_CAR_CLE,2026,3,2026-09-27T17:00:00Z,spreads,HOME,2026-09-27T03:00:57.907341Z,2026-09-27T03:00:57.384540Z,2026-09-22T18:51:43.097248Z,bb86d96ac8c5a37027060695827d4ca64ef6cc1d2ef5b5808941c85556f173d5,34fcafc02578e5841a3c21aebd51d0197fef755d768a84ae3857eccb977bab2b,2026-09-27T03:00:51Z,-2.5,-119,106,0.5281596070151247,1.0288158886376735,-2.2333333333333334,,INCOMPARABLE_POINTS,3,-0.5587275948488466,0.0,-2.5,0.49228045165888856,0.4893212527975112,0.4888096735103024,0.001045487569330002,0.5101448389203675,UNAVAILABLE_FOR_BETTING,DIAGNOSTIC_EARLY_SNAPSHOT,PASS,MODEL_LOCKED_UNTESTED_2026;UNCERTAINTY_UNAVAILABLE_FOR_BETTING;DIAGNOSTIC_EARLY_SNAPSHOT,local:v11-prospective-observer,2026-09-27T03:00:57.907341Z,2026-09-27T03:00:51Z,1.1.0,4307655af82435a9a57f7132375455247bffc47bc42193ffb809f5eb22fb8720
fc17b61d6c4ebf69b121f788279cfa0ca2a760645e8bfe57e44a6d433e6106a0,challenger-0.2.0,5c8bf3ec348a261ab2c0ce94bd8cc315f754a8dc991c15c20d0d961d06997984,49fadb583b0dee0ba78c242826cb3e521cee0c4af2da837cfd5df18936598793,159ec87beb47e140832d992a80618f94b5cef5681c9d11c24e999ce1cad03b10,dffe8acdbd3e011d12e5e45e08331fd300f3b67f,214053eb-5084-4022-8817-4ddbbf933e60,613b8cd3a5fab58f7be4e3fd6f76223e,2026_03_CAR_CLE,2026,3,2026-09-27T17:00:00Z,spreads,HOME,2026-09-27T03:01:00.857309Z,2026-09-27T03:00:57.384540Z,2026-09-22T18:51:43.097248Z,3ecdbfbaf3290a1d0f9b9aee517e61634d37a7bdde41367b8b77ffdf6363f311,5af7d50c961c28b30de4c58104f4fbcd9bdb6cb3c70944ab44c215599101599c,2026-09-27T03:00:51Z,-2.5,-119,106,0.5281596070151247,1.0288158886376735,-2.2333333333333334,,INCOMPARABLE_POINTS,3,0.8758251033898943,0.0,-2.5,0.48689161885684834,0.5281596070151247,0.527854017453516,0.0005785932084729191,0.4715673893380111,MODELED_DEVELOPMENT_MARGIN_SHADOW_ONLY,SHADOW_ELIGIBLE,PASS,EXPERIMENTAL_SHADOW_NO_STAKES;SHADOW_ELIGIBLE,local:challenger+the-odds-api,2026-09-27T03:01:00.857309Z,2026-09-27T03:00:51Z,1.1.0,d8ff1c45c08dbcfad1479f040282a134ced1cd1edbcfe86d92c1c9658c33184b
a95a025430e389a03e7394eab5f62e1ac84458123f7cd09492df3d42a6493ed0,challenger-0.2.0,5c8bf3ec348a261ab2c0ce94bd8cc315f754a8dc991c15c20d0d961d06997984,49fadb583b0dee0ba78c242826cb3e521cee0c4af2da837cfd5df18936598793,159ec87beb47e140832d992a80618f94b5cef5681c9d11c24e999ce1cad03b10,b143eda428696625817bd7042b4cf3a453477386,e1878b61-7760-4e06-9ca0-bec5e38d131c,613b8cd3a5fab58f7be4e3fd6f76223e,2026_03_CAR_CLE,2026,3,2026-09-27T17:00:00Z,spreads,HOME,2026-09-27T12:45:25.295673Z,2026-09-27T12:45:22.019645Z,2026-09-22T18:51:43.097248Z,3ecdbfbaf3290a1d0f9b9aee517e61634d37a7bdde41367b8b77ffdf6363f311,5af7d50c961c28b30de4c58104f4fbcd9bdb6cb3c70944ab44c215599101599c,2026-09-27T12:45:16Z,-1.5,101,-111,0.48605192232383504,1.0235787885218457,-1.6333333333333333,,INCOMPARABLE_POINTS,3,-0.12417489661010572,0.0,-1.5,0.48689161885684834,0.48605192232383504,0.4857706959826133,0.0005785932084729191,0.5136507108089138,MODELED_DEVELOPMENT_MARGIN_SHADOW_ONLY,SHADOW_ELIGIBLE,PASS,EXPERIMENTAL_SHADOW_NO_STAKES;SHADOW_ELIGIBLE,local:challenger+the-odds-api,2026-09-27T12:45:25.295673Z,2026-09-27T12:45:16Z,1.1.0,c0b9ba5e455e08683e10030635f865bb5e3bb72c5ca1ac8d1568640cf7be552d
f6c370c45a0615a6ded25fa1f0a7008b9df6f1787e1d12ab65815736a1870892,1.1.2,6590a4bbb77802175afa4c406de831d596569cbf2e1f596de7df0910f43e8fd5,e51f21289a5f63ada7c1746ad6385412db3f6a4e7fc3ba4e33e43fbdb6e9bf14,241bade8665d15f1855e8ed5cb5a8f8bc3dbb5e66c87d76b45ab5d76f1caa9f7,b143eda428696625817bd7042b4cf3a453477386,e1878b61-7760-4e06-9ca0-bec5e38d131c,613b8cd3a5fab58f7be4e3fd6f76223e,2026_03_CAR_CLE,2026,3,2026-09-27T17:00:00Z,spreads,HOME,2026-09-27T12:45:22.508290Z,2026-09-27T12:45:22.019645Z,2026-09-22T18:51:43.097248Z,bb86d96ac8c5a37027060695827d4ca64ef6cc1d2ef5b5808941c85556f173d5,34fcafc02578e5841a3c21aebd51d0197fef755d768a84ae3857eccb977bab2b,2026-09-27T12:45:16Z,-1.5,101,-111,0.48605192232383504,1.0235787885218457,-1.6333333333333333,,INCOMPARABLE_POINTS,3,-0.5587275948488466,0.0,-1.5,0.49228045165888856,0.4893212527975112,0.4888096735103024,0.001045487569330002,0.5101448389203675,UNAVAILABLE_FOR_BETTING,DIAGNOSTIC_EARLY_SNAPSHOT,PASS,MODEL_LOCKED_UNTESTED_2026;UNCERTAINTY_UNAVAILABLE_FOR_BETTING;DIAGNOSTIC_EARLY_SNAPSHOT,local:v11-prospective-observer,2026-09-27T12:45:22.508290Z,2026-09-27T12:45:16Z,1.1.0,d2ee25646ffc45a9fe056a758484540b15973fa09c724486ceba61f7f135adbb
d17b2cd1bfedc4b8143c45b62c0d88dd8a92456ddeef4d68b2d50711544962af,1.1.2,6590a4bbb77802175afa4c406de831d596569cbf2e1f596de7df0910f43e8fd5,e51f21289a5f63ada7c1746ad6385412db3f6a4e7fc3ba4e33e43fbdb6e9bf14,241bade8665d15f1855e8ed5cb5a8f8bc3dbb5e66c87d76b45ab5d76f1caa9f7,c8df716c912e3f6e3b11d508f2988b51a9d4b5a7,d4b87e91-991a-4aa9-bfef-bc8de675e276,613b8cd3a5fab58f7be4e3fd6f76223e,2026_03_CAR_CLE,2026,3,2026-09-27T17:00:00Z,totals,OVER,2026-09-23T13:00:21.951453Z,2026-09-23T13:00:21.551276Z,2026-09-22T18:51:43.097248Z,bb86d96ac8c5a37027060695827d4ca64ef6cc1d2ef5b5808941c85556f173d5,34fcafc02578e5841a3c21aebd51d0197fef755d768a84ae3857eccb977bab2b,2026-09-23T13:00:20Z,42.0,-110,-104,0.5067750677506776,1.0336134453781511,42.13333333333333,,INCOMPARABLE_POINTS,3,1.8682858495929213,0.1161508759454473,42.217003037946704,0.493548642360873,0.4999072943570805,0.4999072943570805,0.0,0.5000927056429195,UNAVAILABLE_FOR_BETTING,DIAGNOSTIC_EARLY_SNAPSHOT,PASS,MODEL_LOCKED_UNTESTED_2026;UNCERTAINTY_UNAVAILABLE_FOR_BETTING;DIAGNOSTIC_EARLY_SNAPSHOT,local:v11-prospective-observer,2026-09-23T13:00:21.951453Z,2026-09-23T13:00:20Z,1.1.0,06728fbda650d8db5bf41e6abd8ca91623ee510bbbb56fe92984814cdf02e185
fefa8c2bfa068d9ff3ca40f5fd98414700e6e0d4808044388ca66c2011996866,challenger-0.2.0,5c8bf3ec348a261ab2c0ce94bd8cc315f754a8dc991c15c20d0d961d06997984,49fadb583b0dee0ba78c242826cb3e521cee0c4af2da837cfd5df18936598793,159ec87beb47e140832d992a80618f94b5cef5681c9d11c24e999ce1cad03b10,c8df716c912e3f6e3b11d508f2988b51a9d4b5a7,d4b87e91-991a-4aa9-bfef-bc8de675e276,613b8cd3a5fab58f7be4e3fd6f76223e,2026_03_CAR_CLE,2026,3,2026-09-27T17:00:00Z,totals,OVER,2026-09-23T13:00:24.484171Z,2026-09-23T13:00:21.551276Z,2026-09-22T18:51:43.097248Z,3ecdbfbaf3290a1d0f9b9aee517e61634d37a7bdde41367b8b77ffdf6363f311,5af7d50c961c28b30de4c58104f4fbcd9bdb6cb3c70944ab44c215599101599c,2026-09-23T13:00:20Z,42.0,-110,-104,0.5067750677506776,1.0336134453781511,42.13333333333333,,INCOMPARABLE_POINTS,3,-0.4060120454237932,0.0,42.0,0.4942364359118773,0.5067750677506776,0.5036719051448436,0.006123352949479904,0.49020474190567653,MODELED_DEVELOPMENT_MARGIN_SHADOW_ONLY,SHADOW_ELIGIBLE,PASS,EXPERIMENTAL_SHADOW_NO_STAKES;SHADOW_ELIGIBLE,local:challenger+the-odds-api,2026-09-23T13:00:24.484171Z,2026-09-23T13:00:20Z,1.1.0,9be51798faa45a4d843a62134d039f170dd7407e24eb1a85273b2880dba8a86c
08da8684005a20c2c114fd80747ae79201f6d59a9808cc48333873246c425cce,1.1.2,6590a4bbb77802175afa4c406de831d596569cbf2e1f596de7df0910f43e8fd5,e51f21289a5f63ada7c1746ad6385412db3f6a4e7fc3ba4e33e43fbdb6e9bf14,241bade8665d15f1855e8ed5cb5a8f8bc3dbb5e66c87d76b45ab5d76f1caa9f7,dffe8acdbd3e011d12e5e45e08331fd300f3b67f,d842d1fe-0de3-48ea-8341-bb9cfc6a6383,613b8cd3a5fab58f7be4e3fd6f76223e,2026_03_CAR_CLE,2026,3,2026-09-27T17:00:00Z,totals,OVER,2026-09-24T16:00:22.882475Z,2026-09-24T16:00:22.454081Z,2026-09-22T18:51:43.097248Z,bb86d96ac8c5a37027060695827d4ca64ef6cc1d2ef5b5808941c85556f173d5,34fcafc02578e5841a3c21aebd51d0197fef755d768a84ae3857eccb977bab2b,2026-09-24T16:00:17Z,42.0,-110,-104,0.5067750677506776,1.0336134453781511,42.0,,INCOMPARABLE_POINTS,3,1.8682858495929213,0.1161508759454473,42.217003037946704,0.493548642360873,0.4999072943570805,0.4999072943570805,0.0,0.5000927056429195,UNAVAILABLE_FOR_BETTING,DIAGNOSTIC_EARLY_SNAPSHOT,PASS,MODEL_LOCKED_UNTESTED_2026;UNCERTAINTY_UNAVAILABLE_FOR_BETTING;DIAGNOSTIC_EARLY_SNAPSHOT,local:v11-prospective-observer,2026-09-24T16:00:22.882475Z,2026-09-24T16:00:17Z,1.1.0,efaae7b5275ccc92ed6a8ac1975db58ed290b70b54c4ba41f38307830d5c5442
308558d31ac17177a03fedaa72dfe090b3b357808778b11cdaa7300b8bdf22f5,challenger-0.2.0,5c8bf3ec348a261ab2c0ce94bd8cc315f754a8dc991c15c20d0d961d06997984,49fadb583b0dee0ba78c242826cb3e521cee0c4af2da837cfd5df18936598793,159ec87beb47e140832d992a80618f94b5cef5681c9d11c24e999ce1cad03b10,dffe8acdbd3e011d12e5e45e08331fd300f3b67f,d842d1fe-0de3-48ea-8341-bb9cfc6a6383,613b8cd3a5fab58f7be4e3fd6f76223e,2026_03_CAR_CLE,2026,3,2026-09-27T17:00:00Z,totals,OVER,2026-09-24T16:00:25.607332Z,2026-09-24T16:00:22.454081Z,2026-09-22T18:51:43.097248Z,3ecdbfbaf3290a1d0f9b9aee517e61634d37a7bdde41367b8b77ffdf6363f311,5af7d50c961c28b30de4c58104f4fbcd9bdb6cb3c70944ab44c215599101599c,2026-09-24T16:00:17Z,42.0,-110,-104,0.5067750677506776,1.0336134453781511,42.0,,INCOMPARABLE_POINTS,3,-0.4060120454237932,0.0,42.0,0.4942364359118773,0.5067750677506776,0.5036719051448436,0.006123352949479904,0.49020474190567653,MODELED_DEVELOPMENT_MARGIN_SHADOW_ONLY,SHADOW_ELIGIBLE,PASS,EXPERIMENTAL_SHADOW_NO_STAKES;SHADOW_ELIGIBLE,local:challenger+the-odds-api,2026-09-24T16:00:25.607332Z,2026-09-24T16:00:17Z,1.1.0,0ed752ba30e363d95e02997086d16ca5a63b6e1558610d3b73a5deda2d582dcc
03994a1fa9863ca897e6cb272195e133fa6a8d80d0bd9cacc327b0f71b989f4d,challenger-0.2.0,5c8bf3ec348a261ab2c0ce94bd8cc315f754a8dc991c15c20d0d961d06997984,49fadb583b0dee0ba78c242826cb3e521cee0c4af2da837cfd5df18936598793,159ec87beb47e140832d992a80618f94b5cef5681c9d11c24e999ce1cad03b10,dffe8acdbd3e011d12e5e45e08331fd300f3b67f,b7f8819c-86a9-428f-bb46-debf3999015c,613b8cd3a5fab58f7be4e3fd6f76223e,2026_03_CAR_CLE,2026,3,2026-09-27T17:00:00Z,totals,OVER,2026-09-25T21:00:31.801654Z,2026-09-25T21:00:28.639096Z,2026-09-22T18:51:43.097248Z,3ecdbfbaf3290a1d0f9b9aee517e61634d37a7bdde41367b8b77ffdf6363f311,5af7d50c961c28b30de4c58104f4fbcd9bdb6cb3c70944ab44c215599101599c,2026-09-25T20:59:58Z,42.0,-110,-104,0.5067750677506776,1.0336134453781511,42.06666666666666,,INCOMPARABLE_POINTS,3,-0.4060120454237932,0.0,42.0,0.4942364359118773,0.5067750677506776,0.5036719051448436,0.006123352949479904,0.49020474190567653,MODELED_DEVELOPMENT_MARGIN_SHADOW_ONLY,SHADOW_ELIGIBLE,PASS,EXPERIMENTAL_SHADOW_NO_STAKES;SHADOW_ELIGIBLE,local:challenger+the-odds-api,2026-09-25T21:00:31.801654Z,2026-09-25T20:59:58Z,1.1.0,4b57f515f7ad9a4924b2f7f358b059e7271f071c8aac6ccba66a037c0c5d5c6a
ead0a6dc2726f86e0d32c99db98693403db7409681ed5474b047c1a0ab9b93ee,1.1.2,6590a4bbb77802175afa4c406de831d596569cbf2e1f596de7df0910f43e8fd5,e51f21289a5f63ada7c1746ad6385412db3f6a4e7fc3ba4e33e43fbdb6e9bf14,241bade8665d15f1855e8ed5cb5a8f8bc3dbb5e66c87d76b45ab5d76f1caa9f7,dffe8acdbd3e011d12e5e45e08331fd300f3b67f,b7f8819c-86a9-428f-bb46-debf3999015c,613b8cd3a5fab58f7be4e3fd6f76223e,2026_03_CAR_CLE,2026,3,2026-09-27T17:00:00Z,totals,OVER,2026-09-25T21:00:29.089372Z,2026-09-25T21:00:28.639096Z,2026-09-22T18:51:43.097248Z,bb86d96ac8c5a37027060695827d4ca64ef6cc1d2ef5b5808941c85556f173d5,34fcafc02578e5841a3c21aebd51d0197fef755d768a84ae3857eccb977bab2b,2026-09-25T20:59:58Z,42.0,-110,-104,0.5067750677506776,1.0336134453781511,42.06666666666666,,INCOMPARABLE_POINTS,3,1.8682858495929213,0.1161508759454473,42.217003037946704,0.493548642360873,0.4999072943570805,0.4999072943570805,0.0,0.5000927056429195,UNAVAILABLE_FOR_BETTING,DIAGNOSTIC_EARLY_SNAPSHOT,PASS,MODEL_LOCKED_UNTESTED_2026;UNCERTAINTY_UNAVAILABLE_FOR_BETTING;DIAGNOSTIC_EARLY_SNAPSHOT,local:v11-prospective-observer,2026-09-25T21:00:29.089372Z,2026-09-25T20:59:58Z,1.1.0,c0aacd58b71c40a230820492fc4834b822479baaf5470875605f124925eb6b87
86869e8bbdf871fe43a441648cb0883fec2dafeb65f4b7e0dc69d74dab61c956,challenger-0.2.0,5c8bf3ec348a261ab2c0ce94bd8cc315f754a8dc991c15c20d0d961d06997984,49fadb583b0dee0ba78c242826cb3e521cee0c4af2da837cfd5df18936598793,159ec87beb47e140832d992a80618f94b5cef5681c9d11c24e999ce1cad03b10,dffe8acdbd3e011d12e5e45e08331fd300f3b67f,8b8b5771-d3ca-480c-9980-dac450e82c42,613b8cd3a5fab58f7be4e3fd6f76223e,2026_03_CAR_CLE,2026,3,2026-09-27T17:00:00Z,totals,OVER,2026-09-26T13:00:30.675609Z,2026-09-26T13:00:27.208512Z,2026-09-22T18:51:43.097248Z,3ecdbfbaf3290a1d0f9b9aee517e61634d37a7bdde41367b8b77ffdf6363f311,5af7d50c961c28b30de4c58104f4fbcd9bdb6cb3c70944ab44c215599101599c,2026-09-26T13:00:05Z,42.0,-110,-104,0.5067750677506776,1.0336134453781511,42.06666666666666,,INCOMPARABLE_POINTS,3,-0.4060120454237932,0.0,42.0,0.4942364359118773,0.5067750677506776,0.5036719051448436,0.006123352949479904,0.49020474190567653,MODELED_DEVELOPMENT_MARGIN_SHADOW_ONLY,SHADOW_ELIGIBLE,PASS,EXPERIMENTAL_SHADOW_NO_STAKES;SHADOW_ELIGIBLE,local:challenger+the-odds-api,2026-09-26T13:00:30.675609Z,2026-09-26T13:00:05Z,1.1.0,e3cd0c1f73e8e6a36aa8040ed25fe0aa9668287db7ca7651acfdd18ccfd83087
ccd314b06f6d7e977a6742f40409a97a3bcfd893b34e54c145c27eb55ead7795,1.1.2,6590a4bbb77802175afa4c406de831d596569cbf2e1f596de7df0910f43e8fd5,e51f21289a5f63ada7c1746ad6385412db3f6a4e7fc3ba4e33e43fbdb6e9bf14,241bade8665d15f1855e8ed5cb5a8f8bc3dbb5e66c87d76b45ab5d76f1caa9f7,dffe8acdbd3e011d12e5e45e08331fd300f3b67f,8b8b5771-d3ca-480c-9980-dac450e82c42,613b8cd3a5fab58f7be4e3fd6f76223e,2026_03_CAR_CLE,2026,3,2026-09-27T17:00:00Z,totals,OVER,2026-09-26T13:00:27.689180Z,2026-09-26T13:00:27.208512Z,2026-09-22T18:51:43.097248Z,bb86d96ac8c5a37027060695827d4ca64ef6cc1d2ef5b5808941c85556f173d5,34fcafc02578e5841a3c21aebd51d0197fef755d768a84ae3857eccb977bab2b,2026-09-26T13:00:05Z,42.0,-110,-104,0.5067750677506776,1.0336134453781511,42.06666666666666,,INCOMPARABLE_POINTS,3,1.8682858495929213,0.1161508759454473,42.217003037946704,0.493548642360873,0.4999072943570805,0.4999072943570805,0.0,0.5000927056429195,UNAVAILABLE_FOR_BETTING,DIAGNOSTIC_EARLY_SNAPSHOT,PASS,MODEL_LOCKED_UNTESTED_2026;UNCERTAINTY_UNAVAILABLE_FOR_BETTING;DIAGNOSTIC_EARLY_SNAPSHOT,local:v11-prospective-observer,2026-09-26T13:00:27.689180Z,2026-09-26T13:00:05Z,1.1.0,0b4c546114bb8958fb9fa76b2bd471a1d4a88d988a6c715387441f237800b917
2aff6a940686a6835e7ed76494f6be502f195f15b1b879d304d692199ee30306,1.1.2,6590a4bbb77802175afa4c406de831d596569cbf2e1f596de7df0910f43e8fd5,e51f21289a5f63ada7c1746ad6385412db3f6a4e7fc3ba4e33e43fbdb6e9bf14,241bade8665d15f1855e8ed5cb5a8f8bc3dbb5e66c87d76b45ab5d76f1caa9f7,dffe8acdbd3e011d12e5e45e08331fd300f3b67f,d2d710b1-c436-4180-8c43-56a6e84b5e0f,613b8cd3a5fab58f7be4e3fd6f76223e,2026_03_CAR_CLE,2026,3,2026-09-27T17:00:00Z,totals,OVER,2026-09-26T21:00:26.360329Z,2026-09-26T21:00:25.892304Z,2026-09-22T18:51:43.097248Z,bb86d96ac8c5a37027060695827d4ca64ef6cc1d2ef5b5808941c85556f173d5,34fcafc02578e5841a3c21aebd51d0197fef755d768a84ae3857eccb977bab2b,2026-09-26T20:59:56Z,42.0,-110,-104,0.5067750677506776,1.0336134453781511,42.0,,INCOMPARABLE_POINTS,3,1.8682858495929213,0.1161508759454473,42.217003037946704,0.493548642360873,0.4999072943570805,0.4999072943570805,0.0,0.5000927056429195,UNAVAILABLE_FOR_BETTING,DIAGNOSTIC_EARLY_SNAPSHOT,PASS,MODEL_LOCKED_UNTESTED_2026;UNCERTAINTY_UNAVAILABLE_FOR_BETTING;DIAGNOSTIC_EARLY_SNAPSHOT,local:v11-prospective-observer,2026-09-26T21:00:26.360329Z,2026-09-26T20:59:56Z,1.1.0,882b89b93e0642725ad860fbadf038d2f938c285d6ab7d46e3f81bef976ad5bf
a58b732169cb823e0b17af058ce4c02fb5f16330553785615217eba1d53f4fbc,challenger-0.2.0,5c8bf3ec348a261ab2c0ce94bd8cc315f754a8dc991c15c20d0d961d06997984,49fadb583b0dee0ba78c242826cb3e521cee0c4af2da837cfd5df18936598793,159ec87beb47e140832d992a80618f94b5cef5681c9d11c24e999ce1cad03b10,dffe8acdbd3e011d12e5e45e08331fd300f3b67f,d2d710b1-c436-4180-8c43-56a6e84b5e0f,613b8cd3a5fab58f7be4e3fd6f76223e,2026_03_CAR_CLE,2026,3,2026-09-27T17:00:00Z,totals,OVER,2026-09-26T21:00:29.199963Z,2026-09-26T21:00:25.892304Z,2026-09-22T18:51:43.097248Z,3ecdbfbaf3290a1d0f9b9aee517e61634d37a7bdde41367b8b77ffdf6363f311,5af7d50c961c28b30de4c58104f4fbcd9bdb6cb3c70944ab44c215599101599c,2026-09-26T20:59:56Z,42.0,-110,-104,0.5067750677506776,1.0336134453781511,42.0,,INCOMPARABLE_POINTS,3,-0.4060120454237932,0.0,42.0,0.4942364359118773,0.5067750677506776,0.5036719051448436,0.006123352949479904,0.49020474190567653,MODELED_DEVELOPMENT_MARGIN_SHADOW_ONLY,SHADOW_ELIGIBLE,PASS,EXPERIMENTAL_SHADOW_NO_STAKES;SHADOW_ELIGIBLE,local:challenger+the-odds-api,2026-09-26T21:00:29.199963Z,2026-09-26T20:59:56Z,1.1.0,fa03db99dd5d9679703c138a8af8a9efc1951a618c4bacd539af5c379e069ae8
297830b267ca2eda0786ae9f8c52aee8befb90dbe597223903901cf11d382278,1.1.2,6590a4bbb77802175afa4c406de831d596569cbf2e1f596de7df0910f43e8fd5,e51f21289a5f63ada7c1746ad6385412db3f6a4e7fc3ba4e33e43fbdb6e9bf14,241bade8665d15f1855e8ed5cb5a8f8bc3dbb5e66c87d76b45ab5d76f1caa9f7,dffe8acdbd3e011d12e5e45e08331fd300f3b67f,214053eb-5084-4022-8817-4ddbbf933e60,613b8cd3a5fab58f7be4e3fd6f76223e,2026_03_CAR_CLE,2026,3,2026-09-27T17:00:00Z,totals,OVER,2026-09-27T03:00:57.907341Z,2026-09-27T03:00:57.384540Z,2026-09-22T18:51:43.097248Z,bb86d96ac8c5a37027060695827d4ca64ef6cc1d2ef5b5808941c85556f173d5,34fcafc02578e5841a3c21aebd51d0197fef755d768a84ae3857eccb977bab2b,2026-09-27T03:00:51Z,42.0,-110,-104,0.5067750677506776,1.0336134453781511,42.06666666666666,,INCOMPARABLE_POINTS,3,1.8682858495929213,0.1161508759454473,42.217003037946704,0.493548642360873,0.4999072943570805,0.4999072943570805,0.0,0.5000927056429195,UNAVAILABLE_FOR_BETTING,DIAGNOSTIC_EARLY_SNAPSHOT,PASS,MODEL_LOCKED_UNTESTED_2026;UNCERTAINTY_UNAVAILABLE_FOR_BETTING;DIAGNOSTIC_EARLY_SNAPSHOT,local:v11-prospective-observer,2026-09-27T03:00:57.907341Z,2026-09-27T03:00:51Z,1.1.0,e1fb94739994429fd014ca578d540a516976337dc0e5bba757eec7504633914f
d173a0695e81a8461faffc66d487db91049088a4ce80ab4d83adf6769f6eda5c,challenger-0.2.0,5c8bf3ec348a261ab2c0ce94bd8cc315f754a8dc991c15c20d0d961d06997984,49fadb583b0dee0ba78c242826cb3e521cee0c4af2da837cfd5df18936598793,159ec87beb47e140832d992a80618f94b5cef5681c9d11c24e999ce1cad03b10,dffe8acdbd3e011d12e5e45e08331fd300f3b67f,214053eb-5084-4022-8817-4ddbbf933e60,613b8cd3a5fab58f7be4e3fd6f76223e,2026_03_CAR_CLE,2026,3,2026-09-27T17:00:00Z,totals,OVER,2026-09-27T03:01:00.857309Z,2026-09-27T03:00:57.384540Z,2026-09-22T18:51:43.097248Z,3ecdbfbaf3290a1d0f9b9aee517e61634d37a7bdde41367b8b77ffdf6363f311,5af7d50c961c28b30de4c58104f4fbcd9bdb6cb3c70944ab44c215599101599c,2026-09-27T03:00:51Z,42.0,-110,-104,0.5067750677506776,1.0336134453781511,42.06666666666666,,INCOMPARABLE_POINTS,3,-0.4060120454237932,0.0,42.0,0.4942364359118773,0.5067750677506776,0.5036719051448436,0.006123352949479904,0.49020474190567653,MODELED_DEVELOPMENT_MARGIN_SHADOW_ONLY,SHADOW_ELIGIBLE,PASS,EXPERIMENTAL_SHADOW_NO_STAKES;SHADOW_ELIGIBLE,local:challenger+the-odds-api,2026-09-27T03:01:00.857309Z,2026-09-27T03:00:51Z,1.1.0,398d1525c397f50a1ef32e55d350d7179f521853fc0d9db7d522a6672471c376
86ccd31f5159eef298174ba604ebb28d2252dedc98289625d990d98b71539079,challenger-0.2.0,5c8bf3ec348a261ab2c0ce94bd8cc315f754a8dc991c15c20d0d961d06997984,49fadb583b0dee0ba78c242826cb3e521cee0c4af2da837cfd5df18936598793,159ec87beb47e140832d992a80618f94b5cef5681c9d11c24e999ce1cad03b10,b143eda428696625817bd7042b4cf3a453477386,e1878b61-7760-4e06-9ca0-bec5e38d131c,613b8cd3a5fab58f7be4e3fd6f76223e,2026_03_CAR_CLE,2026,3,2026-09-27T17:00:00Z,totals,OVER,2026-09-27T12:45:25.295673Z,2026-09-27T12:45:22.019645Z,2026-09-22T18:51:43.097248Z,3ecdbfbaf3290a1d0f9b9aee517e61634d37a7bdde41367b8b77ffdf6363f311,5af7d50c961c28b30de4c58104f4fbcd9bdb6cb3c70944ab44c215599101599c,2026-09-27T12:45:16Z,42.0,-104,-108,0.49541956760718214,1.0290346907993966,41.86666666666667,,INCOMPARABLE_POINTS,3,-0.4060120454237932,0.0,42.0,0.4942364359118773,0.49541956760718214,0.49238593873664466,0.006123352949479904,0.5014907083138754,MODELED_DEVELOPMENT_MARGIN_SHADOW_ONLY,SHADOW_ELIGIBLE,PASS,EXPERIMENTAL_SHADOW_NO_STAKES;SHADOW_ELIGIBLE,local:challenger+the-odds-api,2026-09-27T12:45:25.295673Z,2026-09-27T12:45:16Z,1.1.0,1784ab2f5c7fc074b0576f1f8ee624fe7ab26391f7f458c02aef2ce231c915b3
fc52736c41bc5e03c4e008c16b92161fe0c4e925e2240733d0e0f929d9c968d0,1.1.2,6590a4bbb77802175afa4c406de831d596569cbf2e1f596de7df0910f43e8fd5,e51f21289a5f63ada7c1746ad6385412db3f6a4e7fc3ba4e33e43fbdb6e9bf14,241bade8665d15f1855e8ed5cb5a8f8bc3dbb5e66c87d76b45ab5d76f1caa9f7,b143eda428696625817bd7042b4cf3a453477386,e1878b61-7760-4e06-9ca0-bec5e38d131c,613b8cd3a5fab58f7be4e3fd6f76223e,2026_03_CAR_CLE,2026,3,2026-09-27T17:00:00Z,totals,OVER,2026-09-27T12:45:22.508290Z,2026-09-27T12:45:22.019645Z,2026-09-22T18:51:43.097248Z,bb86d96ac8c5a37027060695827d4ca64ef6cc1d2ef5b5808941c85556f173d5,34fcafc02578e5841a3c21aebd51d0197fef755d768a84ae3857eccb977bab2b,2026-09-27T12:45:16Z,42.0,-104,-108,0.49541956760718214,1.0290346907993966,41.86666666666667,,INCOMPARABLE_POINTS,3,1.8682858495929213,0.1161508759454473,42.217003037946704,0.493548642360873,0.4999072943570805,0.4999072943570805,0.0,0.5000927056429195,UNAVAILABLE_FOR_BETTING,DIAGNOSTIC_EARLY_SNAPSHOT,PASS,MODEL_LOCKED_UNTESTED_2026;UNCERTAINTY_UNAVAILABLE_FOR_BETTING;DIAGNOSTIC_EARLY_SNAPSHOT,local:v11-prospective-observer,2026-09-27T12:45:22.508290Z,2026-09-27T12:45:16Z,1.1.0,4a9fe6d99e81d15b9a6997de8c325a3540cbfab269898a88c0206a9433f053f6
b752f86219f66bf59ddf4cb333e42f674860a8027e68b9d50a226bcb769e47b1,challenger-0.2.0,5c8bf3ec348a261ab2c0ce94bd8cc315f754a8dc991c15c20d0d961d06997984,49fadb583b0dee0ba78c242826cb3e521cee0c4af2da837cfd5df18936598793,159ec87beb47e140832d992a80618f94b5cef5681c9d11c24e999ce1cad03b10,c8df716c912e3f6e3b11d508f2988b51a9d4b5a7,d4b87e91-991a-4aa9-bfef-bc8de675e276,71123be049587b6facce3a20c53e5d09,2026_03_CIN_PIT,2026,3,2026-09-27T17:00:00Z,spreads,HOME,2026-09-23T13:00:24.484171Z,2026-09-23T13:00:21.551276Z,2026-09-22T18:51:43.097248Z,3ecdbfbaf3290a1d0f9b9aee517e61634d37a7bdde41367b8b77ffdf6363f311,48573966df113a076bdb838f790ed7ebc5ad604eb1f8a9efe85f74a71820f753,2026-09-23T13:00:20Z,-3.5,-109,-103,0.506872222476749,1.0289202630400451,-3.5,0.5029634148286826,VALID,3,2.843762545460564,0.0,-3.5,0.5880380190023922,0.506872222476749,0.5055362037108772,0.0026358097891883946,0.4918279864999345,MODELED_DEVELOPMENT_MARGIN_SHADOW_ONLY,SHADOW_ELIGIBLE,PASS,EXPERIMENTAL_SHADOW_NO_STAKES;SHADOW_ELIGIBLE,local:challenger+the-odds-api,2026-09-23T13:00:24.484171Z,2026-09-23T13:00:20Z,1.1.0,b3dd58aba6285c844ec2b00d7c70265f8e51672fe4d542eca47d5042d854de82
f3d8d64655a371c55cd5ac7b99b0823a3881b295f306e34db64ef64323bdea1d,1.1.2,6590a4bbb77802175afa4c406de831d596569cbf2e1f596de7df0910f43e8fd5,e51f21289a5f63ada7c1746ad6385412db3f6a4e7fc3ba4e33e43fbdb6e9bf14,241bade8665d15f1855e8ed5cb5a8f8bc3dbb5e66c87d76b45ab5d76f1caa9f7,c8df716c912e3f6e3b11d508f2988b51a9d4b5a7,d4b87e91-991a-4aa9-bfef-bc8de675e276,71123be049587b6facce3a20c53e5d09,2026_03_CIN_PIT,2026,3,2026-09-27T17:00:00Z,spreads,HOME,2026-09-23T13:00:21.951453Z,2026-09-23T13:00:21.551276Z,2026-09-22T18:51:43.097248Z,bb86d96ac8c5a37027060695827d4ca64ef6cc1d2ef5b5808941c85556f173d5,a1d35ee0ebed8dc29bcf1324e4f4867b2915f08c0675c2c7ee2c08a721241004,2026-09-23T13:00:20Z,-3.5,-109,-103,0.506872222476749,1.0289202630400451,-3.5,0.5029634148286826,VALID,3,-0.8205198311347205,0.0,-3.5,0.5723847356389261,0.5014327422075912,0.5003210864338616,0.002216958886321089,0.4974619546798172,UNAVAILABLE_FOR_BETTING,DIAGNOSTIC_EARLY_SNAPSHOT,PASS,MODEL_LOCKED_UNTESTED_2026;UNCERTAINTY_UNAVAILABLE_FOR_BETTING;DIAGNOSTIC_EARLY_SNAPSHOT,local:v11-prospective-observer,2026-09-23T13:00:21.951453Z,2026-09-23T13:00:20Z,1.1.0,68c94ee45d363f890e58af22b37d8ba395917c8bfaf694862c0cbda3fb8eb82e
38c139bafb587bf1be1c9f4b04a2593c801e870fee4c28f996b3cf0b6bdad60e,challenger-0.2.0,5c8bf3ec348a261ab2c0ce94bd8cc315f754a8dc991c15c20d0d961d06997984,49fadb583b0dee0ba78c242826cb3e521cee0c4af2da837cfd5df18936598793,159ec87beb47e140832d992a80618f94b5cef5681c9d11c24e999ce1cad03b10,dffe8acdbd3e011d12e5e45e08331fd300f3b67f,d842d1fe-0de3-48ea-8341-bb9cfc6a6383,71123be049587b6facce3a20c53e5d09,2026_03_CIN_PIT,2026,3,2026-09-27T17:00:00Z,spreads,HOME,2026-09-24T16:00:25.607332Z,2026-09-24T16:00:22.454081Z,2026-09-22T18:51:43.097248Z,3ecdbfbaf3290a1d0f9b9aee517e61634d37a7bdde41367b8b77ffdf6363f311,48573966df113a076bdb838f790ed7ebc5ad604eb1f8a9efe85f74a71820f753,2026-09-24T16:00:17Z,-3.5,-109,-103,0.506872222476749,1.0289202630400451,-3.5,0.5035487235790483,VALID,3,2.843762545460564,0.0,-3.5,0.5880380190023922,0.506872222476749,0.5055362037108772,0.0026358097891883946,0.4918279864999345,MODELED_DEVELOPMENT_MARGIN_SHADOW_ONLY,SHADOW_ELIGIBLE,PASS,EXPERIMENTAL_SHADOW_NO_STAKES;SHADOW_ELIGIBLE,local:challenger+the-odds-api,2026-09-24T16:00:25.607332Z,2026-09-24T16:00:17Z,1.1.0,2470e7f0625f2de93e44f7596c71f7439aeca1d02a9a8fbefa6706bafca0e0b7
d3bbcd8f150eb5c889ed6fcca1be3bbe5721bba24510c35e6f9830f663615e0c,1.1.2,6590a4bbb77802175afa4c406de831d596569cbf2e1f596de7df0910f43e8fd5,e51f21289a5f63ada7c1746ad6385412db3f6a4e7fc3ba4e33e43fbdb6e9bf14,241bade8665d15f1855e8ed5cb5a8f8bc3dbb5e66c87d76b45ab5d76f1caa9f7,dffe8acdbd3e011d12e5e45e08331fd300f3b67f,d842d1fe-0de3-48ea-8341-bb9cfc6a6383,71123be049587b6facce3a20c53e5d09,2026_03_CIN_PIT,2026,3,2026-09-27T17:00:00Z,spreads,HOME,2026-09-24T16:00:22.882475Z,2026-09-24T16:00:22.454081Z,2026-09-22T18:51:43.097248Z,bb86d96ac8c5a37027060695827d4ca64ef6cc1d2ef5b5808941c85556f173d5,a1d35ee0ebed8dc29bcf1324e4f4867b2915f08c0675c2c7ee2c08a721241004,2026-09-24T16:00:17Z,-3.5,-109,-103,0.506872222476749,1.0289202630400451,-3.5,0.5035487235790483,VALID,3,-0.8205198311347205,0.0,-3.5,0.5723847356389261,0.5014327422075912,0.5003210864338616,0.002216958886321089,0.4974619546798172,UNAVAILABLE_FOR_BETTING,DIAGNOSTIC_EARLY_SNAPSHOT,PASS,MODEL_LOCKED_UNTESTED_2026;UNCERTAINTY_UNAVAILABLE_FOR_BETTING;DIAGNOSTIC_EARLY_SNAPSHOT,local:v11-prospective-observer,2026-09-24T16:00:22.882475Z,2026-09-24T16:00:17Z,1.1.0,95c28e5f291fcd85bd1994500bad250c8775d00b4db7db53ae3a12d75194f280
666e197e3c747798d336be05ad7d8ca9471f4669e5076c9ada962cbb074da931,1.1.2,6590a4bbb77802175afa4c406de831d596569cbf2e1f596de7df0910f43e8fd5,e51f21289a5f63ada7c1746ad6385412db3f6a4e7fc3ba4e33e43fbdb6e9bf14,241bade8665d15f1855e8ed5cb5a8f8bc3dbb5e66c87d76b45ab5d76f1caa9f7,dffe8acdbd3e011d12e5e45e08331fd300f3b67f,b7f8819c-86a9-428f-bb46-debf3999015c,71123be049587b6facce3a20c53e5d09,2026_03_CIN_PIT,2026,3,2026-09-27T17:00:00Z,spreads,HOME,2026-09-25T21:00:29.089372Z,2026-09-25T21:00:28.639096Z,2026-09-22T18:51:43.097248Z,bb86d96ac8c5a37027060695827d4ca64ef6cc1d2ef5b5808941c85556f173d5,a1d35ee0ebed8dc29bcf1324e4f4867b2915f08c0675c2c7ee2c08a721241004,2026-09-25T20:59:58Z,-3.5,-117,104,0.5237886235955056,1.029366585343815,-3.5,0.5158824664440319,VALID,3,-0.8205198311347205,0.0,-3.5,0.5723847356389261,0.5014327422075912,0.5003210864338616,0.002216958886321089,0.4974619546798172,UNAVAILABLE_FOR_BETTING,DIAGNOSTIC_EARLY_SNAPSHOT,PASS,MODEL_LOCKED_UNTESTED_2026;UNCERTAINTY_UNAVAILABLE_FOR_BETTING;DIAGNOSTIC_EARLY_SNAPSHOT,local:v11-prospective-observer,2026-09-25T21:00:29.089372Z,2026-09-25T20:59:58Z,1.1.0,c34462e14fd386295d25d62640d82b06192b2aeb2e3f0b3ac0cd2dc09c820664
d8f61f5b9e2602284ce9c338e7ba1f672e0663c08a81c09c386f78076b9e6429,challenger-0.2.0,5c8bf3ec348a261ab2c0ce94bd8cc315f754a8dc991c15c20d0d961d06997984,49fadb583b0dee0ba78c242826cb3e521cee0c4af2da837cfd5df18936598793,159ec87beb47e140832d992a80618f94b5cef5681c9d11c24e999ce1cad03b10,dffe8acdbd3e011d12e5e45e08331fd300f3b67f,b7f8819c-86a9-428f-bb46-debf3999015c,71123be049587b6facce3a20c53e5d09,2026_03_CIN_PIT,2026,3,2026-09-27T17:00:00Z,spreads,HOME,2026-09-25T21:00:31.801654Z,2026-09-25T21:00:28.639096Z,2026-09-22T18:51:43.097248Z,3ecdbfbaf3290a1d0f9b9aee517e61634d37a7bdde41367b8b77ffdf6363f311,48573966df113a076bdb838f790ed7ebc5ad604eb1f8a9efe85f74a71820f753,2026-09-25T20:59:58Z,-3.5,-117,104,0.5237886235955056,1.029366585343815,-3.5,0.5158824664440319,VALID,3,2.843762545460564,0.0,-3.5,0.5880380190023922,0.5237886235955056,0.5224080164139671,0.0026358097891883946,0.4749561737968445,MODELED_DEVELOPMENT_MARGIN_SHADOW_ONLY,SHADOW_ELIGIBLE,PASS,EXPERIMENTAL_SHADOW_NO_STAKES;SHADOW_ELIGIBLE,local:challenger+the-odds-api,2026-09-25T21:00:31.801654Z,2026-09-25T20:59:58Z,1.1.0,d911b199765154076e33d519b56876f2e93c966cf1b7158cad1f7f42bb4a7656
6a68cd8f670a7b6c3b239b7d8b41fb7578754f6826def2c7b889d8eef01512a6,challenger-0.2.0,5c8bf3ec348a261ab2c0ce94bd8cc315f754a8dc991c15c20d0d961d06997984,49fadb583b0dee0ba78c242826cb3e521cee0c4af2da837cfd5df18936598793,159ec87beb47e140832d992a80618f94b5cef5681c9d11c24e999ce1cad03b10,dffe8acdbd3e011d12e5e45e08331fd300f3b67f,8b8b5771-d3ca-480c-9980-dac450e82c42,71123be049587b6facce3a20c53e5d09,2026_03_CIN_PIT,2026,3,2026-09-27T17:00:00Z,spreads,HOME,2026-09-26T13:00:30.675609Z,2026-09-26T13:00:27.208512Z,2026-09-22T18:51:43.097248Z,3ecdbfbaf3290a1d0f9b9aee517e61634d37a7bdde41367b8b77ffdf6363f311,48573966df113a076bdb838f790ed7ebc5ad604eb1f8a9efe85f74a71820f753,2026-09-26T13:00:05Z,-3.5,-114,101,0.5170826375411832,1.0302227181847772,-3.5,0.5138555660088827,VALID,3,2.843762545460564,0.0,-3.5,0.5880380190023922,0.5170826375411832,0.5157197060633328,0.0026358097891883946,0.4816444841474788,MODELED_DEVELOPMENT_MARGIN_SHADOW_ONLY,SHADOW_ELIGIBLE,PASS,EXPERIMENTAL_SHADOW_NO_STAKES;SHADOW_ELIGIBLE,local:challenger+the-odds-api,2026-09-26T13:00:30.675609Z,2026-09-26T13:00:05Z,1.1.0,27e8e6ac3e363bbd6219569a8f2c2bebc6da6af56243d6fe87fc11ff57bf72dc
f3e1b39cf91f09d713f1761b10e792d94dcbf8262e7070d54b52c9dcc71223e1,1.1.2,6590a4bbb77802175afa4c406de831d596569cbf2e1f596de7df0910f43e8fd5,e51f21289a5f63ada7c1746ad6385412db3f6a4e7fc3ba4e33e43fbdb6e9bf14,241bade8665d15f1855e8ed5cb5a8f8bc3dbb5e66c87d76b45ab5d76f1caa9f7,dffe8acdbd3e011d12e5e45e08331fd300f3b67f,8b8b5771-d3ca-480c-9980-dac450e82c42,71123be049587b6facce3a20c53e5d09,2026_03_CIN_PIT,2026,3,2026-09-27T17:00:00Z,spreads,HOME,2026-09-26T13:00:27.689180Z,2026-09-26T13:00:27.208512Z,2026-09-22T18:51:43.097248Z,bb86d96ac8c5a37027060695827d4ca64ef6cc1d2ef5b5808941c85556f173d5,a1d35ee0ebed8dc29bcf1324e4f4867b2915f08c0675c2c7ee2c08a721241004,2026-09-26T13:00:05Z,-3.5,-114,101,0.5170826375411832,1.0302227181847772,-3.5,0.5138555660088827,VALID,3,-0.8205198311347205,0.0,-3.5,0.5723847356389261,0.5014327422075912,0.5003210864338616,0.002216958886321089,0.4974619546798172,UNAVAILABLE_FOR_BETTING,DIAGNOSTIC_EARLY_SNAPSHOT,PASS,MODEL_LOCKED_UNTESTED_2026;UNCERTAINTY_UNAVAILABLE_FOR_BETTING;DIAGNOSTIC_EARLY_SNAPSHOT,local:v11-prospective-observer,2026-09-26T13:00:27.689180Z,2026-09-26T13:00:05Z,1.1.0,df252e12ba07251d2a16a814cdbf84e87f5594c4de3a4b06453aafcffdc0979d
43f37f8ff2dc00d3b61940114a3693bcf34b7759f2341a9b092c63bcd5949924,challenger-0.2.0,5c8bf3ec348a261ab2c0ce94bd8cc315f754a8dc991c15c20d0d961d06997984,49fadb583b0dee0ba78c242826cb3e521cee0c4af2da837cfd5df18936598793,159ec87beb47e140832d992a80618f94b5cef5681c9d11c24e999ce1cad03b10,dffe8acdbd3e011d12e5e45e08331fd300f3b67f,d2d710b1-c436-4180-8c43-56a6e84b5e0f,71123be049587b6facce3a20c53e5d09,2026_03_CIN_PIT,2026,3,2026-09-27T17:00:00Z,spreads,HOME,2026-09-26T21:00:29.199963Z,2026-09-26T21:00:25.892304Z,2026-09-22T18:51:43.097248Z,3ecdbfbaf3290a1d0f9b9aee517e61634d37a7bdde41367b8b77ffdf6363f311,48573966df113a076bdb838f790ed7ebc5ad604eb1f8a9efe85f74a71820f753,2026-09-26T20:59:57Z,-3.5,-115,102,0.5193382517326179,1.0299332258807277,-3.5,0.5152089345237436,VALID,3,2.843762545460564,0.0,-3.5,0.5880380190023922,0.5193382517326179,0.5179693748848011,0.0026358097891883946,0.47939481532601047,MODELED_DEVELOPMENT_MARGIN_SHADOW_ONLY,SHADOW_ELIGIBLE,PASS,EXPERIMENTAL_SHADOW_NO_STAKES;SHADOW_ELIGIBLE,local:challenger+the-odds-api,2026-09-26T21:00:29.199963Z,2026-09-26T20:59:57Z,1.1.0,178a11a5852d4736f368ce4482ef10fe1ad534f85913cb21eec758f1add61bb6
e9810cadeb9e25ed59e68918959ab5e6f5f8139d0c3f8280d34380706061ab23,1.1.2,6590a4bbb77802175afa4c406de831d596569cbf2e1f596de7df0910f43e8fd5,e51f21289a5f63ada7c1746ad6385412db3f6a4e7fc3ba4e33e43fbdb6e9bf14,241bade8665d15f1855e8ed5cb5a8f8bc3dbb5e66c87d76b45ab5d76f1caa9f7,dffe8acdbd3e011d12e5e45e08331fd300f3b67f,d2d710b1-c436-4180-8c43-56a6e84b5e0f,71123be049587b6facce3a20c53e5d09,2026_03_CIN_PIT,2026,3,2026-09-27T17:00:00Z,spreads,HOME,2026-09-26T21:00:26.360329Z,2026-09-26T21:00:25.892304Z,2026-09-22T18:51:43.097248Z,bb86d96ac8c5a37027060695827d4ca64ef6cc1d2ef5b5808941c85556f173d5,a1d35ee0ebed8dc29bcf1324e4f4867b2915f08c0675c2c7ee2c08a721241004,2026-09-26T20:59:57Z,-3.5,-115,102,0.5193382517326179,1.0299332258807277,-3.5,0.5152089345237436,VALID,3,-0.8205198311347205,0.0,-3.5,0.5723847356389261,0.5014327422075912,0.5003210864338616,0.002216958886321089,0.4974619546798172,UNAVAILABLE_FOR_BETTING,DIAGNOSTIC_EARLY_SNAPSHOT,PASS,MODEL_LOCKED_UNTESTED_2026;UNCERTAINTY_UNAVAILABLE_FOR_BETTING;DIAGNOSTIC_EARLY_SNAPSHOT,local:v11-prospective-observer,2026-09-26T21:00:26.360329Z,2026-09-26T20:59:57Z,1.1.0,8e4e2a88bf54c7e6a6f07248da369cae175a9f0959cab6f0213b2f61dc7f99f0
330ab9c0a7990777cb1d61abf405eddd9008b2bcd8b31c96464f2c01a38a263b,1.1.2,6590a4bbb77802175afa4c406de831d596569cbf2e1f596de7df0910f43e8fd5,e51f21289a5f63ada7c1746ad6385412db3f6a4e7fc3ba4e33e43fbdb6e9bf14,241bade8665d15f1855e8ed5cb5a8f8bc3dbb5e66c87d76b45ab5d76f1caa9f7,dffe8acdbd3e011d12e5e45e08331fd300f3b67f,214053eb-5084-4022-8817-4ddbbf933e60,71123be049587b6facce3a20c53e5d09,2026_03_CIN_PIT,2026,3,2026-09-27T17:00:00Z,spreads,HOME,2026-09-27T03:00:57.907341Z,2026-09-27T03:00:57.384540Z,2026-09-22T18:51:43.097248Z,bb86d96ac8c5a37027060695827d4ca64ef6cc1d2ef5b5808941c85556f173d5,a1d35ee0ebed8dc29bcf1324e4f4867b2915f08c0675c2c7ee2c08a721241004,2026-09-27T03:00:51Z,-3.5,-118,105,0.5259839095455533,1.0290892817185053,-3.5,0.5184569918426216,VALID,3,-0.8205198311347205,0.0,-3.5,0.5723847356389261,0.5014327422075912,0.5003210864338616,0.002216958886321089,0.4974619546798172,UNAVAILABLE_FOR_BETTING,DIAGNOSTIC_EARLY_SNAPSHOT,PASS,MODEL_LOCKED_UNTESTED_2026;UNCERTAINTY_UNAVAILABLE_FOR_BETTING;DIAGNOSTIC_EARLY_SNAPSHOT,local:v11-prospective-observer,2026-09-27T03:00:57.907341Z,2026-09-27T03:00:51Z,1.1.0,2d687a3f969d3d79a2ffaecee6218ec9a010446bdd457e36f7a416d5713fe544
769e0d7cfe6629c9539cd1fc68ecebfdcf47085c9a110df8c86c99854f983bd2,challenger-0.2.0,5c8bf3ec348a261ab2c0ce94bd8cc315f754a8dc991c15c20d0d961d06997984,49fadb583b0dee0ba78c242826cb3e521cee0c4af2da837cfd5df18936598793,159ec87beb47e140832d992a80618f94b5cef5681c9d11c24e999ce1cad03b10,dffe8acdbd3e011d12e5e45e08331fd300f3b67f,214053eb-5084-4022-8817-4ddbbf933e60,71123be049587b6facce3a20c53e5d09,2026_03_CIN_PIT,2026,3,2026-09-27T17:00:00Z,spreads,HOME,2026-09-27T03:01:00.857309Z,2026-09-27T03:00:57.384540Z,2026-09-22T18:51:43.097248Z,3ecdbfbaf3290a1d0f9b9aee517e61634d37a7bdde41367b8b77ffdf6363f311,48573966df113a076bdb838f790ed7ebc5ad604eb1f8a9efe85f74a71820f753,2026-09-27T03:00:51Z,-3.5,-118,105,0.5259839095455533,1.0290892817185053,-3.5,0.5184569918426216,VALID,3,2.843762545460564,0.0,-3.5,0.5880380190023922,0.5259839095455533,0.5245975160078176,0.0026358097891883946,0.47276667420299406,MODELED_DEVELOPMENT_MARGIN_SHADOW_ONLY,SHADOW_ELIGIBLE,PASS,EXPERIMENTAL_SHADOW_NO_STAKES;SHADOW_ELIGIBLE,local:challenger+the-odds-api,2026-09-27T03:01:00.857309Z,2026-09-27T03:00:51Z,1.1.0,ee867df40d9c73e6aeb59fa2ef81b61a184ccde9df29b0dc555f1bc9975ec8ac
3695636ef972fdc3623ec9a87f8cca428978b0358522a62d7f53516e93b4cc38,1.1.2,6590a4bbb77802175afa4c406de831d596569cbf2e1f596de7df0910f43e8fd5,e51f21289a5f63ada7c1746ad6385412db3f6a4e7fc3ba4e33e43fbdb6e9bf14,241bade8665d15f1855e8ed5cb5a8f8bc3dbb5e66c87d76b45ab5d76f1caa9f7,b143eda428696625817bd7042b4cf3a453477386,e1878b61-7760-4e06-9ca0-bec5e38d131c,71123be049587b6facce3a20c53e5d09,2026_03_CIN_PIT,2026,3,2026-09-27T17:00:00Z,spreads,HOME,2026-09-27T12:45:22.508290Z,2026-09-27T12:45:22.019645Z,2026-09-22T18:51:43.097248Z,bb86d96ac8c5a37027060695827d4ca64ef6cc1d2ef5b5808941c85556f173d5,a1d35ee0ebed8dc29bcf1324e4f4867b2915f08c0675c2c7ee2c08a721241004,2026-09-27T12:45:16Z,-3.0,-102,-108,0.4930284439486894,1.0241812642802741,-3.2,,INCOMPARABLE_POINTS,3,-0.8205198311347205,0.0,-3.0,0.530372745231012,0.49504906812277805,0.4590133874766894,0.07279213913629948,0.46819447338701115,UNAVAILABLE_FOR_BETTING,DIAGNOSTIC_EARLY_SNAPSHOT,PASS,MODEL_LOCKED_UNTESTED_2026;UNCERTAINTY_UNAVAILABLE_FOR_BETTING;DIAGNOSTIC_EARLY_SNAPSHOT,local:v11-prospective-observer,2026-09-27T12:45:22.508290Z,2026-09-27T12:45:16Z,1.1.0,b039be55aa3f0abb2a583051e9f9928901b008236b3ba038e6836d98f67ba649
d1e86c00b81f4a10c9303f9f89f03864a6e99eb6e01cf37080113840807c923d,challenger-0.2.0,5c8bf3ec348a261ab2c0ce94bd8cc315f754a8dc991c15c20d0d961d06997984,49fadb583b0dee0ba78c242826cb3e521cee0c4af2da837cfd5df18936598793,159ec87beb47e140832d992a80618f94b5cef5681c9d11c24e999ce1cad03b10,b143eda428696625817bd7042b4cf3a453477386,e1878b61-7760-4e06-9ca0-bec5e38d131c,71123be049587b6facce3a20c53e5d09,2026_03_CIN_PIT,2026,3,2026-09-27T17:00:00Z,spreads,HOME,2026-09-27T12:45:25.295673Z,2026-09-27T12:45:22.019645Z,2026-09-22T18:51:43.097248Z,3ecdbfbaf3290a1d0f9b9aee517e61634d37a7bdde41367b8b77ffdf6363f311,48573966df113a076bdb838f790ed7ebc5ad604eb1f8a9efe85f74a71820f753,2026-09-27T12:45:16Z,-3.0,-102,-108,0.4930284439486894,1.0241812642802741,-3.2,,INCOMPARABLE_POINTS,3,2.343762545460564,0.0,-3.0,0.5301845667464653,0.4930284439486894,0.4525075608466189,0.08218771878055696,0.4653047203728241,MODELED_DEVELOPMENT_MARGIN_SHADOW_ONLY,SHADOW_ELIGIBLE,PASS,EXPERIMENTAL_SHADOW_NO_STAKES;SHADOW_ELIGIBLE,local:challenger+the-odds-api,2026-09-27T12:45:25.295673Z,2026-09-27T12:45:16Z,1.1.0,f825c0190aabc17fd1be34fc5e133064da4d48170f3cd0a9229885b3fcaf009e
cbd5546786d4b04c559ed3cdce55c3893cc745e890b41fb058b391ee40eb35af,challenger-0.2.0,5c8bf3ec348a261ab2c0ce94bd8cc315f754a8dc991c15c20d0d961d06997984,49fadb583b0dee0ba78c242826cb3e521cee0c4af2da837cfd5df18936598793,159ec87beb47e140832d992a80618f94b5cef5681c9d11c24e999ce1cad03b10,c8df716c912e3f6e3b11d508f2988b51a9d4b5a7,d4b87e91-991a-4aa9-bfef-bc8de675e276,71123be049587b6facce3a20c53e5d09,2026_03_CIN_PIT,2026,3,2026-09-27T17:00:00Z,totals,OVER,2026-09-23T13:00:24.484171Z,2026-09-23T13:00:21.551276Z,2026-09-22T18:51:43.097248Z,3ecdbfbaf3290a1d0f9b9aee517e61634d37a7bdde41367b8b77ffdf6363f311,48573966df113a076bdb838f790ed7ebc5ad604eb1f8a9efe85f74a71820f753,2026-09-23T13:00:20Z,43.0,101,-116,0.4808976756612343,1.0345494748479824,42.8,,INCOMPARABLE_POINTS,3,-3.4052995315439247,0.0,43.0,0.4856689348927987,0.4808976756612343,0.4771898375725542,0.0077102433144053545,0.5150999191130404,MODELED_DEVELOPMENT_MARGIN_SHADOW_ONLY,SHADOW_ELIGIBLE,PASS,EXPERIMENTAL_SHADOW_NO_STAKES;SHADOW_ELIGIBLE,local:challenger+the-odds-api,2026-09-23T13:00:24.484171Z,2026-09-23T13:00:20Z,1.1.0,29d0b30ccff9b6f05775257600114cd629ce75fc245bc9aa28d630ed6a2b265b
d5c37d7fa7f434369c4d2384a6a20afab69fe162156e5513bcf78ba2a8ceba0e,1.1.2,6590a4bbb77802175afa4c406de831d596569cbf2e1f596de7df0910f43e8fd5,e51f21289a5f63ada7c1746ad6385412db3f6a4e7fc3ba4e33e43fbdb6e9bf14,241bade8665d15f1855e8ed5cb5a8f8bc3dbb5e66c87d76b45ab5d76f1caa9f7,c8df716c912e3f6e3b11d508f2988b51a9d4b5a7,d4b87e91-991a-4aa9-bfef-bc8de675e276,71123be049587b6facce3a20c53e5d09,2026_03_CIN_PIT,2026,3,2026-09-27T17:00:00Z,totals,OVER,2026-09-23T13:00:21.951453Z,2026-09-23T13:00:21.551276Z,2026-09-22T18:51:43.097248Z,bb86d96ac8c5a37027060695827d4ca64ef6cc1d2ef5b5808941c85556f173d5,a1d35ee0ebed8dc29bcf1324e4f4867b2915f08c0675c2c7ee2c08a721241004,2026-09-23T13:00:20Z,43.0,101,-116,0.4808976756612343,1.0345494748479824,42.8,,INCOMPARABLE_POINTS,3,0.6541572941928131,0.1161508759454473,43.0759809427266,0.4909947931229129,0.4948708359688912,0.4948708359688912,0.0,0.5051291640311089,UNAVAILABLE_FOR_BETTING,DIAGNOSTIC_EARLY_SNAPSHOT,PASS,MODEL_LOCKED_UNTESTED_2026;UNCERTAINTY_UNAVAILABLE_FOR_BETTING;DIAGNOSTIC_EARLY_SNAPSHOT,local:v11-prospective-observer,2026-09-23T13:00:21.951453Z,2026-09-23T13:00:20Z,1.1.0,8333f1bdf4904f4a371a48fc40af38ed1be91734e3177dbec4b657f4a0d5c8ed
31c8dd6d5723a5ecb8820e480f0f89f983fa1ec50a578970e9a8eb6b51b41df2,1.1.2,6590a4bbb77802175afa4c406de831d596569cbf2e1f596de7df0910f43e8fd5,e51f21289a5f63ada7c1746ad6385412db3f6a4e7fc3ba4e33e43fbdb6e9bf14,241bade8665d15f1855e8ed5cb5a8f8bc3dbb5e66c87d76b45ab5d76f1caa9f7,dffe8acdbd3e011d12e5e45e08331fd300f3b67f,d842d1fe-0de3-48ea-8341-bb9cfc6a6383,71123be049587b6facce3a20c53e5d09,2026_03_CIN_PIT,2026,3,2026-09-27T17:00:00Z,totals,OVER,2026-09-24T16:00:22.882475Z,2026-09-24T16:00:22.454081Z,2026-09-22T18:51:43.097248Z,bb86d96ac8c5a37027060695827d4ca64ef6cc1d2ef5b5808941c85556f173d5,a1d35ee0ebed8dc29bcf1324e4f4867b2915f08c0675c2c7ee2c08a721241004,2026-09-24T16:00:17Z,43.0,105,-120,0.47210300429184554,1.033259423503326,42.8,,INCOMPARABLE_POINTS,3,0.6541572941928131,0.1161508759454473,43.0759809427266,0.4909947931229129,0.4948708359688912,0.4948708359688912,0.0,0.5051291640311089,UNAVAILABLE_FOR_BETTING,DIAGNOSTIC_EARLY_SNAPSHOT,PASS,MODEL_LOCKED_UNTESTED_2026;UNCERTAINTY_UNAVAILABLE_FOR_BETTING;DIAGNOSTIC_EARLY_SNAPSHOT,local:v11-prospective-observer,2026-09-24T16:00:22.882475Z,2026-09-24T16:00:17Z,1.1.0,8807c0a8ddc9343f997abe812117d8d31f7bac9464ab0fa829cee77c92198351
eeeb5bcaca6fd5db2220ab3af5e41cb48bed20f3b05fa4dd4cf5d6e6a75cc249,challenger-0.2.0,5c8bf3ec348a261ab2c0ce94bd8cc315f754a8dc991c15c20d0d961d06997984,49fadb583b0dee0ba78c242826cb3e521cee0c4af2da837cfd5df18936598793,159ec87beb47e140832d992a80618f94b5cef5681c9d11c24e999ce1cad03b10,dffe8acdbd3e011d12e5e45e08331fd300f3b67f,d842d1fe-0de3-48ea-8341-bb9cfc6a6383,71123be049587b6facce3a20c53e5d09,2026_03_CIN_PIT,2026,3,2026-09-27T17:00:00Z,totals,OVER,2026-09-24T16:00:25.607332Z,2026-09-24T16:00:22.454081Z,2026-09-22T18:51:43.097248Z,3ecdbfbaf3290a1d0f9b9aee517e61634d37a7bdde41367b8b77ffdf6363f311,48573966df113a076bdb838f790ed7ebc5ad604eb1f8a9efe85f74a71820f753,2026-09-24T16:00:17Z,43.0,105,-120,0.47210300429184554,1.033259423503326,42.8,,INCOMPARABLE_POINTS,3,-3.4052995315439247,0.0,43.0,0.4856689348927987,0.47210300429184554,0.46846297525929365,0.0077102433144053545,0.523826781426301,MODELED_DEVELOPMENT_MARGIN_SHADOW_ONLY,SHADOW_ELIGIBLE,PASS,EXPERIMENTAL_SHADOW_NO_STAKES;SHADOW_ELIGIBLE,local:challenger+the-odds-api,2026-09-24T16:00:25.607332Z,2026-09-24T16:00:17Z,1.1.0,48756eb854faef4b7c020d591cf0d97fe90bec7e2c468d386ac67afdcf8dd5e5
0bf9a745bec3c625992aaf2920d1ac2a00f2a66c61bc2375e39a96d8222d2547,1.1.2,6590a4bbb77802175afa4c406de831d596569cbf2e1f596de7df0910f43e8fd5,e51f21289a5f63ada7c1746ad6385412db3f6a4e7fc3ba4e33e43fbdb6e9bf14,241bade8665d15f1855e8ed5cb5a8f8bc3dbb5e66c87d76b45ab5d76f1caa9f7,dffe8acdbd3e011d12e5e45e08331fd300f3b67f,b7f8819c-86a9-428f-bb46-debf3999015c,71123be049587b6facce3a20c53e5d09,2026_03_CIN_PIT,2026,3,2026-09-27T17:00:00Z,totals,OVER,2026-09-25T21:00:29.089372Z,2026-09-25T21:00:28.639096Z,2026-09-22T18:51:43.097248Z,bb86d96ac8c5a37027060695827d4ca64ef6cc1d2ef5b5808941c85556f173d5,a1d35ee0ebed8dc29bcf1324e4f4867b2915f08c0675c2c7ee2c08a721241004,2026-09-25T20:59:58Z,43.0,103,-118,0.47646107444157887,1.0338952411081483,42.733333333333334,,INCOMPARABLE_POINTS,3,0.6541572941928131,0.1161508759454473,43.0759809427266,0.4909947931229129,0.4948708359688912,0.4948708359688912,0.0,0.5051291640311089,UNAVAILABLE_FOR_BETTING,DIAGNOSTIC_EARLY_SNAPSHOT,PASS,MODEL_LOCKED_UNTESTED_2026;UNCERTAINTY_UNAVAILABLE_FOR_BETTING;DIAGNOSTIC_EARLY_SNAPSHOT,local:v11-prospective-observer,2026-09-25T21:00:29.089372Z,2026-09-25T20:59:58Z,1.1.0,63ce77f0d5269aaf9b952cef7716602cecfec7a1fffbf70bf959d64978497b16
d8e1f9e5ca293dcb250f6f5f27e60aca6fd7c7a999bc6db7148b262b93e206f8,challenger-0.2.0,5c8bf3ec348a261ab2c0ce94bd8cc315f754a8dc991c15c20d0d961d06997984,49fadb583b0dee0ba78c242826cb3e521cee0c4af2da837cfd5df18936598793,159ec87beb47e140832d992a80618f94b5cef5681c9d11c24e999ce1cad03b10,dffe8acdbd3e011d12e5e45e08331fd300f3b67f,b7f8819c-86a9-428f-bb46-debf3999015c,71123be049587b6facce3a20c53e5d09,2026_03_CIN_PIT,2026,3,2026-09-27T17:00:00Z,totals,OVER,2026-09-25T21:00:31.801654Z,2026-09-25T21:00:28.639096Z,2026-09-22T18:51:43.097248Z,3ecdbfbaf3290a1d0f9b9aee517e61634d37a7bdde41367b8b77ffdf6363f311,48573966df113a076bdb838f790ed7ebc5ad604eb1f8a9efe85f74a71820f753,2026-09-25T20:59:58Z,43.0,103,-118,0.47646107444157887,1.0338952411081483,42.733333333333334,,INCOMPARABLE_POINTS,3,-3.4052995315439247,0.0,43.0,0.4856689348927987,0.47646107444157887,0.4727874436277913,0.0077102433144053545,0.5195023130578033,MODELED_DEVELOPMENT_MARGIN_SHADOW_ONLY,SHADOW_ELIGIBLE,PASS,EXPERIMENTAL_SHADOW_NO_STAKES;SHADOW_ELIGIBLE,local:challenger+the-odds-api,2026-09-25T21:00:31.801654Z,2026-09-25T20:59:58Z,1.1.0,e036e33945aacdbf112813ebfe1f31ce87c2d1cbaabe0db0fe5d034b9041b90e
35297479c9f790926026d7c0b888c2c75c5e80f96c31c2f7b3491a900aa7f905,challenger-0.2.0,5c8bf3ec348a261ab2c0ce94bd8cc315f754a8dc991c15c20d0d961d06997984,49fadb583b0dee0ba78c242826cb3e521cee0c4af2da837cfd5df18936598793,159ec87beb47e140832d992a80618f94b5cef5681c9d11c24e999ce1cad03b10,dffe8acdbd3e011d12e5e45e08331fd300f3b67f,8b8b5771-d3ca-480c-9980-dac450e82c42,71123be049587b6facce3a20c53e5d09,2026_03_CIN_PIT,2026,3,2026-09-27T17:00:00Z,totals,OVER,2026-09-26T13:00:30.675609Z,2026-09-26T13:00:27.208512Z,2026-09-22T18:51:43.097248Z,3ecdbfbaf3290a1d0f9b9aee517e61634d37a7bdde41367b8b77ffdf6363f311,48573966df113a076bdb838f790ed7ebc5ad604eb1f8a9efe85f74a71820f753,2026-09-26T13:00:05Z,43.0,103,-118,0.47646107444157887,1.0338952411081483,42.8,,INCOMPARABLE_POINTS,3,-3.4052995315439247,0.0,43.0,0.4856689348927987,0.47646107444157887,0.4727874436277913,0.0077102433144053545,0.5195023130578033,MODELED_DEVELOPMENT_MARGIN_SHADOW_ONLY,SHADOW_ELIGIBLE,PASS,EXPERIMENTAL_SHADOW_NO_STAKES;SHADOW_ELIGIBLE,local:challenger+the-odds-api,2026-09-26T13:00:30.675609Z,2026-09-26T13:00:05Z,1.1.0,08bbb9c86101f2e689ba126525035b2106649254feb6bb3d9f9d117d4a6d721e
e0fa25f464871d221ee5fa49e59514a185f28856270ec1006d654e073adee130,1.1.2,6590a4bbb77802175afa4c406de831d596569cbf2e1f596de7df0910f43e8fd5,e51f21289a5f63ada7c1746ad6385412db3f6a4e7fc3ba4e33e43fbdb6e9bf14,241bade8665d15f1855e8ed5cb5a8f8bc3dbb5e66c87d76b45ab5d76f1caa9f7,dffe8acdbd3e011d12e5e45e08331fd300f3b67f,8b8b5771-d3ca-480c-9980-dac450e82c42,71123be049587b6facce3a20c53e5d09,2026_03_CIN_PIT,2026,3,2026-09-27T17:00:00Z,totals,OVER,2026-09-26T13:00:27.689180Z,2026-09-26T13:00:27.208512Z,2026-09-22T18:51:43.097248Z,bb86d96ac8c5a37027060695827d4ca64ef6cc1d2ef5b5808941c85556f173d5,a1d35ee0ebed8dc29bcf1324e4f4867b2915f08c0675c2c7ee2c08a721241004,2026-09-26T13:00:05Z,43.0,103,-118,0.47646107444157887,1.0338952411081483,42.8,,INCOMPARABLE_POINTS,3,0.6541572941928131,0.1161508759454473,43.0759809427266,0.4909947931229129,0.4948708359688912,0.4948708359688912,0.0,0.5051291640311089,UNAVAILABLE_FOR_BETTING,DIAGNOSTIC_EARLY_SNAPSHOT,PASS,MODEL_LOCKED_UNTESTED_2026;UNCERTAINTY_UNAVAILABLE_FOR_BETTING;DIAGNOSTIC_EARLY_SNAPSHOT,local:v11-prospective-observer,2026-09-26T13:00:27.689180Z,2026-09-26T13:00:05Z,1.1.0,1f2f80a32d6982e1fafe3fb982ef50147ae8f12df5b6921c89a2e3bd287c2708
686fa00a10ff78eef73d5d983775754b5cc551c585c133fffe3ca9a121500836,1.1.2,6590a4bbb77802175afa4c406de831d596569cbf2e1f596de7df0910f43e8fd5,e51f21289a5f63ada7c1746ad6385412db3f6a4e7fc3ba4e33e43fbdb6e9bf14,241bade8665d15f1855e8ed5cb5a8f8bc3dbb5e66c87d76b45ab5d76f1caa9f7,dffe8acdbd3e011d12e5e45e08331fd300f3b67f,d2d710b1-c436-4180-8c43-56a6e84b5e0f,71123be049587b6facce3a20c53e5d09,2026_03_CIN_PIT,2026,3,2026-09-27T17:00:00Z,totals,OVER,2026-09-26T21:00:26.360329Z,2026-09-26T21:00:25.892304Z,2026-09-22T18:51:43.097248Z,bb86d96ac8c5a37027060695827d4ca64ef6cc1d2ef5b5808941c85556f173d5,a1d35ee0ebed8dc29bcf1324e4f4867b2915f08c0675c2c7ee2c08a721241004,2026-09-26T20:59:57Z,43.0,103,-118,0.47646107444157887,1.0338952411081483,42.8,,INCOMPARABLE_POINTS,3,0.6541572941928131,0.1161508759454473,43.0759809427266,0.4909947931229129,0.4948708359688912,0.4948708359688912,0.0,0.5051291640311089,UNAVAILABLE_FOR_BETTING,DIAGNOSTIC_EARLY_SNAPSHOT,PASS,MODEL_LOCKED_UNTESTED_2026;UNCERTAINTY_UNAVAILABLE_FOR_BETTING;DIAGNOSTIC_EARLY_SNAPSHOT,local:v11-prospective-observer,2026-09-26T21:00:26.360329Z,2026-09-26T20:59:57Z,1.1.0,64bbc0c4ec87e98f901bd154d9bf49ff28bd63b042205e7a111ba4a8284df688
c695704a42f9a6fc854f431fcdf073cc5a63ee38537f857987231b36601d8b8f,challenger-0.2.0,5c8bf3ec348a261ab2c0ce94bd8cc315f754a8dc991c15c20d0d961d06997984,49fadb583b0dee0ba78c242826cb3e521cee0c4af2da837cfd5df18936598793,159ec87beb47e140832d992a80618f94b5cef5681c9d11c24e999ce1cad03b10,dffe8acdbd3e011d12e5e45e08331fd300f3b67f,d2d710b1-c436-4180-8c43-56a6e84b5e0f,71123be049587b6facce3a20c53e5d09,2026_03_CIN_PIT,2026,3,2026-09-27T17:00:00Z,totals,OVER,2026-09-26T21:00:29.199963Z,2026-09-26T21:00:25.892304Z,2026-09-22T18:51:43.097248Z,3ecdbfbaf3290a1d0f9b9aee517e61634d37a7bdde41367b8b77ffdf6363f311,48573966df113a076bdb838f790ed7ebc5ad604eb1f8a9efe85f74a71820f753,2026-09-26T20:59:57Z,43.0,103,-118,0.47646107444157887,1.0338952411081483,42.8,,INCOMPARABLE_POINTS,3,-3.4052995315439247,0.0,43.0,0.4856689348927987,0.47646107444157887,0.4727874436277913,0.0077102433144053545,0.5195023130578033,MODELED_DEVELOPMENT_MARGIN_SHADOW_ONLY,SHADOW_ELIGIBLE,PASS,EXPERIMENTAL_SHADOW_NO_STAKES;SHADOW_ELIGIBLE,local:challenger+the-odds-api,2026-09-26T21:00:29.199963Z,2026-09-26T20:59:57Z,1.1.0,789e63a1d0ac74dd3be85c15280427ef54177248aede3a0e2732760d462d5f49
790d3bb1d0a1f27131ec527ae6f841762e8b1d2881395e99297c4711ae893dec,1.1.2,6590a4bbb77802175afa4c406de831d596569cbf2e1f596de7df0910f43e8fd5,e51f21289a5f63ada7c1746ad6385412db3f6a4e7fc3ba4e33e43fbdb6e9bf14,241bade8665d15f1855e8ed5cb5a8f8bc3dbb5e66c87d76b45ab5d76f1caa9f7,dffe8acdbd3e011d12e5e45e08331fd300f3b67f,214053eb-5084-4022-8817-4ddbbf933e60,71123be049587b6facce3a20c53e5d09,2026_03_CIN_PIT,2026,3,2026-09-27T17:00:00Z,totals,OVER,2026-09-27T03:00:57.907341Z,2026-09-27T03:00:57.384540Z,2026-09-22T18:51:43.097248Z,bb86d96ac8c5a37027060695827d4ca64ef6cc1d2ef5b5808941c85556f173d5,a1d35ee0ebed8dc29bcf1324e4f4867b2915f08c0675c2c7ee2c08a721241004,2026-09-27T03:00:51Z,43.0,103,-118,0.47646107444157887,1.0338952411081483,42.8,,INCOMPARABLE_POINTS,3,0.6541572941928131,0.1161508759454473,43.0759809427266,0.4909947931229129,0.4948708359688912,0.4948708359688912,0.0,0.5051291640311089,UNAVAILABLE_FOR_BETTING,DIAGNOSTIC_EARLY_SNAPSHOT,PASS,MODEL_LOCKED_UNTESTED_2026;UNCERTAINTY_UNAVAILABLE_FOR_BETTING;DIAGNOSTIC_EARLY_SNAPSHOT,local:v11-prospective-observer,2026-09-27T03:00:57.907341Z,2026-09-27T03:00:51Z,1.1.0,b74301290e5d4ae87e8ce8d73c9781ec488c7972a03621c35f6ee8022e61a69f
ffbd5c7edfa866d81fcec937ab383c67acfe2187e19f04d5b1240b9f5bbf994e,challenger-0.2.0,5c8bf3ec348a261ab2c0ce94bd8cc315f754a8dc991c15c20d0d961d06997984,49fadb583b0dee0ba78c242826cb3e521cee0c4af2da837cfd5df18936598793,159ec87beb47e140832d992a80618f94b5cef5681c9d11c24e999ce1cad03b10,dffe8acdbd3e011d12e5e45e08331fd300f3b67f,214053eb-5084-4022-8817-4ddbbf933e60,71123be049587b6facce3a20c53e5d09,2026_03_CIN_PIT,2026,3,2026-09-27T17:00:00Z,totals,OVER,2026-09-27T03:01:00.857309Z,2026-09-27T03:00:57.384540Z,2026-09-22T18:51:43.097248Z,3ecdbfbaf3290a1d0f9b9aee517e61634d37a7bdde41367b8b77ffdf6363f311,48573966df113a076bdb838f790ed7ebc5ad604eb1f8a9efe85f74a71820f753,2026-09-27T03:00:51Z,43.0,103,-118,0.47646107444157887,1.0338952411081483,42.8,,INCOMPARABLE_POINTS,3,-3.4052995315439247,0.0,43.0,0.4856689348927987,0.47646107444157887,0.4727874436277913,0.0077102433144053545,0.5195023130578033,MODELED_DEVELOPMENT_MARGIN_SHADOW_ONLY,SHADOW_ELIGIBLE,PASS,EXPERIMENTAL_SHADOW_NO_STAKES;SHADOW_ELIGIBLE,local:challenger+the-odds-api,2026-09-27T03:01:00.857309Z,2026-09-27T03:00:51Z,1.1.0,99fa3aab5fd83615aa5a7b4a051b890930eb269283b07d348d66ff342d86be5b
3747afac0182caee1188552a469ae043e43942fd43913a130f1a8ef204d7f15a,1.1.2,6590a4bbb77802175afa4c406de831d596569cbf2e1f596de7df0910f43e8fd5,e51f21289a5f63ada7c1746ad6385412db3f6a4e7fc3ba4e33e43fbdb6e9bf14,241bade8665d15f1855e8ed5cb5a8f8bc3dbb5e66c87d76b45ab5d76f1caa9f7,b143eda428696625817bd7042b4cf3a453477386,e1878b61-7760-4e06-9ca0-bec5e38d131c,71123be049587b6facce3a20c53e5d09,2026_03_CIN_PIT,2026,3,2026-09-27T17:00:00Z,totals,OVER,2026-09-27T12:45:22.508290Z,2026-09-27T12:45:22.019645Z,2026-09-22T18:51:43.097248Z,bb86d96ac8c5a37027060695827d4ca64ef6cc1d2ef5b5808941c85556f173d5,a1d35ee0ebed8dc29bcf1324e4f4867b2915f08c0675c2c7ee2c08a721241004,2026-09-27T12:45:16Z,43.0,103,-116,0.47842650837246387,1.0296478744754607,42.8,,INCOMPARABLE_POINTS,3,0.6541572941928131,0.1161508759454473,43.0759809427266,0.4909947931229129,0.4948708359688912,0.4948708359688912,0.0,0.5051291640311089,UNAVAILABLE_FOR_BETTING,DIAGNOSTIC_EARLY_SNAPSHOT,PASS,MODEL_LOCKED_UNTESTED_2026;UNCERTAINTY_UNAVAILABLE_FOR_BETTING;DIAGNOSTIC_EARLY_SNAPSHOT,local:v11-prospective-observer,2026-09-27T12:45:22.508290Z,2026-09-27T12:45:16Z,1.1.0,472754e303de7cb75fbb917b6a2066c6bbf5943d2dc73457cf8518642e281ce4
58936337ce766cca827c98f5e1e64f260b33088d8e49031e40de22ee084d2877,challenger-0.2.0,5c8bf3ec348a261ab2c0ce94bd8cc315f754a8dc991c15c20d0d961d06997984,49fadb583b0dee0ba78c242826cb3e521cee0c4af2da837cfd5df18936598793,159ec87beb47e140832d992a80618f94b5cef5681c9d11c24e999ce1cad03b10,b143eda428696625817bd7042b4cf3a453477386,e1878b61-7760-4e06-9ca0-bec5e38d131c,71123be049587b6facce3a20c53e5d09,2026_03_CIN_PIT,2026,3,2026-09-27T17:00:00Z,totals,OVER,2026-09-27T12:45:25.295673Z,2026-09-27T12:45:22.019645Z,2026-09-22T18:51:43.097248Z,3ecdbfbaf3290a1d0f9b9aee517e61634d37a7bdde41367b8b77ffdf6363f311,48573966df113a076bdb838f790ed7ebc5ad604eb1f8a9efe85f74a71820f753,2026-09-27T12:45:16Z,43.0,103,-116,0.47842650837246387,1.0296478744754607,42.8,,INCOMPARABLE_POINTS,3,-3.4052995315439247,0.0,43.0,0.4856689348927987,0.47842650837246387,0.4747377235848508,0.0077102433144053545,0.5175520331007438,MODELED_DEVELOPMENT_MARGIN_SHADOW_ONLY,SHADOW_ELIGIBLE,PASS,EXPERIMENTAL_SHADOW_NO_STAKES;SHADOW_ELIGIBLE,local:challenger+the-odds-api,2026-09-27T12:45:25.295673Z,2026-09-27T12:45:16Z,1.1.0,20e73260c90a000d3f7f7810f86137806ab3e03d9d4a2e9d4bdbfb7cd346a88a
3d6ee72df9790f9a75b40188ae9112b6d4ade646f177474267b5fad3d8d73979,challenger-0.2.0,5c8bf3ec348a261ab2c0ce94bd8cc315f754a8dc991c15c20d0d961d06997984,49fadb583b0dee0ba78c242826cb3e521cee0c4af2da837cfd5df18936598793,159ec87beb47e140832d992a80618f94b5cef5681c9d11c24e999ce1cad03b10,c8df716c912e3f6e3b11d508f2988b51a9d4b5a7,d4b87e91-991a-4aa9-bfef-bc8de675e276,17a730b7d399feeab6a78c30767c29d2,2026_03_HOU_IND,2026,3,2026-09-27T17:00:00Z,spreads,HOME,2026-09-23T13:00:24.484171Z,2026-09-23T13:00:21.551276Z,2026-09-22T18:51:43.097248Z,3ecdbfbaf3290a1d0f9b9aee517e61634d37a7bdde41367b8b77ffdf6363f311,,2026-09-23T13:00:20Z,-3.0,-116,103,0.5215734916275362,1.0296478744754607,-2.8666666666666663,,INCOMPARABLE_POINTS,3,,,,,,,,,MODELED_DEVELOPMENT_MARGIN_SHADOW_ONLY,INELIGIBLE_FEATURES,PASS,EXPERIMENTAL_SHADOW_NO_STAKES;INELIGIBLE_FEATURES;Challenger pregame model features are incomplete,local:challenger+the-odds-api,2026-09-23T13:00:24.484171Z,2026-09-23T13:00:20Z,1.1.0,2301216fb6a24b9705752b2603d2da9720638e36b6f99fe56c866fa9dcc4ce1f
a1b0a511d756c2c455f42b3129d130e421d9a3682ef6e552368c0fa818d56152,1.1.2,6590a4bbb77802175afa4c406de831d596569cbf2e1f596de7df0910f43e8fd5,e51f21289a5f63ada7c1746ad6385412db3f6a4e7fc3ba4e33e43fbdb6e9bf14,241bade8665d15f1855e8ed5cb5a8f8bc3dbb5e66c87d76b45ab5d76f1caa9f7,c8df716c912e3f6e3b11d508f2988b51a9d4b5a7,d4b87e91-991a-4aa9-bfef-bc8de675e276,17a730b7d399feeab6a78c30767c29d2,2026_03_HOU_IND,2026,3,2026-09-27T17:00:00Z,spreads,HOME,2026-09-23T13:00:21.951453Z,2026-09-23T13:00:21.551276Z,2026-09-22T18:51:43.097248Z,bb86d96ac8c5a37027060695827d4ca64ef6cc1d2ef5b5808941c85556f173d5,a3f9f3b45cdcff02e7f9fdda75792a74e7a342db8152dab921468be95d030cea,2026-09-23T13:00:20Z,-3.0,-116,103,0.5215734916275362,1.0296478744754607,-2.8666666666666663,,INCOMPARABLE_POINTS,3,0.6719419859653006,0.0,-3.0,0.530372745231012,0.49504906812277805,0.4590133874766894,0.07279213913629948,0.46819447338701115,UNAVAILABLE_FOR_BETTING,DIAGNOSTIC_EARLY_SNAPSHOT,PASS,MODEL_LOCKED_UNTESTED_2026;UNCERTAINTY_UNAVAILABLE_FOR_BETTING;DIAGNOSTIC_EARLY_SNAPSHOT,local:v11-prospective-observer,2026-09-23T13:00:21.951453Z,2026-09-23T13:00:20Z,1.1.0,f685e334651b179cd09ab686efb824a7a694754c4b051775dd160382495ff6a8
148fd0bcc0b3f5a1a743bcde829d597c49b980054fadce952568fcbf520c8aff,challenger-0.2.0,5c8bf3ec348a261ab2c0ce94bd8cc315f754a8dc991c15c20d0d961d06997984,49fadb583b0dee0ba78c242826cb3e521cee0c4af2da837cfd5df18936598793,159ec87beb47e140832d992a80618f94b5cef5681c9d11c24e999ce1cad03b10,dffe8acdbd3e011d12e5e45e08331fd300f3b67f,d842d1fe-0de3-48ea-8341-bb9cfc6a6383,17a730b7d399feeab6a78c30767c29d2,2026_03_HOU_IND,2026,3,2026-09-27T17:00:00Z,spreads,HOME,2026-09-24T16:00:25.607332Z,2026-09-24T16:00:22.454081Z,2026-09-22T18:51:43.097248Z,3ecdbfbaf3290a1d0f9b9aee517e61634d37a7bdde41367b8b77ffdf6363f311,,2026-09-24T16:00:17Z,-2.0,-107,-105,0.5022899015342339,1.029103334511606,-2.1333333333333333,,INCOMPARABLE_POINTS,3,,,,,,,,,MODELED_DEVELOPMENT_MARGIN_SHADOW_ONLY,INELIGIBLE_FEATURES,PASS,EXPERIMENTAL_SHADOW_NO_STAKES;INELIGIBLE_FEATURES;Challenger pregame model features are incomplete,local:challenger+the-odds-api,2026-09-24T16:00:25.607332Z,2026-09-24T16:00:17Z,1.1.0,ed5ccfe1d7a2d15585682636c42b75d933e36f03eed86ebd4ec7327affd18802
29a6c047767c118fa4e9d19c5b4862ada3e1e43c0e9bfdcb3252768d44553ff9,1.1.2,6590a4bbb77802175afa4c406de831d596569cbf2e1f596de7df0910f43e8fd5,e51f21289a5f63ada7c1746ad6385412db3f6a4e7fc3ba4e33e43fbdb6e9bf14,241bade8665d15f1855e8ed5cb5a8f8bc3dbb5e66c87d76b45ab5d76f1caa9f7,dffe8acdbd3e011d12e5e45e08331fd300f3b67f,d842d1fe-0de3-48ea-8341-bb9cfc6a6383,17a730b7d399feeab6a78c30767c29d2,2026_03_HOU_IND,2026,3,2026-09-27T17:00:00Z,spreads,HOME,2026-09-24T16:00:22.882475Z,2026-09-24T16:00:22.454081Z,2026-09-22T18:51:43.097248Z,bb86d96ac8c5a37027060695827d4ca64ef6cc1d2ef5b5808941c85556f173d5,a3f9f3b45cdcff02e7f9fdda75792a74e7a342db8152dab921468be95d030cea,2026-09-24T16:00:17Z,-2.0,-107,-105,0.5022899015342339,1.029103334511606,-2.1333333333333333,,INCOMPARABLE_POINTS,3,0.6719419859653006,0.0,-2.0,0.49228045165888856,0.4893212527975112,0.4888096735103024,0.001045487569330002,0.5101448389203675,UNAVAILABLE_FOR_BETTING,DIAGNOSTIC_EARLY_SNAPSHOT,PASS,MODEL_LOCKED_UNTESTED_2026;UNCERTAINTY_UNAVAILABLE_FOR_BETTING;DIAGNOSTIC_EARLY_SNAPSHOT,local:v11-prospective-observer,2026-09-24T16:00:22.882475Z,2026-09-24T16:00:17Z,1.1.0,cfc6ec530566cc988919f29ef38e8074fd2a2fab734a36f31302a491b1413b2c
61beb6992378317dceb844d80245d78a50f18c2511a47d2d3082626dcfde2e63,1.1.2,6590a4bbb77802175afa4c406de831d596569cbf2e1f596de7df0910f43e8fd5,e51f21289a5f63ada7c1746ad6385412db3f6a4e7fc3ba4e33e43fbdb6e9bf14,241bade8665d15f1855e8ed5cb5a8f8bc3dbb5e66c87d76b45ab5d76f1caa9f7,dffe8acdbd3e011d12e5e45e08331fd300f3b67f,b7f8819c-86a9-428f-bb46-debf3999015c,17a730b7d399feeab6a78c30767c29d2,2026_03_HOU_IND,2026,3,2026-09-27T17:00:00Z,spreads,HOME,2026-09-25T21:00:29.089372Z,2026-09-25T21:00:28.639096Z,2026-09-22T18:51:43.097248Z,bb86d96ac8c5a37027060695827d4ca64ef6cc1d2ef5b5808941c85556f173d5,a3f9f3b45cdcff02e7f9fdda75792a74e7a342db8152dab921468be95d030cea,2026-09-25T20:59:58Z,-2.0,-111,-101,0.5114621062766493,1.0285539128999552,-1.8,,INCOMPARABLE_POINTS,3,0.6719419859653006,0.0,-2.0,0.49228045165888856,0.4893212527975112,0.4888096735103024,0.001045487569330002,0.5101448389203675,UNAVAILABLE_FOR_BETTING,DIAGNOSTIC_EARLY_SNAPSHOT,PASS,MODEL_LOCKED_UNTESTED_2026;UNCERTAINTY_UNAVAILABLE_FOR_BETTING;DIAGNOSTIC_EARLY_SNAPSHOT,local:v11-prospective-observer,2026-09-25T21:00:29.089372Z,2026-09-25T20:59:58Z,1.1.0,a724c99440dc7b15ad53719c4610f50f83a4e72d472022faaffc220dbe15de70
ad56b1761b28453b7c815d9f326c68429ea60e3031492eb31183ce1c87a7e0d9,challenger-0.2.0,5c8bf3ec348a261ab2c0ce94bd8cc315f754a8dc991c15c20d0d961d06997984,49fadb583b0dee0ba78c242826cb3e521cee0c4af2da837cfd5df18936598793,159ec87beb47e140832d992a80618f94b5cef5681c9d11c24e999ce1cad03b10,dffe8acdbd3e011d12e5e45e08331fd300f3b67f,b7f8819c-86a9-428f-bb46-debf3999015c,17a730b7d399feeab6a78c30767c29d2,2026_03_HOU_IND,2026,3,2026-09-27T17:00:00Z,spreads,HOME,2026-09-25T21:00:31.801654Z,2026-09-25T21:00:28.639096Z,2026-09-22T18:51:43.097248Z,3ecdbfbaf3290a1d0f9b9aee517e61634d37a7bdde41367b8b77ffdf6363f311,,2026-09-25T20:59:58Z,-2.0,-111,-101,0.5114621062766493,1.0285539128999552,-1.8,,INCOMPARABLE_POINTS,3,,,,,,,,,MODELED_DEVELOPMENT_MARGIN_SHADOW_ONLY,INELIGIBLE_FEATURES,PASS,EXPERIMENTAL_SHADOW_NO_STAKES;INELIGIBLE_FEATURES;Challenger pregame model features are incomplete,local:challenger+the-odds-api,2026-09-25T21:00:31.801654Z,2026-09-25T20:59:58Z,1.1.0,b2f38f738ec59b493de163c0caf3016eba03211efe20cc79c0f062fd07b8ff3b
7e147d38f107ddc1dbd8ca359034f0d681ff1cdca07619532b6dbfc40f303c68,1.1.2,6590a4bbb77802175afa4c406de831d596569cbf2e1f596de7df0910f43e8fd5,e51f21289a5f63ada7c1746ad6385412db3f6a4e7fc3ba4e33e43fbdb6e9bf14,241bade8665d15f1855e8ed5cb5a8f8bc3dbb5e66c87d76b45ab5d76f1caa9f7,dffe8acdbd3e011d12e5e45e08331fd300f3b67f,8b8b5771-d3ca-480c-9980-dac450e82c42,17a730b7d399feeab6a78c30767c29d2,2026_03_HOU_IND,2026,3,2026-09-27T17:00:00Z,spreads,HOME,2026-09-26T13:00:27.689180Z,2026-09-26T13:00:27.208512Z,2026-09-22T18:51:43.097248Z,bb86d96ac8c5a37027060695827d4ca64ef6cc1d2ef5b5808941c85556f173d5,a3f9f3b45cdcff02e7f9fdda75792a74e7a342db8152dab921468be95d030cea,2026-09-26T13:00:05Z,-2.0,-110,-102,0.5091659028414299,1.0287600188590287,-1.8666666666666667,,INCOMPARABLE_POINTS,3,0.6719419859653006,0.0,-2.0,0.49228045165888856,0.4893212527975112,0.4888096735103024,0.001045487569330002,0.5101448389203675,UNAVAILABLE_FOR_BETTING,DIAGNOSTIC_EARLY_SNAPSHOT,PASS,MODEL_LOCKED_UNTESTED_2026;UNCERTAINTY_UNAVAILABLE_FOR_BETTING;DIAGNOSTIC_EARLY_SNAPSHOT,local:v11-prospective-observer,2026-09-26T13:00:27.689180Z,2026-09-26T13:00:05Z,1.1.0,47ff738a533c9fc189f5aa63b32bba96f885426c3dc11266625f51834b8705cf
b708ee4f9d48388c84473d0adaf668381ffff5c4cc197ab4368293d094a27357,challenger-0.2.0,5c8bf3ec348a261ab2c0ce94bd8cc315f754a8dc991c15c20d0d961d06997984,49fadb583b0dee0ba78c242826cb3e521cee0c4af2da837cfd5df18936598793,159ec87beb47e140832d992a80618f94b5cef5681c9d11c24e999ce1cad03b10,dffe8acdbd3e011d12e5e45e08331fd300f3b67f,8b8b5771-d3ca-480c-9980-dac450e82c42,17a730b7d399feeab6a78c30767c29d2,2026_03_HOU_IND,2026,3,2026-09-27T17:00:00Z,spreads,HOME,2026-09-26T13:00:30.675609Z,2026-09-26T13:00:27.208512Z,2026-09-22T18:51:43.097248Z,3ecdbfbaf3290a1d0f9b9aee517e61634d37a7bdde41367b8b77ffdf6363f311,,2026-09-26T13:00:05Z,-2.0,-110,-102,0.5091659028414299,1.0287600188590287,-1.8666666666666667,,INCOMPARABLE_POINTS,3,,,,,,,,,MODELED_DEVELOPMENT_MARGIN_SHADOW_ONLY,INELIGIBLE_FEATURES,PASS,EXPERIMENTAL_SHADOW_NO_STAKES;INELIGIBLE_FEATURES;Challenger pregame model features are incomplete,local:challenger+the-odds-api,2026-09-26T13:00:30.675609Z,2026-09-26T13:00:05Z,1.1.0,4e43133a28f6810f30ce56c9e56b563b87bc0b184f6dfb9f820f5c9e94733dbc
4c7d483bab890027929c1e0f41ec3d79b38960649839243f46b2394dbb4b2ee2,challenger-0.2.0,5c8bf3ec348a261ab2c0ce94bd8cc315f754a8dc991c15c20d0d961d06997984,49fadb583b0dee0ba78c242826cb3e521cee0c4af2da837cfd5df18936598793,159ec87beb47e140832d992a80618f94b5cef5681c9d11c24e999ce1cad03b10,dffe8acdbd3e011d12e5e45e08331fd300f3b67f,d2d710b1-c436-4180-8c43-56a6e84b5e0f,17a730b7d399feeab6a78c30767c29d2,2026_03_HOU_IND,2026,3,2026-09-27T17:00:00Z,spreads,HOME,2026-09-26T21:00:29.199963Z,2026-09-26T21:00:25.892304Z,2026-09-22T18:51:43.097248Z,3ecdbfbaf3290a1d0f9b9aee517e61634d37a7bdde41367b8b77ffdf6363f311,,2026-09-26T20:59:56Z,-2.0,-114,101,0.5170826375411832,1.0302227181847772,-1.8666666666666667,,INCOMPARABLE_POINTS,3,,,,,,,,,MODELED_DEVELOPMENT_MARGIN_SHADOW_ONLY,INELIGIBLE_FEATURES,PASS,EXPERIMENTAL_SHADOW_NO_STAKES;INELIGIBLE_FEATURES;Challenger pregame model features are incomplete,local:challenger+the-odds-api,2026-09-26T21:00:29.199963Z,2026-09-26T20:59:56Z,1.1.0,f24bf481f25b949eb77809d51d1c3d9874cef306ab0694da4d5c7724404104b6
dd358349438f76460ed92f81e166aa100957b28489c7197353c5a2b22bf4d950,1.1.2,6590a4bbb77802175afa4c406de831d596569cbf2e1f596de7df0910f43e8fd5,e51f21289a5f63ada7c1746ad6385412db3f6a4e7fc3ba4e33e43fbdb6e9bf14,241bade8665d15f1855e8ed5cb5a8f8bc3dbb5e66c87d76b45ab5d76f1caa9f7,dffe8acdbd3e011d12e5e45e08331fd300f3b67f,d2d710b1-c436-4180-8c43-56a6e84b5e0f,17a730b7d399feeab6a78c30767c29d2,2026_03_HOU_IND,2026,3,2026-09-27T17:00:00Z,spreads,HOME,2026-09-26T21:00:26.360329Z,2026-09-26T21:00:25.892304Z,2026-09-22T18:51:43.097248Z,bb86d96ac8c5a37027060695827d4ca64ef6cc1d2ef5b5808941c85556f173d5,a3f9f3b45cdcff02e7f9fdda75792a74e7a342db8152dab921468be95d030cea,2026-09-26T20:59:56Z,-2.0,-114,101,0.5170826375411832,1.0302227181847772,-1.8666666666666667,,INCOMPARABLE_POINTS,3,0.6719419859653006,0.0,-2.0,0.49228045165888856,0.4893212527975112,0.4888096735103024,0.001045487569330002,0.5101448389203675,UNAVAILABLE_FOR_BETTING,DIAGNOSTIC_EARLY_SNAPSHOT,PASS,MODEL_LOCKED_UNTESTED_2026;UNCERTAINTY_UNAVAILABLE_FOR_BETTING;DIAGNOSTIC_EARLY_SNAPSHOT,local:v11-prospective-observer,2026-09-26T21:00:26.360329Z,2026-09-26T20:59:56Z,1.1.0,e59f77739f2d938663785e7fa09b4b2cff1da71116a96f38c2ac4882830b1d24
85ef896d3fef0e90ce76961a439f3185532627305b9479b5d1d22a1e851c039f,1.1.2,6590a4bbb77802175afa4c406de831d596569cbf2e1f596de7df0910f43e8fd5,e51f21289a5f63ada7c1746ad6385412db3f6a4e7fc3ba4e33e43fbdb6e9bf14,241bade8665d15f1855e8ed5cb5a8f8bc3dbb5e66c87d76b45ab5d76f1caa9f7,dffe8acdbd3e011d12e5e45e08331fd300f3b67f,214053eb-5084-4022-8817-4ddbbf933e60,17a730b7d399feeab6a78c30767c29d2,2026_03_HOU_IND,2026,3,2026-09-27T17:00:00Z,spreads,HOME,2026-09-27T03:00:57.907341Z,2026-09-27T03:00:57.384540Z,2026-09-22T18:51:43.097248Z,bb86d96ac8c5a37027060695827d4ca64ef6cc1d2ef5b5808941c85556f173d5,a3f9f3b45cdcff02e7f9fdda75792a74e7a342db8152dab921468be95d030cea,2026-09-27T03:00:51Z,-2.0,-115,102,0.5193382517326179,1.0299332258807277,-1.8666666666666667,,INCOMPARABLE_POINTS,3,0.6719419859653006,0.0,-2.0,0.49228045165888856,0.4893212527975112,0.4888096735103024,0.001045487569330002,0.5101448389203675,UNAVAILABLE_FOR_BETTING,DIAGNOSTIC_EARLY_SNAPSHOT,PASS,MODEL_LOCKED_UNTESTED_2026;UNCERTAINTY_UNAVAILABLE_FOR_BETTING;DIAGNOSTIC_EARLY_SNAPSHOT,local:v11-prospective-observer,2026-09-27T03:00:57.907341Z,2026-09-27T03:00:51Z,1.1.0,33bb13c6c6c36acb4b5c138a424aaf66f8cca4574e81ebf2f6d197328380051f
cfd5033101c8bbc48323abd6676bddbc74fe6c2e47015eef21ea1ec783157aa9,challenger-0.2.0,5c8bf3ec348a261ab2c0ce94bd8cc315f754a8dc991c15c20d0d961d06997984,49fadb583b0dee0ba78c242826cb3e521cee0c4af2da837cfd5df18936598793,159ec87beb47e140832d992a80618f94b5cef5681c9d11c24e999ce1cad03b10,dffe8acdbd3e011d12e5e45e08331fd300f3b67f,214053eb-5084-4022-8817-4ddbbf933e60,17a730b7d399feeab6a78c30767c29d2,2026_03_HOU_IND,2026,3,2026-09-27T17:00:00Z,spreads,HOME,2026-09-27T03:01:00.857309Z,2026-09-27T03:00:57.384540Z,2026-09-22T18:51:43.097248Z,3ecdbfbaf3290a1d0f9b9aee517e61634d37a7bdde41367b8b77ffdf6363f311,,2026-09-27T03:00:51Z,-2.0,-115,102,0.5193382517326179,1.0299332258807277,-1.8666666666666667,,INCOMPARABLE_POINTS,3,,,,,,,,,MODELED_DEVELOPMENT_MARGIN_SHADOW_ONLY,INELIGIBLE_FEATURES,PASS,EXPERIMENTAL_SHADOW_NO_STAKES;INELIGIBLE_FEATURES;Challenger pregame model features are incomplete,local:challenger+the-odds-api,2026-09-27T03:01:00.857309Z,2026-09-27T03:00:51Z,1.1.0,38e3597bdd8fbd529cb440822df95dc3edf885c650f618974bdc731f564b831b
25afc8fe543f9fed85d4f68aff8d03addd308cf07f79b321184479f030497641,challenger-0.2.0,5c8bf3ec348a261ab2c0ce94bd8cc315f754a8dc991c15c20d0d961d06997984,49fadb583b0dee0ba78c242826cb3e521cee0c4af2da837cfd5df18936598793,159ec87beb47e140832d992a80618f94b5cef5681c9d11c24e999ce1cad03b10,b143eda428696625817bd7042b4cf3a453477386,e1878b61-7760-4e06-9ca0-bec5e38d131c,17a730b7d399feeab6a78c30767c29d2,2026_03_HOU_IND,2026,3,2026-09-27T17:00:00Z,spreads,HOME,2026-09-27T12:45:25.295673Z,2026-09-27T12:45:22.019645Z,2026-09-22T18:51:43.097248Z,3ecdbfbaf3290a1d0f9b9aee517e61634d37a7bdde41367b8b77ffdf6363f311,,2026-09-27T12:45:16Z,-1.5,-105,-105,0.5,1.024390243902439,-1.5666666666666667,,INCOMPARABLE_POINTS,3,,,,,,,,,MODELED_DEVELOPMENT_MARGIN_SHADOW_ONLY,INELIGIBLE_FEATURES,PASS,EXPERIMENTAL_SHADOW_NO_STAKES;INELIGIBLE_FEATURES;Challenger pregame model features are incomplete,local:challenger+the-odds-api,2026-09-27T12:45:25.295673Z,2026-09-27T12:45:16Z,1.1.0,421331cb880e90f01c532c54cb09cfec0ad888ea668f85676b340d5a9b1f6b8d
a77cac4d214551c6717ce3231c451dc0e6b735db9e46f84cd2fe2a605dfffd5b,1.1.2,6590a4bbb77802175afa4c406de831d596569cbf2e1f596de7df0910f43e8fd5,e51f21289a5f63ada7c1746ad6385412db3f6a4e7fc3ba4e33e43fbdb6e9bf14,241bade8665d15f1855e8ed5cb5a8f8bc3dbb5e66c87d76b45ab5d76f1caa9f7,b143eda428696625817bd7042b4cf3a453477386,e1878b61-7760-4e06-9ca0-bec5e38d131c,17a730b7d399feeab6a78c30767c29d2,2026_03_HOU_IND,2026,3,2026-09-27T17:00:00Z,spreads,HOME,2026-09-27T12:45:22.508290Z,2026-09-27T12:45:22.019645Z,2026-09-22T18:51:43.097248Z,bb86d96ac8c5a37027060695827d4ca64ef6cc1d2ef5b5808941c85556f173d5,a3f9f3b45cdcff02e7f9fdda75792a74e7a342db8152dab921468be95d030cea,2026-09-27T12:45:16Z,-1.5,-105,-105,0.5,1.024390243902439,-1.5666666666666667,,INCOMPARABLE_POINTS,3,0.6719419859653006,0.0,-1.5,0.49228045165888856,0.4893212527975112,0.4888096735103024,0.001045487569330002,0.5101448389203675,UNAVAILABLE_FOR_BETTING,DIAGNOSTIC_EARLY_SNAPSHOT,PASS,MODEL_LOCKED_UNTESTED_2026;UNCERTAINTY_UNAVAILABLE_FOR_BETTING;DIAGNOSTIC_EARLY_SNAPSHOT,local:v11-prospective-observer,2026-09-27T12:45:22.508290Z,2026-09-27T12:45:16Z,1.1.0,d590ff933028b3e5208228da81107b5f46ff69baa0c4ffa2b2342cdc81fe090c
d3bbeab8ce96911949388b537ba74394c1da6789d1c6b03684e3a24913ac3975,challenger-0.2.0,5c8bf3ec348a261ab2c0ce94bd8cc315f754a8dc991c15c20d0d961d06997984,49fadb583b0dee0ba78c242826cb3e521cee0c4af2da837cfd5df18936598793,159ec87beb47e140832d992a80618f94b5cef5681c9d11c24e999ce1cad03b10,c8df716c912e3f6e3b11d508f2988b51a9d4b5a7,d4b87e91-991a-4aa9-bfef-bc8de675e276,17a730b7d399feeab6a78c30767c29d2,2026_03_HOU_IND,2026,3,2026-09-27T17:00:00Z,totals,OVER,2026-09-23T13:00:24.484171Z,2026-09-23T13:00:21.551276Z,2026-09-22T18:51:43.097248Z,3ecdbfbaf3290a1d0f9b9aee517e61634d37a7bdde41367b8b77ffdf6363f311,,2026-09-23T13:00:20Z,42.5,-110,-104,0.5067750677506776,1.0336134453781511,42.5,0.504934995568252,VALID,3,,,,,,,,,MODELED_DEVELOPMENT_MARGIN_SHADOW_ONLY,INELIGIBLE_FEATURES,PASS,EXPERIMENTAL_SHADOW_NO_STAKES;INELIGIBLE_FEATURES;Challenger pregame model features are incomplete,local:challenger+the-odds-api,2026-09-23T13:00:24.484171Z,2026-09-23T13:00:20Z,1.1.0,1bbd4d03f707e55a01cee43baa351f9da65b77ef2cb552dc3c649cdaf593adbe
f635519f163c119d180abe4a79db356e70cdfc05fb0c535261daf0f92cc0195d,1.1.2,6590a4bbb77802175afa4c406de831d596569cbf2e1f596de7df0910f43e8fd5,e51f21289a5f63ada7c1746ad6385412db3f6a4e7fc3ba4e33e43fbdb6e9bf14,241bade8665d15f1855e8ed5cb5a8f8bc3dbb5e66c87d76b45ab5d76f1caa9f7,c8df716c912e3f6e3b11d508f2988b51a9d4b5a7,d4b87e91-991a-4aa9-bfef-bc8de675e276,17a730b7d399feeab6a78c30767c29d2,2026_03_HOU_IND,2026,3,2026-09-27T17:00:00Z,totals,OVER,2026-09-23T13:00:21.951453Z,2026-09-23T13:00:21.551276Z,2026-09-22T18:51:43.097248Z,bb86d96ac8c5a37027060695827d4ca64ef6cc1d2ef5b5808941c85556f173d5,a3f9f3b45cdcff02e7f9fdda75792a74e7a342db8152dab921468be95d030cea,2026-09-23T13:00:20Z,42.5,-110,-104,0.5067750677506776,1.0336134453781511,42.5,0.504934995568252,VALID,3,0.13778623741885193,0.1161508759454473,42.51600399216942,0.4890460389223294,0.49102772480650725,0.49102772480650725,0.0,0.5089722751934928,UNAVAILABLE_FOR_BETTING,DIAGNOSTIC_EARLY_SNAPSHOT,PASS,MODEL_LOCKED_UNTESTED_2026;UNCERTAINTY_UNAVAILABLE_FOR_BETTING;DIAGNOSTIC_EARLY_SNAPSHOT,local:v11-prospective-observer,2026-09-23T13:00:21.951453Z,2026-09-23T13:00:20Z,1.1.0,af4c7bb4787702d7471e322728af6a31f336f26ed950723a70b275896a8d9d4c
95f389e90038cd300bcc44597472b798582af2959101aebbcdbf06c474160b36,1.1.2,6590a4bbb77802175afa4c406de831d596569cbf2e1f596de7df0910f43e8fd5,e51f21289a5f63ada7c1746ad6385412db3f6a4e7fc3ba4e33e43fbdb6e9bf14,241bade8665d15f1855e8ed5cb5a8f8bc3dbb5e66c87d76b45ab5d76f1caa9f7,dffe8acdbd3e011d12e5e45e08331fd300f3b67f,d842d1fe-0de3-48ea-8341-bb9cfc6a6383,17a730b7d399feeab6a78c30767c29d2,2026_03_HOU_IND,2026,3,2026-09-27T17:00:00Z,totals,OVER,2026-09-24T16:00:22.882475Z,2026-09-24T16:00:22.454081Z,2026-09-22T18:51:43.097248Z,bb86d96ac8c5a37027060695827d4ca64ef6cc1d2ef5b5808941c85556f173d5,a3f9f3b45cdcff02e7f9fdda75792a74e7a342db8152dab921468be95d030cea,2026-09-24T16:00:17Z,42.5,-114,-101,0.514597556593604,1.0351978425628865,42.56666666666666,,INCOMPARABLE_POINTS,3,0.13778623741885193,0.1161508759454473,42.51600399216942,0.4890460389223294,0.49102772480650725,0.49102772480650725,0.0,0.5089722751934928,UNAVAILABLE_FOR_BETTING,DIAGNOSTIC_EARLY_SNAPSHOT,PASS,MODEL_LOCKED_UNTESTED_2026;UNCERTAINTY_UNAVAILABLE_FOR_BETTING;DIAGNOSTIC_EARLY_SNAPSHOT,local:v11-prospective-observer,2026-09-24T16:00:22.882475Z,2026-09-24T16:00:17Z,1.1.0,c4421f921f7ef7238101199e2c9446d6c9e7ce55608cac37726a9f74e40f0ddf
f3a6bdcec9e9ce6e8e4c3ff4119f6553721b0f3c51ef82c9305a09ceb12e87df,challenger-0.2.0,5c8bf3ec348a261ab2c0ce94bd8cc315f754a8dc991c15c20d0d961d06997984,49fadb583b0dee0ba78c242826cb3e521cee0c4af2da837cfd5df18936598793,159ec87beb47e140832d992a80618f94b5cef5681c9d11c24e999ce1cad03b10,dffe8acdbd3e011d12e5e45e08331fd300f3b67f,d842d1fe-0de3-48ea-8341-bb9cfc6a6383,17a730b7d399feeab6a78c30767c29d2,2026_03_HOU_IND,2026,3,2026-09-27T17:00:00Z,totals,OVER,2026-09-24T16:00:25.607332Z,2026-09-24T16:00:22.454081Z,2026-09-22T18:51:43.097248Z,3ecdbfbaf3290a1d0f9b9aee517e61634d37a7bdde41367b8b77ffdf6363f311,,2026-09-24T16:00:17Z,42.5,-114,-101,0.514597556593604,1.0351978425628865,42.56666666666666,,INCOMPARABLE_POINTS,3,,,,,,,,,MODELED_DEVELOPMENT_MARGIN_SHADOW_ONLY,INELIGIBLE_FEATURES,PASS,EXPERIMENTAL_SHADOW_NO_STAKES;INELIGIBLE_FEATURES;Challenger pregame model features are incomplete,local:challenger+the-odds-api,2026-09-24T16:00:25.607332Z,2026-09-24T16:00:17Z,1.1.0,dbe833853ee5d3d8c27aec2c02a736252f6383aa142d964dcdc1b4190f1203cb
919757a0a1a9d02f9f54630ef9ea6d3cfc68f4c73c7caf28d6f762023a62dad4,1.1.2,6590a4bbb77802175afa4c406de831d596569cbf2e1f596de7df0910f43e8fd5,e51f21289a5f63ada7c1746ad6385412db3f6a4e7fc3ba4e33e43fbdb6e9bf14,241bade8665d15f1855e8ed5cb5a8f8bc3dbb5e66c87d76b45ab5d76f1caa9f7,dffe8acdbd3e011d12e5e45e08331fd300f3b67f,b7f8819c-86a9-428f-bb46-debf3999015c,17a730b7d399feeab6a78c30767c29d2,2026_03_HOU_IND,2026,3,2026-09-27T17:00:00Z,totals,OVER,2026-09-25T21:00:29.089372Z,2026-09-25T21:00:28.639096Z,2026-09-22T18:51:43.097248Z,bb86d96ac8c5a37027060695827d4ca64ef6cc1d2ef5b5808941c85556f173d5,a3f9f3b45cdcff02e7f9fdda75792a74e7a342db8152dab921468be95d030cea,2026-09-25T20:59:58Z,42.5,-111,-103,0.5090362806668774,1.033455513272477,42.5,0.5082884145154162,VALID,3,0.13778623741885193,0.1161508759454473,42.51600399216942,0.4890460389223294,0.49102772480650725,0.49102772480650725,0.0,0.5089722751934928,UNAVAILABLE_FOR_BETTING,DIAGNOSTIC_EARLY_SNAPSHOT,PASS,MODEL_LOCKED_UNTESTED_2026;UNCERTAINTY_UNAVAILABLE_FOR_BETTING;DIAGNOSTIC_EARLY_SNAPSHOT,local:v11-prospective-observer,2026-09-25T21:00:29.089372Z,2026-09-25T20:59:58Z,1.1.0,9fa9584f7fab2e28edbe4738c9843dbb38a01011eca7f4d3451f5b9879b03423
a1f15aae56358e1d4cce3c12750e619c9cf6d321e2515577624e71229d47623f,challenger-0.2.0,5c8bf3ec348a261ab2c0ce94bd8cc315f754a8dc991c15c20d0d961d06997984,49fadb583b0dee0ba78c242826cb3e521cee0c4af2da837cfd5df18936598793,159ec87beb47e140832d992a80618f94b5cef5681c9d11c24e999ce1cad03b10,dffe8acdbd3e011d12e5e45e08331fd300f3b67f,b7f8819c-86a9-428f-bb46-debf3999015c,17a730b7d399feeab6a78c30767c29d2,2026_03_HOU_IND,2026,3,2026-09-27T17:00:00Z,totals,OVER,2026-09-25T21:00:31.801654Z,2026-09-25T21:00:28.639096Z,2026-09-22T18:51:43.097248Z,3ecdbfbaf3290a1d0f9b9aee517e61634d37a7bdde41367b8b77ffdf6363f311,,2026-09-25T20:59:58Z,42.5,-111,-103,0.5090362806668774,1.033455513272477,42.5,0.5082884145154162,VALID,3,,,,,,,,,MODELED_DEVELOPMENT_MARGIN_SHADOW_ONLY,INELIGIBLE_FEATURES,PASS,EXPERIMENTAL_SHADOW_NO_STAKES;INELIGIBLE_FEATURES;Challenger pregame model features are incomplete,local:challenger+the-odds-api,2026-09-25T21:00:31.801654Z,2026-09-25T20:59:58Z,1.1.0,927da3e18fbcaf2cb05c880252b8a1616c938d267ea94f11c84a0bc0309cfe87
59d873b996ebfd2c370cf090978175e3e1e8520dd19afc1bfa404281acf9156b,challenger-0.2.0,5c8bf3ec348a261ab2c0ce94bd8cc315f754a8dc991c15c20d0d961d06997984,49fadb583b0dee0ba78c242826cb3e521cee0c4af2da837cfd5df18936598793,159ec87beb47e140832d992a80618f94b5cef5681c9d11c24e999ce1cad03b10,dffe8acdbd3e011d12e5e45e08331fd300f3b67f,8b8b5771-d3ca-480c-9980-dac450e82c42,17a730b7d399feeab6a78c30767c29d2,2026_03_HOU_IND,2026,3,2026-09-27T17:00:00Z,totals,OVER,2026-09-26T13:00:30.675609Z,2026-09-26T13:00:27.208512Z,2026-09-22T18:51:43.097248Z,3ecdbfbaf3290a1d0f9b9aee517e61634d37a7bdde41367b8b77ffdf6363f311,,2026-09-26T13:00:05Z,42.5,-103,-111,0.49096371933312244,1.033455513272477,42.5,0.4983413040310512,VALID,3,,,,,,,,,MODELED_DEVELOPMENT_MARGIN_SHADOW_ONLY,INELIGIBLE_FEATURES,PASS,EXPERIMENTAL_SHADOW_NO_STAKES;INELIGIBLE_FEATURES;Challenger pregame model features are incomplete,local:challenger+the-odds-api,2026-09-26T13:00:30.675609Z,2026-09-26T13:00:05Z,1.1.0,dffbf0afc4a7ea728b5e87b08390e2643cdf5af33bafa7aa8184ccbd5df3c77f
a5e72745372e955cd1e15d878749a88823b8b4221f907a00254a73b4009deaf3,1.1.2,6590a4bbb77802175afa4c406de831d596569cbf2e1f596de7df0910f43e8fd5,e51f21289a5f63ada7c1746ad6385412db3f6a4e7fc3ba4e33e43fbdb6e9bf14,241bade8665d15f1855e8ed5cb5a8f8bc3dbb5e66c87d76b45ab5d76f1caa9f7,dffe8acdbd3e011d12e5e45e08331fd300f3b67f,8b8b5771-d3ca-480c-9980-dac450e82c42,17a730b7d399feeab6a78c30767c29d2,2026_03_HOU_IND,2026,3,2026-09-27T17:00:00Z,totals,OVER,2026-09-26T13:00:27.689180Z,2026-09-26T13:00:27.208512Z,2026-09-22T18:51:43.097248Z,bb86d96ac8c5a37027060695827d4ca64ef6cc1d2ef5b5808941c85556f173d5,a3f9f3b45cdcff02e7f9fdda75792a74e7a342db8152dab921468be95d030cea,2026-09-26T13:00:05Z,42.5,-103,-111,0.49096371933312244,1.033455513272477,42.5,0.4983413040310512,VALID,3,0.13778623741885193,0.1161508759454473,42.51600399216942,0.4890460389223294,0.49102772480650725,0.49102772480650725,0.0,0.5089722751934928,UNAVAILABLE_FOR_BETTING,DIAGNOSTIC_EARLY_SNAPSHOT,PASS,MODEL_LOCKED_UNTESTED_2026;UNCERTAINTY_UNAVAILABLE_FOR_BETTING;DIAGNOSTIC_EARLY_SNAPSHOT,local:v11-prospective-observer,2026-09-26T13:00:27.689180Z,2026-09-26T13:00:05Z,1.1.0,97a03e9371e86282166df56e9789f04abbceb6e70b21b13a438c29e3c2b3d7ac
70ffdf066aa1b296f228f59755d64fa618e3f0010bd4df84244deadd3180e2b6,1.1.2,6590a4bbb77802175afa4c406de831d596569cbf2e1f596de7df0910f43e8fd5,e51f21289a5f63ada7c1746ad6385412db3f6a4e7fc3ba4e33e43fbdb6e9bf14,241bade8665d15f1855e8ed5cb5a8f8bc3dbb5e66c87d76b45ab5d76f1caa9f7,dffe8acdbd3e011d12e5e45e08331fd300f3b67f,d2d710b1-c436-4180-8c43-56a6e84b5e0f,17a730b7d399feeab6a78c30767c29d2,2026_03_HOU_IND,2026,3,2026-09-27T17:00:00Z,totals,OVER,2026-09-26T21:00:26.360329Z,2026-09-26T21:00:25.892304Z,2026-09-22T18:51:43.097248Z,bb86d96ac8c5a37027060695827d4ca64ef6cc1d2ef5b5808941c85556f173d5,a3f9f3b45cdcff02e7f9fdda75792a74e7a342db8152dab921468be95d030cea,2026-09-26T20:59:56Z,42.5,-103,-111,0.49096371933312244,1.033455513272477,42.5,0.49660338781154434,VALID,3,0.13778623741885193,0.1161508759454473,42.51600399216942,0.4890460389223294,0.49102772480650725,0.49102772480650725,0.0,0.5089722751934928,UNAVAILABLE_FOR_BETTING,DIAGNOSTIC_EARLY_SNAPSHOT,PASS,MODEL_LOCKED_UNTESTED_2026;UNCERTAINTY_UNAVAILABLE_FOR_BETTING;DIAGNOSTIC_EARLY_SNAPSHOT,local:v11-prospective-observer,2026-09-26T21:00:26.360329Z,2026-09-26T20:59:56Z,1.1.0,1f5867dc4b7eeae956b6b0298ac6dc228ace2eaa08563078958fd88ccf173e6f
88722b73440405f31fc9d456f2ea101014f91d9dfbaf7151b9c4074d910b9070,challenger-0.2.0,5c8bf3ec348a261ab2c0ce94bd8cc315f754a8dc991c15c20d0d961d06997984,49fadb583b0dee0ba78c242826cb3e521cee0c4af2da837cfd5df18936598793,159ec87beb47e140832d992a80618f94b5cef5681c9d11c24e999ce1cad03b10,dffe8acdbd3e011d12e5e45e08331fd300f3b67f,d2d710b1-c436-4180-8c43-56a6e84b5e0f,17a730b7d399feeab6a78c30767c29d2,2026_03_HOU_IND,2026,3,2026-09-27T17:00:00Z,totals,OVER,2026-09-26T21:00:29.199963Z,2026-09-26T21:00:25.892304Z,2026-09-22T18:51:43.097248Z,3ecdbfbaf3290a1d0f9b9aee517e61634d37a7bdde41367b8b77ffdf6363f311,,2026-09-26T20:59:56Z,42.5,-103,-111,0.49096371933312244,1.033455513272477,42.5,0.49660338781154434,VALID,3,,,,,,,,,MODELED_DEVELOPMENT_MARGIN_SHADOW_ONLY,INELIGIBLE_FEATURES,PASS,EXPERIMENTAL_SHADOW_NO_STAKES;INELIGIBLE_FEATURES;Challenger pregame model features are incomplete,local:challenger+the-odds-api,2026-09-26T21:00:29.199963Z,2026-09-26T20:59:56Z,1.1.0,8b5a51ee44b4398d71ffbd825839c3fe61120ac5e0cfea1bc525f6c87d35bb37
1b03ee96ce6e7b59de85b11b71ac11057281608ff80493550eafff89d0a99470,challenger-0.2.0,5c8bf3ec348a261ab2c0ce94bd8cc315f754a8dc991c15c20d0d961d06997984,49fadb583b0dee0ba78c242826cb3e521cee0c4af2da837cfd5df18936598793,159ec87beb47e140832d992a80618f94b5cef5681c9d11c24e999ce1cad03b10,dffe8acdbd3e011d12e5e45e08331fd300f3b67f,214053eb-5084-4022-8817-4ddbbf933e60,17a730b7d399feeab6a78c30767c29d2,2026_03_HOU_IND,2026,3,2026-09-27T17:00:00Z,totals,OVER,2026-09-27T03:01:00.857309Z,2026-09-27T03:00:57.384540Z,2026-09-22T18:51:43.097248Z,3ecdbfbaf3290a1d0f9b9aee517e61634d37a7bdde41367b8b77ffdf6363f311,,2026-09-27T03:00:51Z,42.5,-103,-111,0.49096371933312244,1.033455513272477,42.5,0.49660338781154434,VALID,3,,,,,,,,,MODELED_DEVELOPMENT_MARGIN_SHADOW_ONLY,INELIGIBLE_FEATURES,PASS,EXPERIMENTAL_SHADOW_NO_STAKES;INELIGIBLE_FEATURES;Challenger pregame model features are incomplete,local:challenger+the-odds-api,2026-09-27T03:01:00.857309Z,2026-09-27T03:00:51Z,1.1.0,48b18d233a7ad37df73062d3d63b40658d27ecce7014f27bd3d0422ed59fce19
6757df0ce0b72004f142e0613e8a7b04d6f2c1d493c4c42cb531b7ec037e7a29,1.1.2,6590a4bbb77802175afa4c406de831d596569cbf2e1f596de7df0910f43e8fd5,e51f21289a5f63ada7c1746ad6385412db3f6a4e7fc3ba4e33e43fbdb6e9bf14,241bade8665d15f1855e8ed5cb5a8f8bc3dbb5e66c87d76b45ab5d76f1caa9f7,dffe8acdbd3e011d12e5e45e08331fd300f3b67f,214053eb-5084-4022-8817-4ddbbf933e60,17a730b7d399feeab6a78c30767c29d2,2026_03_HOU_IND,2026,3,2026-09-27T17:00:00Z,totals,OVER,2026-09-27T03:00:57.907341Z,2026-09-27T03:00:57.384540Z,2026-09-22T18:51:43.097248Z,bb86d96ac8c5a37027060695827d4ca64ef6cc1d2ef5b5808941c85556f173d5,a3f9f3b45cdcff02e7f9fdda75792a74e7a342db8152dab921468be95d030cea,2026-09-27T03:00:51Z,42.5,-103,-111,0.49096371933312244,1.033455513272477,42.5,0.49660338781154434,VALID,3,0.13778623741885193,0.1161508759454473,42.51600399216942,0.4890460389223294,0.49102772480650725,0.49102772480650725,0.0,0.5089722751934928,UNAVAILABLE_FOR_BETTING,DIAGNOSTIC_EARLY_SNAPSHOT,PASS,MODEL_LOCKED_UNTESTED_2026;UNCERTAINTY_UNAVAILABLE_FOR_BETTING;DIAGNOSTIC_EARLY_SNAPSHOT,local:v11-prospective-observer,2026-09-27T03:00:57.907341Z,2026-09-27T03:00:51Z,1.1.0,c1f3075cf3f46aa2a3bc84abdb55e2cc5bc8c529076004c00c5f6613e5d62a22
0fc097620cc07d4326c10d50fabd3db3789571cc1f66fc2bc06b2529e61662d2,1.1.2,6590a4bbb77802175afa4c406de831d596569cbf2e1f596de7df0910f43e8fd5,e51f21289a5f63ada7c1746ad6385412db3f6a4e7fc3ba4e33e43fbdb6e9bf14,241bade8665d15f1855e8ed5cb5a8f8bc3dbb5e66c87d76b45ab5d76f1caa9f7,b143eda428696625817bd7042b4cf3a453477386,e1878b61-7760-4e06-9ca0-bec5e38d131c,17a730b7d399feeab6a78c30767c29d2,2026_03_HOU_IND,2026,3,2026-09-27T17:00:00Z,totals,OVER,2026-09-27T12:45:22.508290Z,2026-09-27T12:45:22.019645Z,2026-09-22T18:51:43.097248Z,bb86d96ac8c5a37027060695827d4ca64ef6cc1d2ef5b5808941c85556f173d5,a3f9f3b45cdcff02e7f9fdda75792a74e7a342db8152dab921468be95d030cea,2026-09-27T12:45:16Z,42.5,-102,-110,0.4908340971585702,1.0287600188590287,42.5,0.49594030575644715,VALID,3,0.13778623741885193,0.1161508759454473,42.51600399216942,0.4890460389223294,0.49102772480650725,0.49102772480650725,0.0,0.5089722751934928,UNAVAILABLE_FOR_BETTING,DIAGNOSTIC_EARLY_SNAPSHOT,PASS,MODEL_LOCKED_UNTESTED_2026;UNCERTAINTY_UNAVAILABLE_FOR_BETTING;DIAGNOSTIC_EARLY_SNAPSHOT,local:v11-prospective-observer,2026-09-27T12:45:22.508290Z,2026-09-27T12:45:16Z,1.1.0,82e6129400b6f398821853698dbe843abeefa3595ec3fd01757ebf293b290267
180e7786d56f3d6a2358e26610bddf61bab4f5fd314c226749bc46a3a973e3de,challenger-0.2.0,5c8bf3ec348a261ab2c0ce94bd8cc315f754a8dc991c15c20d0d961d06997984,49fadb583b0dee0ba78c242826cb3e521cee0c4af2da837cfd5df18936598793,159ec87beb47e140832d992a80618f94b5cef5681c9d11c24e999ce1cad03b10,b143eda428696625817bd7042b4cf3a453477386,e1878b61-7760-4e06-9ca0-bec5e38d131c,17a730b7d399feeab6a78c30767c29d2,2026_03_HOU_IND,2026,3,2026-09-27T17:00:00Z,totals,OVER,2026-09-27T12:45:25.295673Z,2026-09-27T12:45:22.019645Z,2026-09-22T18:51:43.097248Z,3ecdbfbaf3290a1d0f9b9aee517e61634d37a7bdde41367b8b77ffdf6363f311,,2026-09-27T12:45:16Z,42.5,-102,-110,0.4908340971585702,1.0287600188590287,42.5,0.49594030575644715,VALID,3,,,,,,,,,MODELED_DEVELOPMENT_MARGIN_SHADOW_ONLY,INELIGIBLE_FEATURES,PASS,EXPERIMENTAL_SHADOW_NO_STAKES;INELIGIBLE_FEATURES;Challenger pregame model features are incomplete,local:challenger+the-odds-api,2026-09-27T12:45:25.295673Z,2026-09-27T12:45:16Z,1.1.0,953c22d91fab2b08269365051b89e4ad06db2e088a04a55d888444906cae7edb
03ed11dbdbc1d31f5a28a02834f319d6e748d0646f735d6a59a02c717e8e4204,1.1.2,6590a4bbb77802175afa4c406de831d596569cbf2e1f596de7df0910f43e8fd5,e51f21289a5f63ada7c1746ad6385412db3f6a4e7fc3ba4e33e43fbdb6e9bf14,241bade8665d15f1855e8ed5cb5a8f8bc3dbb5e66c87d76b45ab5d76f1caa9f7,c8df716c912e3f6e3b11d508f2988b51a9d4b5a7,d4b87e91-991a-4aa9-bfef-bc8de675e276,0339a0e41bcee12820eb3e64bb5fadb4,2026_03_KC_MIA,2026,3,2026-09-27T17:00:00Z,spreads,HOME,2026-09-23T13:00:21.951453Z,2026-09-23T13:00:21.551276Z,2026-09-22T18:51:43.097248Z,bb86d96ac8c5a37027060695827d4ca64ef6cc1d2ef5b5808941c85556f173d5,770dff6a2047ba7ec0a59087768cae6344918f690b48fcec8da767d211bc4307,2026-09-23T13:00:20Z,-11.5,-109,-104,0.5056854361866643,1.0313350220470963,-11.433333333333334,,INCOMPARABLE_POINTS,3,-0.27608844341307187,0.0,-11.5,0.6826801204670417,0.5192483075293924,0.5181883258285566,0.002041377286098966,0.4797702968853444,UNAVAILABLE_FOR_BETTING,DIAGNOSTIC_EARLY_SNAPSHOT,PASS,MODEL_LOCKED_UNTESTED_2026;UNCERTAINTY_UNAVAILABLE_FOR_BETTING;DIAGNOSTIC_EARLY_SNAPSHOT,local:v11-prospective-observer,2026-09-23T13:00:21.951453Z,2026-09-23T13:00:20Z,1.1.0,0d1379ec1bbfda13f86bb8644f30d19c2c3bff32f4735497d14101fbf43ca346
992f76474e96115186f124ec6b23e1749951c1c8e4c27d2aaad78c63c53190f4,challenger-0.2.0,5c8bf3ec348a261ab2c0ce94bd8cc315f754a8dc991c15c20d0d961d06997984,49fadb583b0dee0ba78c242826cb3e521cee0c4af2da837cfd5df18936598793,159ec87beb47e140832d992a80618f94b5cef5681c9d11c24e999ce1cad03b10,c8df716c912e3f6e3b11d508f2988b51a9d4b5a7,d4b87e91-991a-4aa9-bfef-bc8de675e276,0339a0e41bcee12820eb3e64bb5fadb4,2026_03_KC_MIA,2026,3,2026-09-27T17:00:00Z,spreads,HOME,2026-09-23T13:00:24.484171Z,2026-09-23T13:00:21.551276Z,2026-09-22T18:51:43.097248Z,3ecdbfbaf3290a1d0f9b9aee517e61634d37a7bdde41367b8b77ffdf6363f311,97c4e83c5cfcfb2ad658df89bc463801caa63489b5874c631d9c5aea4c1a12e1,2026-09-23T13:00:20Z,-11.5,-109,-104,0.5056854361866643,1.0313350220470963,-11.433333333333334,,INCOMPARABLE_POINTS,3,7.354004717566157,0.0,-11.5,0.6929595680976149,0.5056854361866643,0.5043851161992366,0.002571400903362362,0.4930434828974009,MODELED_DEVELOPMENT_MARGIN_SHADOW_ONLY,SHADOW_ELIGIBLE,PASS,EXPERIMENTAL_SHADOW_NO_STAKES;SHADOW_ELIGIBLE,local:challenger+the-odds-api,2026-09-23T13:00:24.484171Z,2026-09-23T13:00:20Z,1.1.0,0c835949b3bcc7774f0e734eb6827b40758bc067f1f8cce73a55b6144f940416
9cf71948bfdd30e861de3bf933d810546c22e96aed39470602458192b2f092cc,1.1.2,6590a4bbb77802175afa4c406de831d596569cbf2e1f596de7df0910f43e8fd5,e51f21289a5f63ada7c1746ad6385412db3f6a4e7fc3ba4e33e43fbdb6e9bf14,241bade8665d15f1855e8ed5cb5a8f8bc3dbb5e66c87d76b45ab5d76f1caa9f7,dffe8acdbd3e011d12e5e45e08331fd300f3b67f,d842d1fe-0de3-48ea-8341-bb9cfc6a6383,0339a0e41bcee12820eb3e64bb5fadb4,2026_03_KC_MIA,2026,3,2026-09-27T17:00:00Z,spreads,HOME,2026-09-24T16:00:22.882475Z,2026-09-24T16:00:22.454081Z,2026-09-22T18:51:43.097248Z,bb86d96ac8c5a37027060695827d4ca64ef6cc1d2ef5b5808941c85556f173d5,770dff6a2047ba7ec0a59087768cae6344918f690b48fcec8da767d211bc4307,2026-09-24T16:00:17Z,-11.5,-115,102,0.5193382517326179,1.0299332258807277,-11.166666666666666,,INCOMPARABLE_POINTS,3,-0.27608844341307187,0.0,-11.5,0.6826801204670417,0.5192483075293924,0.5181883258285566,0.002041377286098966,0.4797702968853444,UNAVAILABLE_FOR_BETTING,DIAGNOSTIC_EARLY_SNAPSHOT,PASS,MODEL_LOCKED_UNTESTED_2026;UNCERTAINTY_UNAVAILABLE_FOR_BETTING;DIAGNOSTIC_EARLY_SNAPSHOT,local:v11-prospective-observer,2026-09-24T16:00:22.882475Z,2026-09-24T16:00:17Z,1.1.0,2636c0f3ef4776f40959a1c692561dddb0af0635eaf94f7c89787edeb013870a
f1851393534fa11a4388c1a1224aedbe4b0a88303aec95bb040af94f9a5f8e74,challenger-0.2.0,5c8bf3ec348a261ab2c0ce94bd8cc315f754a8dc991c15c20d0d961d06997984,49fadb583b0dee0ba78c242826cb3e521cee0c4af2da837cfd5df18936598793,159ec87beb47e140832d992a80618f94b5cef5681c9d11c24e999ce1cad03b10,dffe8acdbd3e011d12e5e45e08331fd300f3b67f,d842d1fe-0de3-48ea-8341-bb9cfc6a6383,0339a0e41bcee12820eb3e64bb5fadb4,2026_03_KC_MIA,2026,3,2026-09-27T17:00:00Z,spreads,HOME,2026-09-24T16:00:25.607332Z,2026-09-24T16:00:22.454081Z,2026-09-22T18:51:43.097248Z,3ecdbfbaf3290a1d0f9b9aee517e61634d37a7bdde41367b8b77ffdf6363f311,97c4e83c5cfcfb2ad658df89bc463801caa63489b5874c631d9c5aea4c1a12e1,2026-09-24T16:00:17Z,-11.5,-115,102,0.5193382517326179,1.0299332258807277,-11.166666666666666,,INCOMPARABLE_POINTS,3,7.354004717566157,0.0,-11.5,0.6929595680976149,0.5193382517326179,0.518002824882962,0.002571400903362362,0.47942577421367555,MODELED_DEVELOPMENT_MARGIN_SHADOW_ONLY,SHADOW_ELIGIBLE,PASS,EXPERIMENTAL_SHADOW_NO_STAKES;SHADOW_ELIGIBLE,local:challenger+the-odds-api,2026-09-24T16:00:25.607332Z,2026-09-24T16:00:17Z,1.1.0,3d864ad2f3555c2a96fc8f1cd8e89af913482b23df933590f28029638af6c114
b81b328928f95359d9407a26b4fa401f807fd1edc8b5c9f37d5b5c94571835fa,1.1.2,6590a4bbb77802175afa4c406de831d596569cbf2e1f596de7df0910f43e8fd5,e51f21289a5f63ada7c1746ad6385412db3f6a4e7fc3ba4e33e43fbdb6e9bf14,241bade8665d15f1855e8ed5cb5a8f8bc3dbb5e66c87d76b45ab5d76f1caa9f7,dffe8acdbd3e011d12e5e45e08331fd300f3b67f,b7f8819c-86a9-428f-bb46-debf3999015c,0339a0e41bcee12820eb3e64bb5fadb4,2026_03_KC_MIA,2026,3,2026-09-27T17:00:00Z,spreads,HOME,2026-09-25T21:00:29.089372Z,2026-09-25T21:00:28.639096Z,2026-09-22T18:51:43.097248Z,bb86d96ac8c5a37027060695827d4ca64ef6cc1d2ef5b5808941c85556f173d5,770dff6a2047ba7ec0a59087768cae6344918f690b48fcec8da767d211bc4307,2026-09-25T20:59:58Z,-11.5,-123,109,0.5354844085237569,1.0300384062479886,-11.1,,INCOMPARABLE_POINTS,3,-0.27608844341307187,0.0,-11.5,0.6826801204670417,0.5192483075293924,0.5181883258285566,0.002041377286098966,0.4797702968853444,UNAVAILABLE_FOR_BETTING,DIAGNOSTIC_EARLY_SNAPSHOT,PASS,MODEL_LOCKED_UNTESTED_2026;UNCERTAINTY_UNAVAILABLE_FOR_BETTING;DIAGNOSTIC_EARLY_SNAPSHOT,local:v11-prospective-observer,2026-09-25T21:00:29.089372Z,2026-09-25T20:59:58Z,1.1.0,6dd6314d4450924e250c232737f61f81c293524e7f94ba6f4c3e87fcaa7e60fd
d96a8e7432973909b57487b956376d7142de8186490f7e9842b25d63fc8d39a2,challenger-0.2.0,5c8bf3ec348a261ab2c0ce94bd8cc315f754a8dc991c15c20d0d961d06997984,49fadb583b0dee0ba78c242826cb3e521cee0c4af2da837cfd5df18936598793,159ec87beb47e140832d992a80618f94b5cef5681c9d11c24e999ce1cad03b10,dffe8acdbd3e011d12e5e45e08331fd300f3b67f,b7f8819c-86a9-428f-bb46-debf3999015c,0339a0e41bcee12820eb3e64bb5fadb4,2026_03_KC_MIA,2026,3,2026-09-27T17:00:00Z,spreads,HOME,2026-09-25T21:00:31.801654Z,2026-09-25T21:00:28.639096Z,2026-09-22T18:51:43.097248Z,3ecdbfbaf3290a1d0f9b9aee517e61634d37a7bdde41367b8b77ffdf6363f311,97c4e83c5cfcfb2ad658df89bc463801caa63489b5874c631d9c5aea4c1a12e1,2026-09-25T20:59:58Z,-11.5,-123,109,0.5354844085237569,1.0300384062479886,-11.1,,INCOMPARABLE_POINTS,3,7.354004717566157,0.0,-11.5,0.6929595680976149,0.5354844085237569,0.5341074634319425,0.002571400903362362,0.4633211356646952,MODELED_DEVELOPMENT_MARGIN_SHADOW_ONLY,SHADOW_ELIGIBLE,PASS,EXPERIMENTAL_SHADOW_NO_STAKES;SHADOW_ELIGIBLE,local:challenger+the-odds-api,2026-09-25T21:00:31.801654Z,2026-09-25T20:59:58Z,1.1.0,4a3a3a9dd757f854ee9e959f3551368f28cac627bcc11363fcbb49861236f948
08f655bcb5b00f154e84f3c7fe0e32df850040e239f9d669471ba7903f6a72e3,1.1.2,6590a4bbb77802175afa4c406de831d596569cbf2e1f596de7df0910f43e8fd5,e51f21289a5f63ada7c1746ad6385412db3f6a4e7fc3ba4e33e43fbdb6e9bf14,241bade8665d15f1855e8ed5cb5a8f8bc3dbb5e66c87d76b45ab5d76f1caa9f7,dffe8acdbd3e011d12e5e45e08331fd300f3b67f,8b8b5771-d3ca-480c-9980-dac450e82c42,0339a0e41bcee12820eb3e64bb5fadb4,2026_03_KC_MIA,2026,3,2026-09-27T17:00:00Z,spreads,HOME,2026-09-26T13:00:27.689180Z,2026-09-26T13:00:27.208512Z,2026-09-22T18:51:43.097248Z,bb86d96ac8c5a37027060695827d4ca64ef6cc1d2ef5b5808941c85556f173d5,770dff6a2047ba7ec0a59087768cae6344918f690b48fcec8da767d211bc4307,2026-09-26T13:00:05Z,-11.5,-132,117,0.5525036648406759,1.0297950103289368,-11.033333333333333,,INCOMPARABLE_POINTS,3,-0.27608844341307187,0.0,-11.5,0.6826801204670417,0.5192483075293924,0.5181883258285566,0.002041377286098966,0.4797702968853444,UNAVAILABLE_FOR_BETTING,DIAGNOSTIC_EARLY_SNAPSHOT,PASS,MODEL_LOCKED_UNTESTED_2026;UNCERTAINTY_UNAVAILABLE_FOR_BETTING;DIAGNOSTIC_EARLY_SNAPSHOT,local:v11-prospective-observer,2026-09-26T13:00:27.689180Z,2026-09-26T13:00:05Z,1.1.0,571fb88dc5d31588f4e207186d8c9694c167e35055c493468e818ffa91ad9848
7ff648b2a4447cb8f06a20348d26134292e14bc779abe7b1c356be9111f4d7ca,challenger-0.2.0,5c8bf3ec348a261ab2c0ce94bd8cc315f754a8dc991c15c20d0d961d06997984,49fadb583b0dee0ba78c242826cb3e521cee0c4af2da837cfd5df18936598793,159ec87beb47e140832d992a80618f94b5cef5681c9d11c24e999ce1cad03b10,dffe8acdbd3e011d12e5e45e08331fd300f3b67f,8b8b5771-d3ca-480c-9980-dac450e82c42,0339a0e41bcee12820eb3e64bb5fadb4,2026_03_KC_MIA,2026,3,2026-09-27T17:00:00Z,spreads,HOME,2026-09-26T13:00:30.675609Z,2026-09-26T13:00:27.208512Z,2026-09-22T18:51:43.097248Z,3ecdbfbaf3290a1d0f9b9aee517e61634d37a7bdde41367b8b77ffdf6363f311,97c4e83c5cfcfb2ad658df89bc463801caa63489b5874c631d9c5aea4c1a12e1,2026-09-26T13:00:05Z,-11.5,-132,117,0.5525036648406759,1.0297950103289368,-11.033333333333333,,INCOMPARABLE_POINTS,3,7.354004717566157,0.0,-11.5,0.6929595680976149,0.5525036648406759,0.5510829564177936,0.002571400903362362,0.446345642678844,MODELED_DEVELOPMENT_MARGIN_SHADOW_ONLY,SHADOW_ELIGIBLE,PASS,EXPERIMENTAL_SHADOW_NO_STAKES;SHADOW_ELIGIBLE,local:challenger+the-odds-api,2026-09-26T13:00:30.675609Z,2026-09-26T13:00:05Z,1.1.0,b577c07ee397784ef2f947cd8ba79f0e857362a33ed07712e1cd90d6de46d4c7
48eb84fcb3c585fae52923c05a8db1b2ed6a924f3ad938527cc99001e7819874,1.1.2,6590a4bbb77802175afa4c406de831d596569cbf2e1f596de7df0910f43e8fd5,e51f21289a5f63ada7c1746ad6385412db3f6a4e7fc3ba4e33e43fbdb6e9bf14,241bade8665d15f1855e8ed5cb5a8f8bc3dbb5e66c87d76b45ab5d76f1caa9f7,dffe8acdbd3e011d12e5e45e08331fd300f3b67f,d2d710b1-c436-4180-8c43-56a6e84b5e0f,0339a0e41bcee12820eb3e64bb5fadb4,2026_03_KC_MIA,2026,3,2026-09-27T17:00:00Z,spreads,HOME,2026-09-26T21:00:26.360329Z,2026-09-26T21:00:25.892304Z,2026-09-22T18:51:43.097248Z,bb86d96ac8c5a37027060695827d4ca64ef6cc1d2ef5b5808941c85556f173d5,770dff6a2047ba7ec0a59087768cae6344918f690b48fcec8da767d211bc4307,2026-09-26T20:59:57Z,-11.5,-133,118,0.5544421922209049,1.0295310469740522,-11.033333333333333,,INCOMPARABLE_POINTS,3,-0.27608844341307187,0.0,-11.5,0.6826801204670417,0.5192483075293924,0.5181883258285566,0.002041377286098966,0.4797702968853444,UNAVAILABLE_FOR_BETTING,DIAGNOSTIC_EARLY_SNAPSHOT,PASS,MODEL_LOCKED_UNTESTED_2026;UNCERTAINTY_UNAVAILABLE_FOR_BETTING;DIAGNOSTIC_EARLY_SNAPSHOT,local:v11-prospective-observer,2026-09-26T21:00:26.360329Z,2026-09-26T20:59:57Z,1.1.0,5afa34712ea442f0e32fe633daa818c89490e0c8ceb905f238a34da857a39366
d609918edfb1c0777476eda5a4a0a741bd18dc1120ee628f5d689f88f99e6c98,challenger-0.2.0,5c8bf3ec348a261ab2c0ce94bd8cc315f754a8dc991c15c20d0d961d06997984,49fadb583b0dee0ba78c242826cb3e521cee0c4af2da837cfd5df18936598793,159ec87beb47e140832d992a80618f94b5cef5681c9d11c24e999ce1cad03b10,dffe8acdbd3e011d12e5e45e08331fd300f3b67f,d2d710b1-c436-4180-8c43-56a6e84b5e0f,0339a0e41bcee12820eb3e64bb5fadb4,2026_03_KC_MIA,2026,3,2026-09-27T17:00:00Z,spreads,HOME,2026-09-26T21:00:29.199963Z,2026-09-26T21:00:25.892304Z,2026-09-22T18:51:43.097248Z,3ecdbfbaf3290a1d0f9b9aee517e61634d37a7bdde41367b8b77ffdf6363f311,97c4e83c5cfcfb2ad658df89bc463801caa63489b5874c631d9c5aea4c1a12e1,2026-09-26T20:59:57Z,-11.5,-133,118,0.5544421922209049,1.0295310469740522,-11.033333333333333,,INCOMPARABLE_POINTS,3,7.354004717566157,0.0,-11.5,0.6929595680976149,0.5544421922209049,0.5530164990669658,0.002571400903362362,0.4444121000296718,MODELED_DEVELOPMENT_MARGIN_SHADOW_ONLY,SHADOW_ELIGIBLE,PASS,EXPERIMENTAL_SHADOW_NO_STAKES;SHADOW_ELIGIBLE,local:challenger+the-odds-api,2026-09-26T21:00:29.199963Z,2026-09-26T20:59:57Z,1.1.0,8cb0c9808125753671634597febbe206cfe8b60b926160f468ae8f65d10a1adc
12319576189049fe14c868797c7761067b5f561d237e941337769b2aebca2c1c,1.1.2,6590a4bbb77802175afa4c406de831d596569cbf2e1f596de7df0910f43e8fd5,e51f21289a5f63ada7c1746ad6385412db3f6a4e7fc3ba4e33e43fbdb6e9bf14,241bade8665d15f1855e8ed5cb5a8f8bc3dbb5e66c87d76b45ab5d76f1caa9f7,dffe8acdbd3e011d12e5e45e08331fd300f3b67f,214053eb-5084-4022-8817-4ddbbf933e60,0339a0e41bcee12820eb3e64bb5fadb4,2026_03_KC_MIA,2026,3,2026-09-27T17:00:00Z,spreads,HOME,2026-09-27T03:00:57.907341Z,2026-09-27T03:00:57.384540Z,2026-09-22T18:51:43.097248Z,bb86d96ac8c5a37027060695827d4ca64ef6cc1d2ef5b5808941c85556f173d5,770dff6a2047ba7ec0a59087768cae6344918f690b48fcec8da767d211bc4307,2026-09-27T03:00:51Z,-10.5,-121,108,0.5324532453245325,1.0282805429864252,-10.366666666666667,,INCOMPARABLE_POINTS,3,-0.27608844341307187,0.0,-10.5,0.6826801204670417,0.5192483075293924,0.5181883258285566,0.002041377286098966,0.4797702968853444,UNAVAILABLE_FOR_BETTING,DIAGNOSTIC_EARLY_SNAPSHOT,PASS,MODEL_LOCKED_UNTESTED_2026;UNCERTAINTY_UNAVAILABLE_FOR_BETTING;DIAGNOSTIC_EARLY_SNAPSHOT,local:v11-prospective-observer,2026-09-27T03:00:57.907341Z,2026-09-27T03:00:51Z,1.1.0,5e40af4d00a598dbebcee509b80c7959343c28180d7348aecd75fa942348f17c
7291ff5fae1318722b852e4378f73ca3b98f5485fe8980c8f323f2b841a5fae3,challenger-0.2.0,5c8bf3ec348a261ab2c0ce94bd8cc315f754a8dc991c15c20d0d961d06997984,49fadb583b0dee0ba78c242826cb3e521cee0c4af2da837cfd5df18936598793,159ec87beb47e140832d992a80618f94b5cef5681c9d11c24e999ce1cad03b10,dffe8acdbd3e011d12e5e45e08331fd300f3b67f,214053eb-5084-4022-8817-4ddbbf933e60,0339a0e41bcee12820eb3e64bb5fadb4,2026_03_KC_MIA,2026,3,2026-09-27T17:00:00Z,spreads,HOME,2026-09-27T03:01:00.857309Z,2026-09-27T03:00:57.384540Z,2026-09-22T18:51:43.097248Z,3ecdbfbaf3290a1d0f9b9aee517e61634d37a7bdde41367b8b77ffdf6363f311,97c4e83c5cfcfb2ad658df89bc463801caa63489b5874c631d9c5aea4c1a12e1,2026-09-27T03:00:51Z,-10.5,-121,108,0.5324532453245325,1.0282805429864252,-10.366666666666667,,INCOMPARABLE_POINTS,3,6.354004717566157,0.0,-10.5,0.6929595680976149,0.5324532453245325,0.5310840945685068,0.002571400903362362,0.4663445045281308,MODELED_DEVELOPMENT_MARGIN_SHADOW_ONLY,SHADOW_ELIGIBLE,PASS,EXPERIMENTAL_SHADOW_NO_STAKES;SHADOW_ELIGIBLE,local:challenger+the-odds-api,2026-09-27T03:01:00.857309Z,2026-09-27T03:00:51Z,1.1.0,a926077eeb041f4f6bc6a5e534bcbb3fd64b98f2754a76d06abe5f7ed14c9338
4988c6ee6664f937324d2631d9439a265104c0e21896f0229c603caf5fcbf2bc,challenger-0.2.0,5c8bf3ec348a261ab2c0ce94bd8cc315f754a8dc991c15c20d0d961d06997984,49fadb583b0dee0ba78c242826cb3e521cee0c4af2da837cfd5df18936598793,159ec87beb47e140832d992a80618f94b5cef5681c9d11c24e999ce1cad03b10,b143eda428696625817bd7042b4cf3a453477386,e1878b61-7760-4e06-9ca0-bec5e38d131c,0339a0e41bcee12820eb3e64bb5fadb4,2026_03_KC_MIA,2026,3,2026-09-27T17:00:00Z,spreads,HOME,2026-09-27T12:45:25.295673Z,2026-09-27T12:45:22.019645Z,2026-09-22T18:51:43.097248Z,3ecdbfbaf3290a1d0f9b9aee517e61634d37a7bdde41367b8b77ffdf6363f311,97c4e83c5cfcfb2ad658df89bc463801caa63489b5874c631d9c5aea4c1a12e1,2026-09-27T12:45:16Z,-10.5,-128,116,0.5480494766888678,1.0243664717348926,-10.3,,INCOMPARABLE_POINTS,3,6.354004717566157,0.0,-10.5,0.6929595680976149,0.5480494766888678,0.5466402217694228,0.002571400903362362,0.45078837732721483,MODELED_DEVELOPMENT_MARGIN_SHADOW_ONLY,SHADOW_ELIGIBLE,PASS,EXPERIMENTAL_SHADOW_NO_STAKES;SHADOW_ELIGIBLE,local:challenger+the-odds-api,2026-09-27T12:45:25.295673Z,2026-09-27T12:45:16Z,1.1.0,e72cc1b5fca1bf27a2df230fb23658e11f55b695888d534187b4df89ff919064
55898795c78ac2aef8896a7e80daee49befe985b8c7679481b3f557e0dd93754,1.1.2,6590a4bbb77802175afa4c406de831d596569cbf2e1f596de7df0910f43e8fd5,e51f21289a5f63ada7c1746ad6385412db3f6a4e7fc3ba4e33e43fbdb6e9bf14,241bade8665d15f1855e8ed5cb5a8f8bc3dbb5e66c87d76b45ab5d76f1caa9f7,b143eda428696625817bd7042b4cf3a453477386,e1878b61-7760-4e06-9ca0-bec5e38d131c,0339a0e41bcee12820eb3e64bb5fadb4,2026_03_KC_MIA,2026,3,2026-09-27T17:00:00Z,spreads,HOME,2026-09-27T12:45:22.508290Z,2026-09-27T12:45:22.019645Z,2026-09-22T18:51:43.097248Z,bb86d96ac8c5a37027060695827d4ca64ef6cc1d2ef5b5808941c85556f173d5,770dff6a2047ba7ec0a59087768cae6344918f690b48fcec8da767d211bc4307,2026-09-27T12:45:16Z,-10.5,-128,116,0.5480494766888678,1.0243664717348926,-10.3,,INCOMPARABLE_POINTS,3,-0.27608844341307187,0.0,-10.5,0.6826801204670417,0.5192483075293924,0.5181883258285566,0.002041377286098966,0.4797702968853444,UNAVAILABLE_FOR_BETTING,DIAGNOSTIC_EARLY_SNAPSHOT,PASS,MODEL_LOCKED_UNTESTED_2026;UNCERTAINTY_UNAVAILABLE_FOR_BETTING;DIAGNOSTIC_EARLY_SNAPSHOT,local:v11-prospective-observer,2026-09-27T12:45:22.508290Z,2026-09-27T12:45:16Z,1.1.0,96808b08a1ffd57c02ff562b92c75d52afdb4be04d42d7304e215be624475a3b
2f8d39b78651bbd61322865078e8ad3f27b18a8a51ab75915a43c6a76b36c93f,challenger-0.2.0,5c8bf3ec348a261ab2c0ce94bd8cc315f754a8dc991c15c20d0d961d06997984,49fadb583b0dee0ba78c242826cb3e521cee0c4af2da837cfd5df18936598793,159ec87beb47e140832d992a80618f94b5cef5681c9d11c24e999ce1cad03b10,c8df716c912e3f6e3b11d508f2988b51a9d4b5a7,d4b87e91-991a-4aa9-bfef-bc8de675e276,0339a0e41bcee12820eb3e64bb5fadb4,2026_03_KC_MIA,2026,3,2026-09-27T17:00:00Z,totals,OVER,2026-09-23T13:00:24.484171Z,2026-09-23T13:00:21.551276Z,2026-09-22T18:51:43.097248Z,3ecdbfbaf3290a1d0f9b9aee517e61634d37a7bdde41367b8b77ffdf6363f311,97c4e83c5cfcfb2ad658df89bc463801caa63489b5874c631d9c5aea4c1a12e1,2026-09-23T13:00:20Z,46.0,-115,101,0.5180992939594308,1.0323961587411778,46.0,,INCOMPARABLE_POINTS,3,-2.8246217829581397,0.0,46.0,0.4856689348927987,0.5180992939594308,0.514104622341982,0.0077102433144053545,0.4781851343436127,MODELED_DEVELOPMENT_MARGIN_SHADOW_ONLY,SHADOW_ELIGIBLE,PASS,EXPERIMENTAL_SHADOW_NO_STAKES;SHADOW_ELIGIBLE,local:challenger+the-odds-api,2026-09-23T13:00:24.484171Z,2026-09-23T13:00:20Z,1.1.0,82bde99620216237fa30d44ba0d34de3174799e26030022120cc50f769457c62
a51b388ee80cee4d22e2f072f700b1c3582c1f2e6188476d60328c8c0947b47d,1.1.2,6590a4bbb77802175afa4c406de831d596569cbf2e1f596de7df0910f43e8fd5,e51f21289a5f63ada7c1746ad6385412db3f6a4e7fc3ba4e33e43fbdb6e9bf14,241bade8665d15f1855e8ed5cb5a8f8bc3dbb5e66c87d76b45ab5d76f1caa9f7,c8df716c912e3f6e3b11d508f2988b51a9d4b5a7,d4b87e91-991a-4aa9-bfef-bc8de675e276,0339a0e41bcee12820eb3e64bb5fadb4,2026_03_KC_MIA,2026,3,2026-09-27T17:00:00Z,totals,OVER,2026-09-23T13:00:21.951453Z,2026-09-23T13:00:21.551276Z,2026-09-22T18:51:43.097248Z,bb86d96ac8c5a37027060695827d4ca64ef6cc1d2ef5b5808941c85556f173d5,770dff6a2047ba7ec0a59087768cae6344918f690b48fcec8da767d211bc4307,2026-09-23T13:00:20Z,46.0,-115,101,0.5180992939594308,1.0323961587411778,46.0,,INCOMPARABLE_POINTS,3,-0.357155014171371,0.1161508759454473,45.95851613225569,0.4842678577186861,0.48160713961505136,0.48160713961505136,0.0,0.5183928603849486,UNAVAILABLE_FOR_BETTING,DIAGNOSTIC_EARLY_SNAPSHOT,PASS,MODEL_LOCKED_UNTESTED_2026;UNCERTAINTY_UNAVAILABLE_FOR_BETTING;DIAGNOSTIC_EARLY_SNAPSHOT,local:v11-prospective-observer,2026-09-23T13:00:21.951453Z,2026-09-23T13:00:20Z,1.1.0,993cc424a10c50f3dfc40ab471e955f5fa2c66d08368bf4b4d29634f0073d241
a2486ce0597b43f15e8b52253622a8382a7eb026ed15cc1fd8bf46cb29827b7f,1.1.2,6590a4bbb77802175afa4c406de831d596569cbf2e1f596de7df0910f43e8fd5,e51f21289a5f63ada7c1746ad6385412db3f6a4e7fc3ba4e33e43fbdb6e9bf14,241bade8665d15f1855e8ed5cb5a8f8bc3dbb5e66c87d76b45ab5d76f1caa9f7,dffe8acdbd3e011d12e5e45e08331fd300f3b67f,d842d1fe-0de3-48ea-8341-bb9cfc6a6383,0339a0e41bcee12820eb3e64bb5fadb4,2026_03_KC_MIA,2026,3,2026-09-27T17:00:00Z,totals,OVER,2026-09-24T16:00:22.882475Z,2026-09-24T16:00:22.454081Z,2026-09-22T18:51:43.097248Z,bb86d96ac8c5a37027060695827d4ca64ef6cc1d2ef5b5808941c85556f173d5,770dff6a2047ba7ec0a59087768cae6344918f690b48fcec8da767d211bc4307,2026-09-24T16:00:17Z,46.0,-106,-108,0.49774245981578474,1.0337938760268857,46.0,,INCOMPARABLE_POINTS,3,-0.357155014171371,0.1161508759454473,45.95851613225569,0.4842678577186861,0.48160713961505136,0.48160713961505136,0.0,0.5183928603849486,UNAVAILABLE_FOR_BETTING,DIAGNOSTIC_EARLY_SNAPSHOT,PASS,MODEL_LOCKED_UNTESTED_2026;UNCERTAINTY_UNAVAILABLE_FOR_BETTING;DIAGNOSTIC_EARLY_SNAPSHOT,local:v11-prospective-observer,2026-09-24T16:00:22.882475Z,2026-09-24T16:00:17Z,1.1.0,23d465c785464245ce87eb42a541154951a6332109eefd97d408a703989d416e
c9e1fa8bf8df762903d69e8880c4b994879f4228e244d3137d703969260945c0,challenger-0.2.0,5c8bf3ec348a261ab2c0ce94bd8cc315f754a8dc991c15c20d0d961d06997984,49fadb583b0dee0ba78c242826cb3e521cee0c4af2da837cfd5df18936598793,159ec87beb47e140832d992a80618f94b5cef5681c9d11c24e999ce1cad03b10,dffe8acdbd3e011d12e5e45e08331fd300f3b67f,d842d1fe-0de3-48ea-8341-bb9cfc6a6383,0339a0e41bcee12820eb3e64bb5fadb4,2026_03_KC_MIA,2026,3,2026-09-27T17:00:00Z,totals,OVER,2026-09-24T16:00:25.607332Z,2026-09-24T16:00:22.454081Z,2026-09-22T18:51:43.097248Z,3ecdbfbaf3290a1d0f9b9aee517e61634d37a7bdde41367b8b77ffdf6363f311,97c4e83c5cfcfb2ad658df89bc463801caa63489b5874c631d9c5aea4c1a12e1,2026-09-24T16:00:17Z,46.0,-106,-108,0.49774245981578474,1.0337938760268857,46.0,,INCOMPARABLE_POINTS,3,-2.8246217829581397,0.0,46.0,0.4856689348927987,0.49774245981578474,0.4939047443426944,0.0077102433144053545,0.4983850123429003,MODELED_DEVELOPMENT_MARGIN_SHADOW_ONLY,SHADOW_ELIGIBLE,PASS,EXPERIMENTAL_SHADOW_NO_STAKES;SHADOW_ELIGIBLE,local:challenger+the-odds-api,2026-09-24T16:00:25.607332Z,2026-09-24T16:00:17Z,1.1.0,996f708fabfead3e47b67bb9b4967156cf235c16643ff11c0d6e319f23203d40
87cf6392fd13eb7ce5624eb915cc9de28e55938beabde2d7ef8c4d75b16a633f,1.1.2,6590a4bbb77802175afa4c406de831d596569cbf2e1f596de7df0910f43e8fd5,e51f21289a5f63ada7c1746ad6385412db3f6a4e7fc3ba4e33e43fbdb6e9bf14,241bade8665d15f1855e8ed5cb5a8f8bc3dbb5e66c87d76b45ab5d76f1caa9f7,dffe8acdbd3e011d12e5e45e08331fd300f3b67f,b7f8819c-86a9-428f-bb46-debf3999015c,0339a0e41bcee12820eb3e64bb5fadb4,2026_03_KC_MIA,2026,3,2026-09-27T17:00:00Z,totals,OVER,2026-09-25T21:00:29.089372Z,2026-09-25T21:00:28.639096Z,2026-09-22T18:51:43.097248Z,bb86d96ac8c5a37027060695827d4ca64ef6cc1d2ef5b5808941c85556f173d5,770dff6a2047ba7ec0a59087768cae6344918f690b48fcec8da767d211bc4307,2026-09-25T20:59:58Z,46.0,101,-116,0.4808976756612343,1.0345494748479824,45.733333333333334,,INCOMPARABLE_POINTS,3,-0.357155014171371,0.1161508759454473,45.95851613225569,0.4842678577186861,0.48160713961505136,0.48160713961505136,0.0,0.5183928603849486,UNAVAILABLE_FOR_BETTING,DIAGNOSTIC_EARLY_SNAPSHOT,PASS,MODEL_LOCKED_UNTESTED_2026;UNCERTAINTY_UNAVAILABLE_FOR_BETTING;DIAGNOSTIC_EARLY_SNAPSHOT,local:v11-prospective-observer,2026-09-25T21:00:29.089372Z,2026-09-25T20:59:58Z,1.1.0,9199b4181828d1f47280ec8d37c162e209659c518bd5d7a075cf2ed46d97df85
b34689fe7bc166adec1b1005cde3ba1a43396d058ef8c76f92d430d2903e3177,challenger-0.2.0,5c8bf3ec348a261ab2c0ce94bd8cc315f754a8dc991c15c20d0d961d06997984,49fadb583b0dee0ba78c242826cb3e521cee0c4af2da837cfd5df18936598793,159ec87beb47e140832d992a80618f94b5cef5681c9d11c24e999ce1cad03b10,dffe8acdbd3e011d12e5e45e08331fd300f3b67f,b7f8819c-86a9-428f-bb46-debf3999015c,0339a0e41bcee12820eb3e64bb5fadb4,2026_03_KC_MIA,2026,3,2026-09-27T17:00:00Z,totals,OVER,2026-09-25T21:00:31.801654Z,2026-09-25T21:00:28.639096Z,2026-09-22T18:51:43.097248Z,3ecdbfbaf3290a1d0f9b9aee517e61634d37a7bdde41367b8b77ffdf6363f311,97c4e83c5cfcfb2ad658df89bc463801caa63489b5874c631d9c5aea4c1a12e1,2026-09-25T20:59:58Z,46.0,101,-116,0.4808976756612343,1.0345494748479824,45.733333333333334,,INCOMPARABLE_POINTS,3,-2.8246217829581397,0.0,46.0,0.4856689348927987,0.4808976756612343,0.4771898375725542,0.0077102433144053545,0.5150999191130404,MODELED_DEVELOPMENT_MARGIN_SHADOW_ONLY,SHADOW_ELIGIBLE,PASS,EXPERIMENTAL_SHADOW_NO_STAKES;SHADOW_ELIGIBLE,local:challenger+the-odds-api,2026-09-25T21:00:31.801654Z,2026-09-25T20:59:58Z,1.1.0,1a3e805a5d8d0c10ab90638b72d50949d7e792a97c41c25f10953c534caa8875
20aba1bca73df3bdc8d0b9c65917903b7cd329baf9412c6c2527f2f418ed5901,1.1.2,6590a4bbb77802175afa4c406de831d596569cbf2e1f596de7df0910f43e8fd5,e51f21289a5f63ada7c1746ad6385412db3f6a4e7fc3ba4e33e43fbdb6e9bf14,241bade8665d15f1855e8ed5cb5a8f8bc3dbb5e66c87d76b45ab5d76f1caa9f7,dffe8acdbd3e011d12e5e45e08331fd300f3b67f,8b8b5771-d3ca-480c-9980-dac450e82c42,0339a0e41bcee12820eb3e64bb5fadb4,2026_03_KC_MIA,2026,3,2026-09-27T17:00:00Z,totals,OVER,2026-09-26T13:00:27.689180Z,2026-09-26T13:00:27.208512Z,2026-09-22T18:51:43.097248Z,bb86d96ac8c5a37027060695827d4ca64ef6cc1d2ef5b5808941c85556f173d5,770dff6a2047ba7ec0a59087768cae6344918f690b48fcec8da767d211bc4307,2026-09-26T13:00:05Z,45.0,-110,-104,0.5067750677506776,1.0336134453781511,45.13333333333334,,INCOMPARABLE_POINTS,3,-0.357155014171371,0.1161508759454473,44.95851613225569,0.4842678577186861,0.48160713961505136,0.48160713961505136,0.0,0.5183928603849486,UNAVAILABLE_FOR_BETTING,DIAGNOSTIC_EARLY_SNAPSHOT,PASS,MODEL_LOCKED_UNTESTED_2026;UNCERTAINTY_UNAVAILABLE_FOR_BETTING;DIAGNOSTIC_EARLY_SNAPSHOT,local:v11-prospective-observer,2026-09-26T13:00:27.689180Z,2026-09-26T13:00:05Z,1.1.0,08b7479d8851405a700c03a2ecd7aacbb77bc809a3c5642b9fdacbfed89f3fc5
e12be34334d929571653c7fd5330c4761a1b31b120d532717b1af77bde9299ce,challenger-0.2.0,5c8bf3ec348a261ab2c0ce94bd8cc315f754a8dc991c15c20d0d961d06997984,49fadb583b0dee0ba78c242826cb3e521cee0c4af2da837cfd5df18936598793,159ec87beb47e140832d992a80618f94b5cef5681c9d11c24e999ce1cad03b10,dffe8acdbd3e011d12e5e45e08331fd300f3b67f,8b8b5771-d3ca-480c-9980-dac450e82c42,0339a0e41bcee12820eb3e64bb5fadb4,2026_03_KC_MIA,2026,3,2026-09-27T17:00:00Z,totals,OVER,2026-09-26T13:00:30.675609Z,2026-09-26T13:00:27.208512Z,2026-09-22T18:51:43.097248Z,3ecdbfbaf3290a1d0f9b9aee517e61634d37a7bdde41367b8b77ffdf6363f311,97c4e83c5cfcfb2ad658df89bc463801caa63489b5874c631d9c5aea4c1a12e1,2026-09-26T13:00:05Z,45.0,-110,-104,0.5067750677506776,1.0336134453781511,45.13333333333334,,INCOMPARABLE_POINTS,3,-1.8246217829581397,0.0,45.0,0.4856689348927987,0.5067750677506776,0.5028677086726456,0.0077102433144053545,0.48942204801294903,MODELED_DEVELOPMENT_MARGIN_SHADOW_ONLY,SHADOW_ELIGIBLE,PASS,EXPERIMENTAL_SHADOW_NO_STAKES;SHADOW_ELIGIBLE,local:challenger+the-odds-api,2026-09-26T13:00:30.675609Z,2026-09-26T13:00:05Z,1.1.0,5e50323a9e3d53699c1d4732225e76f04e5c39ceaa0a2d51c14de663a16ff6f7
8a30ab3d4c5273f413366e82ef5b8704a51a20fce3b7cadd04f7a809a2132111,1.1.2,6590a4bbb77802175afa4c406de831d596569cbf2e1f596de7df0910f43e8fd5,e51f21289a5f63ada7c1746ad6385412db3f6a4e7fc3ba4e33e43fbdb6e9bf14,241bade8665d15f1855e8ed5cb5a8f8bc3dbb5e66c87d76b45ab5d76f1caa9f7,dffe8acdbd3e011d12e5e45e08331fd300f3b67f,d2d710b1-c436-4180-8c43-56a6e84b5e0f,0339a0e41bcee12820eb3e64bb5fadb4,2026_03_KC_MIA,2026,3,2026-09-27T17:00:00Z,totals,OVER,2026-09-26T21:00:26.360329Z,2026-09-26T21:00:25.892304Z,2026-09-22T18:51:43.097248Z,bb86d96ac8c5a37027060695827d4ca64ef6cc1d2ef5b5808941c85556f173d5,770dff6a2047ba7ec0a59087768cae6344918f690b48fcec8da767d211bc4307,2026-09-26T20:59:57Z,45.0,-110,-104,0.5067750677506776,1.0336134453781511,45.13333333333334,,INCOMPARABLE_POINTS,3,-0.357155014171371,0.1161508759454473,44.95851613225569,0.4842678577186861,0.48160713961505136,0.48160713961505136,0.0,0.5183928603849486,UNAVAILABLE_FOR_BETTING,DIAGNOSTIC_EARLY_SNAPSHOT,PASS,MODEL_LOCKED_UNTESTED_2026;UNCERTAINTY_UNAVAILABLE_FOR_BETTING;DIAGNOSTIC_EARLY_SNAPSHOT,local:v11-prospective-observer,2026-09-26T21:00:26.360329Z,2026-09-26T20:59:57Z,1.1.0,c8deaf1d565395915bd8e9829c56d8951be0a5d3b8b100bae95e468935731fb1
cac77c71773c01285eab6150743567d8a642a33c790328cbfc9945c2f4d41ba1,challenger-0.2.0,5c8bf3ec348a261ab2c0ce94bd8cc315f754a8dc991c15c20d0d961d06997984,49fadb583b0dee0ba78c242826cb3e521cee0c4af2da837cfd5df18936598793,159ec87beb47e140832d992a80618f94b5cef5681c9d11c24e999ce1cad03b10,dffe8acdbd3e011d12e5e45e08331fd300f3b67f,d2d710b1-c436-4180-8c43-56a6e84b5e0f,0339a0e41bcee12820eb3e64bb5fadb4,2026_03_KC_MIA,2026,3,2026-09-27T17:00:00Z,totals,OVER,2026-09-26T21:00:29.199963Z,2026-09-26T21:00:25.892304Z,2026-09-22T18:51:43.097248Z,3ecdbfbaf3290a1d0f9b9aee517e61634d37a7bdde41367b8b77ffdf6363f311,97c4e83c5cfcfb2ad658df89bc463801caa63489b5874c631d9c5aea4c1a12e1,2026-09-26T20:59:57Z,45.0,-110,-104,0.5067750677506776,1.0336134453781511,45.13333333333334,,INCOMPARABLE_POINTS,3,-1.8246217829581397,0.0,45.0,0.4856689348927987,0.5067750677506776,0.5028677086726456,0.0077102433144053545,0.48942204801294903,MODELED_DEVELOPMENT_MARGIN_SHADOW_ONLY,SHADOW_ELIGIBLE,PASS,EXPERIMENTAL_SHADOW_NO_STAKES;SHADOW_ELIGIBLE,local:challenger+the-odds-api,2026-09-26T21:00:29.199963Z,2026-09-26T20:59:57Z,1.1.0,af4056a54fa3792a12bd358be0d707361d662677cb909c4741aea58903d46fab
1fb6b13c6797732d6c12504d655e1ad98322c0ad30c8cf0871001d8acb4eea5d,1.1.2,6590a4bbb77802175afa4c406de831d596569cbf2e1f596de7df0910f43e8fd5,e51f21289a5f63ada7c1746ad6385412db3f6a4e7fc3ba4e33e43fbdb6e9bf14,241bade8665d15f1855e8ed5cb5a8f8bc3dbb5e66c87d76b45ab5d76f1caa9f7,dffe8acdbd3e011d12e5e45e08331fd300f3b67f,214053eb-5084-4022-8817-4ddbbf933e60,0339a0e41bcee12820eb3e64bb5fadb4,2026_03_KC_MIA,2026,3,2026-09-27T17:00:00Z,totals,OVER,2026-09-27T03:00:57.907341Z,2026-09-27T03:00:57.384540Z,2026-09-22T18:51:43.097248Z,bb86d96ac8c5a37027060695827d4ca64ef6cc1d2ef5b5808941c85556f173d5,770dff6a2047ba7ec0a59087768cae6344918f690b48fcec8da767d211bc4307,2026-09-27T03:00:51Z,45.0,-110,-104,0.5067750677506776,1.0336134453781511,45.2,,INCOMPARABLE_POINTS,3,-0.357155014171371,0.1161508759454473,44.95851613225569,0.4842678577186861,0.48160713961505136,0.48160713961505136,0.0,0.5183928603849486,UNAVAILABLE_FOR_BETTING,DIAGNOSTIC_EARLY_SNAPSHOT,PASS,MODEL_LOCKED_UNTESTED_2026;UNCERTAINTY_UNAVAILABLE_FOR_BETTING;DIAGNOSTIC_EARLY_SNAPSHOT,local:v11-prospective-observer,2026-09-27T03:00:57.907341Z,2026-09-27T03:00:51Z,1.1.0,46c64f83c14e11460997010b85b67a791d9dec39949e73c0534d385753ec4fa8
f517cb246ac1df63a64b323d8cf95801fa0f29704d52713ea61234e115f31b64,challenger-0.2.0,5c8bf3ec348a261ab2c0ce94bd8cc315f754a8dc991c15c20d0d961d06997984,49fadb583b0dee0ba78c242826cb3e521cee0c4af2da837cfd5df18936598793,159ec87beb47e140832d992a80618f94b5cef5681c9d11c24e999ce1cad03b10,dffe8acdbd3e011d12e5e45e08331fd300f3b67f,214053eb-5084-4022-8817-4ddbbf933e60,0339a0e41bcee12820eb3e64bb5fadb4,2026_03_KC_MIA,2026,3,2026-09-27T17:00:00Z,totals,OVER,2026-09-27T03:01:00.857309Z,2026-09-27T03:00:57.384540Z,2026-09-22T18:51:43.097248Z,3ecdbfbaf3290a1d0f9b9aee517e61634d37a7bdde41367b8b77ffdf6363f311,97c4e83c5cfcfb2ad658df89bc463801caa63489b5874c631d9c5aea4c1a12e1,2026-09-27T03:00:51Z,45.0,-110,-104,0.5067750677506776,1.0336134453781511,45.2,,INCOMPARABLE_POINTS,3,-1.8246217829581397,0.0,45.0,0.4856689348927987,0.5067750677506776,0.5028677086726456,0.0077102433144053545,0.48942204801294903,MODELED_DEVELOPMENT_MARGIN_SHADOW_ONLY,SHADOW_ELIGIBLE,PASS,EXPERIMENTAL_SHADOW_NO_STAKES;SHADOW_ELIGIBLE,local:challenger+the-odds-api,2026-09-27T03:01:00.857309Z,2026-09-27T03:00:51Z,1.1.0,34a208e82811ad432e9afa93b7539ada622234d938a856b9a913ce11ad1624a0
868e21addfd2a5d60b4e7dc3d8f23956942762b7496e67d277c93086707f1c39,1.1.2,6590a4bbb77802175afa4c406de831d596569cbf2e1f596de7df0910f43e8fd5,e51f21289a5f63ada7c1746ad6385412db3f6a4e7fc3ba4e33e43fbdb6e9bf14,241bade8665d15f1855e8ed5cb5a8f8bc3dbb5e66c87d76b45ab5d76f1caa9f7,b143eda428696625817bd7042b4cf3a453477386,e1878b61-7760-4e06-9ca0-bec5e38d131c,0339a0e41bcee12820eb3e64bb5fadb4,2026_03_KC_MIA,2026,3,2026-09-27T17:00:00Z,totals,OVER,2026-09-27T12:45:22.508290Z,2026-09-27T12:45:22.019645Z,2026-09-22T18:51:43.097248Z,bb86d96ac8c5a37027060695827d4ca64ef6cc1d2ef5b5808941c85556f173d5,770dff6a2047ba7ec0a59087768cae6344918f690b48fcec8da767d211bc4307,2026-09-27T12:45:16Z,45.0,-109,-103,0.506872222476749,1.0289202630400451,45.2,,INCOMPARABLE_POINTS,3,-0.357155014171371,0.1161508759454473,44.95851613225569,0.4842678577186861,0.48160713961505136,0.48160713961505136,0.0,0.5183928603849486,UNAVAILABLE_FOR_BETTING,DIAGNOSTIC_EARLY_SNAPSHOT,PASS,MODEL_LOCKED_UNTESTED_2026;UNCERTAINTY_UNAVAILABLE_FOR_BETTING;DIAGNOSTIC_EARLY_SNAPSHOT,local:v11-prospective-observer,2026-09-27T12:45:22.508290Z,2026-09-27T12:45:16Z,1.1.0,b551b24b15f9c2c3e030490d8af74c325f714ce456b66ee65fc6557e4a351139
a609ee0ab5ea6e9d873145a88fc93acee5e6fb7128c40281721f4b4b951a9b86,challenger-0.2.0,5c8bf3ec348a261ab2c0ce94bd8cc315f754a8dc991c15c20d0d961d06997984,49fadb583b0dee0ba78c242826cb3e521cee0c4af2da837cfd5df18936598793,159ec87beb47e140832d992a80618f94b5cef5681c9d11c24e999ce1cad03b10,b143eda428696625817bd7042b4cf3a453477386,e1878b61-7760-4e06-9ca0-bec5e38d131c,0339a0e41bcee12820eb3e64bb5fadb4,2026_03_KC_MIA,2026,3,2026-09-27T17:00:00Z,totals,OVER,2026-09-27T12:45:25.295673Z,2026-09-27T12:45:22.019645Z,2026-09-22T18:51:43.097248Z,3ecdbfbaf3290a1d0f9b9aee517e61634d37a7bdde41367b8b77ffdf6363f311,97c4e83c5cfcfb2ad658df89bc463801caa63489b5874c631d9c5aea4c1a12e1,2026-09-27T12:45:16Z,45.0,-109,-103,0.506872222476749,1.0289202630400451,45.2,,INCOMPARABLE_POINTS,3,-1.8246217829581397,0.0,45.0,0.4856689348927987,0.506872222476749,0.5029641143121398,0.0077102433144053545,0.48932564237345477,MODELED_DEVELOPMENT_MARGIN_SHADOW_ONLY,SHADOW_ELIGIBLE,PASS,EXPERIMENTAL_SHADOW_NO_STAKES;SHADOW_ELIGIBLE,local:challenger+the-odds-api,2026-09-27T12:45:25.295673Z,2026-09-27T12:45:16Z,1.1.0,2d5087b0955753c72b36a572ea763555390929f777c1b3c8c9d60cc5658c3410
9693ec54828fada002fd25a1ecbd7a5375ebfcd5027f973c7c91200db499e527,1.1.2,6590a4bbb77802175afa4c406de831d596569cbf2e1f596de7df0910f43e8fd5,e51f21289a5f63ada7c1746ad6385412db3f6a4e7fc3ba4e33e43fbdb6e9bf14,241bade8665d15f1855e8ed5cb5a8f8bc3dbb5e66c87d76b45ab5d76f1caa9f7,c8df716c912e3f6e3b11d508f2988b51a9d4b5a7,d4b87e91-991a-4aa9-bfef-bc8de675e276,b225458a282e140c44c45651255f2f6c,2026_03_LAC_BUF,2026,3,2026-09-27T17:00:00Z,spreads,HOME,2026-09-23T13:00:21.951453Z,2026-09-23T13:00:21.551276Z,2026-09-22T18:51:43.097248Z,bb86d96ac8c5a37027060695827d4ca64ef6cc1d2ef5b5808941c85556f173d5,1c02241ef3f59f23156d3e1d9cb8ebef15ef2da6248c75c8618de6acbe2e7c39,2026-09-23T13:00:20Z,7.5,101,-113,0.48394792447685914,1.028028869735828,7.366666666666667,,INCOMPARABLE_POINTS,3,-0.020611270833505564,0.0,7.5,0.4132336553140684,0.4773248232889265,0.4763504232365733,0.0020413772860989666,0.5216081994773278,UNAVAILABLE_FOR_BETTING,DIAGNOSTIC_EARLY_SNAPSHOT,PASS,MODEL_LOCKED_UNTESTED_2026;UNCERTAINTY_UNAVAILABLE_FOR_BETTING;DIAGNOSTIC_EARLY_SNAPSHOT,local:v11-prospective-observer,2026-09-23T13:00:21.951453Z,2026-09-23T13:00:20Z,1.1.0,12f6a88e4f0b21152a151321986eedafb9379dac3fee191b7d08fa828bc7f6dd
e3e565d358d1d72c88cc1c8baa5c39d16b01d64fc7f614d02adc85dcba1c8909,challenger-0.2.0,5c8bf3ec348a261ab2c0ce94bd8cc315f754a8dc991c15c20d0d961d06997984,49fadb583b0dee0ba78c242826cb3e521cee0c4af2da837cfd5df18936598793,159ec87beb47e140832d992a80618f94b5cef5681c9d11c24e999ce1cad03b10,c8df716c912e3f6e3b11d508f2988b51a9d4b5a7,d4b87e91-991a-4aa9-bfef-bc8de675e276,b225458a282e140c44c45651255f2f6c,2026_03_LAC_BUF,2026,3,2026-09-27T17:00:00Z,spreads,HOME,2026-09-23T13:00:24.484171Z,2026-09-23T13:00:21.551276Z,2026-09-22T18:51:43.097248Z,3ecdbfbaf3290a1d0f9b9aee517e61634d37a7bdde41367b8b77ffdf6363f311,9c55947d69a275c4e33a488f95117d73decedf11d4171ee4eb9ceb8d884ce2f5,2026-09-23T13:00:20Z,7.5,101,-113,0.48394792447685914,1.028028869735828,7.366666666666667,,INCOMPARABLE_POINTS,3,0.17208538769756743,0.0,7.5,0.4141422372169064,0.48394792447685914,0.48270350034667897,0.002571400903362362,0.5147250987499585,MODELED_DEVELOPMENT_MARGIN_SHADOW_ONLY,SHADOW_ELIGIBLE,PASS,EXPERIMENTAL_SHADOW_NO_STAKES;SHADOW_ELIGIBLE,local:challenger+the-odds-api,2026-09-23T13:00:24.484171Z,2026-09-23T13:00:20Z,1.1.0,9092fd4665016c116faea6257cdda005af89820bec984212d1be4cef73317d82
834e79b292e211ba9831129b92398f534a94e4dc58d2ae11988bc9cbee290a40,1.1.2,6590a4bbb77802175afa4c406de831d596569cbf2e1f596de7df0910f43e8fd5,e51f21289a5f63ada7c1746ad6385412db3f6a4e7fc3ba4e33e43fbdb6e9bf14,241bade8665d15f1855e8ed5cb5a8f8bc3dbb5e66c87d76b45ab5d76f1caa9f7,dffe8acdbd3e011d12e5e45e08331fd300f3b67f,d842d1fe-0de3-48ea-8341-bb9cfc6a6383,b225458a282e140c44c45651255f2f6c,2026_03_LAC_BUF,2026,3,2026-09-27T17:00:00Z,spreads,HOME,2026-09-24T16:00:22.882475Z,2026-09-24T16:00:22.454081Z,2026-09-22T18:51:43.097248Z,bb86d96ac8c5a37027060695827d4ca64ef6cc1d2ef5b5808941c85556f173d5,1c02241ef3f59f23156d3e1d9cb8ebef15ef2da6248c75c8618de6acbe2e7c39,2026-09-24T16:00:17Z,7.5,101,-114,0.4829173624588166,1.0302227181847772,7.366666666666667,,INCOMPARABLE_POINTS,3,-0.020611270833505564,0.0,7.5,0.4132336553140684,0.4773248232889265,0.4763504232365733,0.0020413772860989666,0.5216081994773278,UNAVAILABLE_FOR_BETTING,DIAGNOSTIC_EARLY_SNAPSHOT,PASS,MODEL_LOCKED_UNTESTED_2026;UNCERTAINTY_UNAVAILABLE_FOR_BETTING;DIAGNOSTIC_EARLY_SNAPSHOT,local:v11-prospective-observer,2026-09-24T16:00:22.882475Z,2026-09-24T16:00:17Z,1.1.0,f40e2107f4c0a0459430e872b2b63f979f542ad804f2f8a7aee0508106f04840
e2d4087d7563a228056e856b95768ba96c1da4532e9f6e67e6878c159192a0c4,challenger-0.2.0,5c8bf3ec348a261ab2c0ce94bd8cc315f754a8dc991c15c20d0d961d06997984,49fadb583b0dee0ba78c242826cb3e521cee0c4af2da837cfd5df18936598793,159ec87beb47e140832d992a80618f94b5cef5681c9d11c24e999ce1cad03b10,dffe8acdbd3e011d12e5e45e08331fd300f3b67f,d842d1fe-0de3-48ea-8341-bb9cfc6a6383,b225458a282e140c44c45651255f2f6c,2026_03_LAC_BUF,2026,3,2026-09-27T17:00:00Z,spreads,HOME,2026-09-24T16:00:25.607332Z,2026-09-24T16:00:22.454081Z,2026-09-22T18:51:43.097248Z,3ecdbfbaf3290a1d0f9b9aee517e61634d37a7bdde41367b8b77ffdf6363f311,9c55947d69a275c4e33a488f95117d73decedf11d4171ee4eb9ceb8d884ce2f5,2026-09-24T16:00:17Z,7.5,101,-114,0.4829173624588166,1.0302227181847772,7.366666666666667,,INCOMPARABLE_POINTS,3,0.17208538769756743,0.0,7.5,0.4141422372169064,0.4829173624588166,0.4816755883167406,0.002571400903362362,0.515753010779897,MODELED_DEVELOPMENT_MARGIN_SHADOW_ONLY,SHADOW_ELIGIBLE,PASS,EXPERIMENTAL_SHADOW_NO_STAKES;SHADOW_ELIGIBLE,local:challenger+the-odds-api,2026-09-24T16:00:25.607332Z,2026-09-24T16:00:17Z,1.1.0,6968d0d7998749f13e813b73b8baa1aada4603d69f299c81203129e427c9fe53
26601d21f09649b474f515b268423a5177775c99444914d2b60df58d95d86ea0,challenger-0.2.0,5c8bf3ec348a261ab2c0ce94bd8cc315f754a8dc991c15c20d0d961d06997984,49fadb583b0dee0ba78c242826cb3e521cee0c4af2da837cfd5df18936598793,159ec87beb47e140832d992a80618f94b5cef5681c9d11c24e999ce1cad03b10,dffe8acdbd3e011d12e5e45e08331fd300f3b67f,b7f8819c-86a9-428f-bb46-debf3999015c,b225458a282e140c44c45651255f2f6c,2026_03_LAC_BUF,2026,3,2026-09-27T17:00:00Z,spreads,HOME,2026-09-25T21:00:31.801654Z,2026-09-25T21:00:28.639096Z,2026-09-22T18:51:43.097248Z,3ecdbfbaf3290a1d0f9b9aee517e61634d37a7bdde41367b8b77ffdf6363f311,9c55947d69a275c4e33a488f95117d73decedf11d4171ee4eb9ceb8d884ce2f5,2026-09-25T20:59:58Z,7.5,103,-116,0.47842650837246387,1.0296478744754607,7.366666666666667,,INCOMPARABLE_POINTS,3,0.17208538769756743,0.0,7.5,0.4141422372169064,0.47842650837246387,0.4771962820166424,0.002571400903362362,0.5202323170799952,MODELED_DEVELOPMENT_MARGIN_SHADOW_ONLY,SHADOW_ELIGIBLE,PASS,EXPERIMENTAL_SHADOW_NO_STAKES;SHADOW_ELIGIBLE,local:challenger+the-odds-api,2026-09-25T21:00:31.801654Z,2026-09-25T20:59:58Z,1.1.0,fae5b80e063f76a9321f3370fe97dc9099c83a67f0860f1670bb21070ac1d6f8
4a946f7cb4571f8d36f497ae833d964c3812d2af1afcddd2b55b520d05504e70,1.1.2,6590a4bbb77802175afa4c406de831d596569cbf2e1f596de7df0910f43e8fd5,e51f21289a5f63ada7c1746ad6385412db3f6a4e7fc3ba4e33e43fbdb6e9bf14,241bade8665d15f1855e8ed5cb5a8f8bc3dbb5e66c87d76b45ab5d76f1caa9f7,dffe8acdbd3e011d12e5e45e08331fd300f3b67f,b7f8819c-86a9-428f-bb46-debf3999015c,b225458a282e140c44c45651255f2f6c,2026_03_LAC_BUF,2026,3,2026-09-27T17:00:00Z,spreads,HOME,2026-09-25T21:00:29.089372Z,2026-09-25T21:00:28.639096Z,2026-09-22T18:51:43.097248Z,bb86d96ac8c5a37027060695827d4ca64ef6cc1d2ef5b5808941c85556f173d5,1c02241ef3f59f23156d3e1d9cb8ebef15ef2da6248c75c8618de6acbe2e7c39,2026-09-25T20:59:58Z,7.5,103,-116,0.47842650837246387,1.0296478744754607,7.366666666666667,,INCOMPARABLE_POINTS,3,-0.020611270833505564,0.0,7.5,0.4132336553140684,0.4773248232889265,0.4763504232365733,0.0020413772860989666,0.5216081994773278,UNAVAILABLE_FOR_BETTING,DIAGNOSTIC_EARLY_SNAPSHOT,PASS,MODEL_LOCKED_UNTESTED_2026;UNCERTAINTY_UNAVAILABLE_FOR_BETTING;DIAGNOSTIC_EARLY_SNAPSHOT,local:v11-prospective-observer,2026-09-25T21:00:29.089372Z,2026-09-25T20:59:58Z,1.1.0,f6c55be017ab71b3e5b7468eb21eae6caec7d8a42c654e158d07adcb27608f33
f20a9eab9ac577155cfad1e9745aa20b696e8a68ad9b7e5558f11f1fde4b5285,challenger-0.2.0,5c8bf3ec348a261ab2c0ce94bd8cc315f754a8dc991c15c20d0d961d06997984,49fadb583b0dee0ba78c242826cb3e521cee0c4af2da837cfd5df18936598793,159ec87beb47e140832d992a80618f94b5cef5681c9d11c24e999ce1cad03b10,dffe8acdbd3e011d12e5e45e08331fd300f3b67f,8b8b5771-d3ca-480c-9980-dac450e82c42,b225458a282e140c44c45651255f2f6c,2026_03_LAC_BUF,2026,3,2026-09-27T17:00:00Z,spreads,HOME,2026-09-26T13:00:30.675609Z,2026-09-26T13:00:27.208512Z,2026-09-22T18:51:43.097248Z,3ecdbfbaf3290a1d0f9b9aee517e61634d37a7bdde41367b8b77ffdf6363f311,9c55947d69a275c4e33a488f95117d73decedf11d4171ee4eb9ceb8d884ce2f5,2026-09-26T13:00:05Z,7.5,103,-116,0.47842650837246387,1.0296478744754607,7.366666666666667,,INCOMPARABLE_POINTS,3,0.17208538769756743,0.0,7.5,0.4141422372169064,0.47842650837246387,0.4771962820166424,0.002571400903362362,0.5202323170799952,MODELED_DEVELOPMENT_MARGIN_SHADOW_ONLY,SHADOW_ELIGIBLE,PASS,EXPERIMENTAL_SHADOW_NO_STAKES;SHADOW_ELIGIBLE,local:challenger+the-odds-api,2026-09-26T13:00:30.675609Z,2026-09-26T13:00:05Z,1.1.0,65e9d62c582ade33ef5723b84b860b8214b1b19b84bb02352cc2cd16834b6964
f58c8a4d3f5932335cf23c43d32abd8ab5ee35e3e4fcc92b0cc10c999464b945,1.1.2,6590a4bbb77802175afa4c406de831d596569cbf2e1f596de7df0910f43e8fd5,e51f21289a5f63ada7c1746ad6385412db3f6a4e7fc3ba4e33e43fbdb6e9bf14,241bade8665d15f1855e8ed5cb5a8f8bc3dbb5e66c87d76b45ab5d76f1caa9f7,dffe8acdbd3e011d12e5e45e08331fd300f3b67f,8b8b5771-d3ca-480c-9980-dac450e82c42,b225458a282e140c44c45651255f2f6c,2026_03_LAC_BUF,2026,3,2026-09-27T17:00:00Z,spreads,HOME,2026-09-26T13:00:27.689180Z,2026-09-26T13:00:27.208512Z,2026-09-22T18:51:43.097248Z,bb86d96ac8c5a37027060695827d4ca64ef6cc1d2ef5b5808941c85556f173d5,1c02241ef3f59f23156d3e1d9cb8ebef15ef2da6248c75c8618de6acbe2e7c39,2026-09-26T13:00:05Z,7.5,103,-116,0.47842650837246387,1.0296478744754607,7.366666666666667,,INCOMPARABLE_POINTS,3,-0.020611270833505564,0.0,7.5,0.4132336553140684,0.4773248232889265,0.4763504232365733,0.0020413772860989666,0.5216081994773278,UNAVAILABLE_FOR_BETTING,DIAGNOSTIC_EARLY_SNAPSHOT,PASS,MODEL_LOCKED_UNTESTED_2026;UNCERTAINTY_UNAVAILABLE_FOR_BETTING;DIAGNOSTIC_EARLY_SNAPSHOT,local:v11-prospective-observer,2026-09-26T13:00:27.689180Z,2026-09-26T13:00:05Z,1.1.0,c4ddbf20c694e006d32401df405b49ad5655ab12424eb0be5587cfe24f7a086f
23a9620375e63527516928c2d075f220bb0fbba37fef1706e8fe3573131daa48,1.1.2,6590a4bbb77802175afa4c406de831d596569cbf2e1f596de7df0910f43e8fd5,e51f21289a5f63ada7c1746ad6385412db3f6a4e7fc3ba4e33e43fbdb6e9bf14,241bade8665d15f1855e8ed5cb5a8f8bc3dbb5e66c87d76b45ab5d76f1caa9f7,dffe8acdbd3e011d12e5e45e08331fd300f3b67f,d2d710b1-c436-4180-8c43-56a6e84b5e0f,b225458a282e140c44c45651255f2f6c,2026_03_LAC_BUF,2026,3,2026-09-27T17:00:00Z,spreads,HOME,2026-09-26T21:00:26.360329Z,2026-09-26T21:00:25.892304Z,2026-09-22T18:51:43.097248Z,bb86d96ac8c5a37027060695827d4ca64ef6cc1d2ef5b5808941c85556f173d5,1c02241ef3f59f23156d3e1d9cb8ebef15ef2da6248c75c8618de6acbe2e7c39,2026-09-26T20:59:56Z,7.5,103,-116,0.47842650837246387,1.0296478744754607,7.366666666666667,,INCOMPARABLE_POINTS,3,-0.020611270833505564,0.0,7.5,0.4132336553140684,0.4773248232889265,0.4763504232365733,0.0020413772860989666,0.5216081994773278,UNAVAILABLE_FOR_BETTING,DIAGNOSTIC_EARLY_SNAPSHOT,PASS,MODEL_LOCKED_UNTESTED_2026;UNCERTAINTY_UNAVAILABLE_FOR_BETTING;DIAGNOSTIC_EARLY_SNAPSHOT,local:v11-prospective-observer,2026-09-26T21:00:26.360329Z,2026-09-26T20:59:56Z,1.1.0,2bbc3bb31c2cc36a7dd8b8e3a49e601e8b337256f75be4bb03c4eba6fe78b353
8367f2b5416c9fde0fa79310cdbef041d1aa59c45577727d1cdae50731593bfc,challenger-0.2.0,5c8bf3ec348a261ab2c0ce94bd8cc315f754a8dc991c15c20d0d961d06997984,49fadb583b0dee0ba78c242826cb3e521cee0c4af2da837cfd5df18936598793,159ec87beb47e140832d992a80618f94b5cef5681c9d11c24e999ce1cad03b10,dffe8acdbd3e011d12e5e45e08331fd300f3b67f,d2d710b1-c436-4180-8c43-56a6e84b5e0f,b225458a282e140c44c45651255f2f6c,2026_03_LAC_BUF,2026,3,2026-09-27T17:00:00Z,spreads,HOME,2026-09-26T21:00:29.199963Z,2026-09-26T21:00:25.892304Z,2026-09-22T18:51:43.097248Z,3ecdbfbaf3290a1d0f9b9aee517e61634d37a7bdde41367b8b77ffdf6363f311,9c55947d69a275c4e33a488f95117d73decedf11d4171ee4eb9ceb8d884ce2f5,2026-09-26T20:59:56Z,7.5,103,-116,0.47842650837246387,1.0296478744754607,7.366666666666667,,INCOMPARABLE_POINTS,3,0.17208538769756743,0.0,7.5,0.4141422372169064,0.47842650837246387,0.4771962820166424,0.002571400903362362,0.5202323170799952,MODELED_DEVELOPMENT_MARGIN_SHADOW_ONLY,SHADOW_ELIGIBLE,PASS,EXPERIMENTAL_SHADOW_NO_STAKES;SHADOW_ELIGIBLE,local:challenger+the-odds-api,2026-09-26T21:00:29.199963Z,2026-09-26T20:59:56Z,1.1.0,63cc6c1ce7ce04cb2a1441e2bcdc7a7349b0d5e9d865ced5a3e35742a21844b5
6d5ffc191245f8e455ef69dbf7d7754132fc2b0534b176a9e2eef0b790c65c69,challenger-0.2.0,5c8bf3ec348a261ab2c0ce94bd8cc315f754a8dc991c15c20d0d961d06997984,49fadb583b0dee0ba78c242826cb3e521cee0c4af2da837cfd5df18936598793,159ec87beb47e140832d992a80618f94b5cef5681c9d11c24e999ce1cad03b10,dffe8acdbd3e011d12e5e45e08331fd300f3b67f,214053eb-5084-4022-8817-4ddbbf933e60,b225458a282e140c44c45651255f2f6c,2026_03_LAC_BUF,2026,3,2026-09-27T17:00:00Z,spreads,HOME,2026-09-27T03:01:00.857309Z,2026-09-27T03:00:57.384540Z,2026-09-22T18:51:43.097248Z,3ecdbfbaf3290a1d0f9b9aee517e61634d37a7bdde41367b8b77ffdf6363f311,9c55947d69a275c4e33a488f95117d73decedf11d4171ee4eb9ceb8d884ce2f5,2026-09-27T03:00:51Z,7.5,102,-115,0.48066174826738206,1.0299332258807277,7.366666666666667,,INCOMPARABLE_POINTS,3,0.17208538769756743,0.0,7.5,0.4141422372169064,0.48066174826738206,0.47942577421367555,0.002571400903362362,0.518002824882962,MODELED_DEVELOPMENT_MARGIN_SHADOW_ONLY,SHADOW_ELIGIBLE,PASS,EXPERIMENTAL_SHADOW_NO_STAKES;SHADOW_ELIGIBLE,local:challenger+the-odds-api,2026-09-27T03:01:00.857309Z,2026-09-27T03:00:51Z,1.1.0,7b9f6d4eb683ce8498dd34c352d51eec41b3a06053ad68253b7fe41b973d7762
7bc9bfff848f74ec0ceaea998fd07ad01c0f6f91c42c38e5e4afa161c1e2a738,1.1.2,6590a4bbb77802175afa4c406de831d596569cbf2e1f596de7df0910f43e8fd5,e51f21289a5f63ada7c1746ad6385412db3f6a4e7fc3ba4e33e43fbdb6e9bf14,241bade8665d15f1855e8ed5cb5a8f8bc3dbb5e66c87d76b45ab5d76f1caa9f7,dffe8acdbd3e011d12e5e45e08331fd300f3b67f,214053eb-5084-4022-8817-4ddbbf933e60,b225458a282e140c44c45651255f2f6c,2026_03_LAC_BUF,2026,3,2026-09-27T17:00:00Z,spreads,HOME,2026-09-27T03:00:57.907341Z,2026-09-27T03:00:57.384540Z,2026-09-22T18:51:43.097248Z,bb86d96ac8c5a37027060695827d4ca64ef6cc1d2ef5b5808941c85556f173d5,1c02241ef3f59f23156d3e1d9cb8ebef15ef2da6248c75c8618de6acbe2e7c39,2026-09-27T03:00:51Z,7.5,102,-115,0.48066174826738206,1.0299332258807277,7.366666666666667,,INCOMPARABLE_POINTS,3,-0.020611270833505564,0.0,7.5,0.4132336553140684,0.4773248232889265,0.4763504232365733,0.0020413772860989666,0.5216081994773278,UNAVAILABLE_FOR_BETTING,DIAGNOSTIC_EARLY_SNAPSHOT,PASS,MODEL_LOCKED_UNTESTED_2026;UNCERTAINTY_UNAVAILABLE_FOR_BETTING;DIAGNOSTIC_EARLY_SNAPSHOT,local:v11-prospective-observer,2026-09-27T03:00:57.907341Z,2026-09-27T03:00:51Z,1.1.0,aaf2334716b9f2cf4ef8ee6636897a5f87eab2a89c222a6e085d94c434f01515
631bc09c0fa22fad16eaa7d3c6d88acd241500a7021879ab1da5040a5ab17828,challenger-0.2.0,5c8bf3ec348a261ab2c0ce94bd8cc315f754a8dc991c15c20d0d961d06997984,49fadb583b0dee0ba78c242826cb3e521cee0c4af2da837cfd5df18936598793,159ec87beb47e140832d992a80618f94b5cef5681c9d11c24e999ce1cad03b10,b143eda428696625817bd7042b4cf3a453477386,e1878b61-7760-4e06-9ca0-bec5e38d131c,b225458a282e140c44c45651255f2f6c,2026_03_LAC_BUF,2026,3,2026-09-27T17:00:00Z,spreads,HOME,2026-09-27T12:45:25.295673Z,2026-09-27T12:45:22.019645Z,2026-09-22T18:51:43.097248Z,3ecdbfbaf3290a1d0f9b9aee517e61634d37a7bdde41367b8b77ffdf6363f311,9c55947d69a275c4e33a488f95117d73decedf11d4171ee4eb9ceb8d884ce2f5,2026-09-27T12:45:16Z,7.5,104,-115,0.4782028469750889,1.0250797993616052,7.366666666666667,,INCOMPARABLE_POINTS,3,0.17208538769756743,0.0,7.5,0.4141422372169064,0.4782028469750889,0.4769731957423867,0.002571400903362362,0.5204554033542509,MODELED_DEVELOPMENT_MARGIN_SHADOW_ONLY,SHADOW_ELIGIBLE,PASS,EXPERIMENTAL_SHADOW_NO_STAKES;SHADOW_ELIGIBLE,local:challenger+the-odds-api,2026-09-27T12:45:25.295673Z,2026-09-27T12:45:16Z,1.1.0,49c4786bc07165fc1905b7d9fb5aa0929bb942e5cc09b9d0ca03cd6b8e68f750
d22316acb39208140c65546a28ba44ff33e7acba5d0442b15a87885d68f494aa,1.1.2,6590a4bbb77802175afa4c406de831d596569cbf2e1f596de7df0910f43e8fd5,e51f21289a5f63ada7c1746ad6385412db3f6a4e7fc3ba4e33e43fbdb6e9bf14,241bade8665d15f1855e8ed5cb5a8f8bc3dbb5e66c87d76b45ab5d76f1caa9f7,b143eda428696625817bd7042b4cf3a453477386,e1878b61-7760-4e06-9ca0-bec5e38d131c,b225458a282e140c44c45651255f2f6c,2026_03_LAC_BUF,2026,3,2026-09-27T17:00:00Z,spreads,HOME,2026-09-27T12:45:22.508290Z,2026-09-27T12:45:22.019645Z,2026-09-22T18:51:43.097248Z,bb86d96ac8c5a37027060695827d4ca64ef6cc1d2ef5b5808941c85556f173d5,1c02241ef3f59f23156d3e1d9cb8ebef15ef2da6248c75c8618de6acbe2e7c39,2026-09-27T12:45:16Z,7.5,104,-115,0.4782028469750889,1.0250797993616052,7.366666666666667,,INCOMPARABLE_POINTS,3,-0.020611270833505564,0.0,7.5,0.4132336553140684,0.4773248232889265,0.4763504232365733,0.0020413772860989666,0.5216081994773278,UNAVAILABLE_FOR_BETTING,DIAGNOSTIC_EARLY_SNAPSHOT,PASS,MODEL_LOCKED_UNTESTED_2026;UNCERTAINTY_UNAVAILABLE_FOR_BETTING;DIAGNOSTIC_EARLY_SNAPSHOT,local:v11-prospective-observer,2026-09-27T12:45:22.508290Z,2026-09-27T12:45:16Z,1.1.0,480ceb7a44e7c6aef38a99401bcde1dff703f7f1a88f24305be25fa71b05cbc7
1538cba7e321f72685f4384768b039fd1d13ed4b7cdd34b1cec15c22adeba9a7,1.1.2,6590a4bbb77802175afa4c406de831d596569cbf2e1f596de7df0910f43e8fd5,e51f21289a5f63ada7c1746ad6385412db3f6a4e7fc3ba4e33e43fbdb6e9bf14,241bade8665d15f1855e8ed5cb5a8f8bc3dbb5e66c87d76b45ab5d76f1caa9f7,c8df716c912e3f6e3b11d508f2988b51a9d4b5a7,d4b87e91-991a-4aa9-bfef-bc8de675e276,b225458a282e140c44c45651255f2f6c,2026_03_LAC_BUF,2026,3,2026-09-27T17:00:00Z,totals,OVER,2026-09-23T13:00:21.951453Z,2026-09-23T13:00:21.551276Z,2026-09-22T18:51:43.097248Z,bb86d96ac8c5a37027060695827d4ca64ef6cc1d2ef5b5808941c85556f173d5,1c02241ef3f59f23156d3e1d9cb8ebef15ef2da6248c75c8618de6acbe2e7c39,2026-09-23T13:00:20Z,50.0,-108,-106,0.5022575401842152,1.0337938760268857,50.13333333333334,,INCOMPARABLE_POINTS,3,0.28838806955184026,0.1161508759454473,50.033496526890666,0.4901187209985292,0.49314311788227916,0.4931118909261104,0.00006332229942265894,0.506824786774467,UNAVAILABLE_FOR_BETTING,DIAGNOSTIC_EARLY_SNAPSHOT,PASS,MODEL_LOCKED_UNTESTED_2026;UNCERTAINTY_UNAVAILABLE_FOR_BETTING;DIAGNOSTIC_EARLY_SNAPSHOT,local:v11-prospective-observer,2026-09-23T13:00:21.951453Z,2026-09-23T13:00:20Z,1.1.0,d3f3e248fdca6971737d88420323b8d15413a0e46520646506958754a6c37a24
e91bdb20fc4b0086a06cdb32c9fbf83fb6b7c910c9546402e6a779edcbb28868,challenger-0.2.0,5c8bf3ec348a261ab2c0ce94bd8cc315f754a8dc991c15c20d0d961d06997984,49fadb583b0dee0ba78c242826cb3e521cee0c4af2da837cfd5df18936598793,159ec87beb47e140832d992a80618f94b5cef5681c9d11c24e999ce1cad03b10,c8df716c912e3f6e3b11d508f2988b51a9d4b5a7,d4b87e91-991a-4aa9-bfef-bc8de675e276,b225458a282e140c44c45651255f2f6c,2026_03_LAC_BUF,2026,3,2026-09-27T17:00:00Z,totals,OVER,2026-09-23T13:00:24.484171Z,2026-09-23T13:00:21.551276Z,2026-09-22T18:51:43.097248Z,3ecdbfbaf3290a1d0f9b9aee517e61634d37a7bdde41367b8b77ffdf6363f311,9c55947d69a275c4e33a488f95117d73decedf11d4171ee4eb9ceb8d884ce2f5,2026-09-23T13:00:20Z,50.0,-108,-106,0.5022575401842152,1.0337938760268857,50.13333333333334,,INCOMPARABLE_POINTS,3,-4.164455531403185,0.0,50.0,0.4939350888735808,0.5022575401842152,0.4980981584287287,0.008281372448805752,0.49362046912246554,MODELED_DEVELOPMENT_MARGIN_SHADOW_ONLY,SHADOW_ELIGIBLE,PASS,EXPERIMENTAL_SHADOW_NO_STAKES;SHADOW_ELIGIBLE,local:challenger+the-odds-api,2026-09-23T13:00:24.484171Z,2026-09-23T13:00:20Z,1.1.0,ac0858b5dd39afc573845f38e667435d62c8377b02a0b76af39c6e4accf92bce
0ac6d34b5a474e96eff2da319c9eacc07dd4d0c44a972f5dc9903254c714908f,1.1.2,6590a4bbb77802175afa4c406de831d596569cbf2e1f596de7df0910f43e8fd5,e51f21289a5f63ada7c1746ad6385412db3f6a4e7fc3ba4e33e43fbdb6e9bf14,241bade8665d15f1855e8ed5cb5a8f8bc3dbb5e66c87d76b45ab5d76f1caa9f7,dffe8acdbd3e011d12e5e45e08331fd300f3b67f,d842d1fe-0de3-48ea-8341-bb9cfc6a6383,b225458a282e140c44c45651255f2f6c,2026_03_LAC_BUF,2026,3,2026-09-27T17:00:00Z,totals,OVER,2026-09-24T16:00:22.882475Z,2026-09-24T16:00:22.454081Z,2026-09-22T18:51:43.097248Z,bb86d96ac8c5a37027060695827d4ca64ef6cc1d2ef5b5808941c85556f173d5,1c02241ef3f59f23156d3e1d9cb8ebef15ef2da6248c75c8618de6acbe2e7c39,2026-09-24T16:00:17Z,50.0,-107,-107,0.5,1.0338164251207729,50.13333333333334,,INCOMPARABLE_POINTS,3,0.28838806955184026,0.1161508759454473,50.033496526890666,0.4901187209985292,0.49314311788227916,0.4931118909261104,0.00006332229942265894,0.506824786774467,UNAVAILABLE_FOR_BETTING,DIAGNOSTIC_EARLY_SNAPSHOT,PASS,MODEL_LOCKED_UNTESTED_2026;UNCERTAINTY_UNAVAILABLE_FOR_BETTING;DIAGNOSTIC_EARLY_SNAPSHOT,local:v11-prospective-observer,2026-09-24T16:00:22.882475Z,2026-09-24T16:00:17Z,1.1.0,a4053adc91a8ffb7fd3a0432ff1c09ea5cda2f092a82c9925551f17f1ee65739
973d1c7d791c728385f37e430951ed86f1ab9124486f1a6e6eb463d79862a281,challenger-0.2.0,5c8bf3ec348a261ab2c0ce94bd8cc315f754a8dc991c15c20d0d961d06997984,49fadb583b0dee0ba78c242826cb3e521cee0c4af2da837cfd5df18936598793,159ec87beb47e140832d992a80618f94b5cef5681c9d11c24e999ce1cad03b10,dffe8acdbd3e011d12e5e45e08331fd300f3b67f,d842d1fe-0de3-48ea-8341-bb9cfc6a6383,b225458a282e140c44c45651255f2f6c,2026_03_LAC_BUF,2026,3,2026-09-27T17:00:00Z,totals,OVER,2026-09-24T16:00:25.607332Z,2026-09-24T16:00:22.454081Z,2026-09-22T18:51:43.097248Z,3ecdbfbaf3290a1d0f9b9aee517e61634d37a7bdde41367b8b77ffdf6363f311,9c55947d69a275c4e33a488f95117d73decedf11d4171ee4eb9ceb8d884ce2f5,2026-09-24T16:00:17Z,50.0,-107,-107,0.5,1.0338164251207729,50.13333333333334,,INCOMPARABLE_POINTS,3,-4.164455531403185,0.0,50.0,0.4939350888735808,0.5,0.4958593137755971,0.008281372448805752,0.4958593137755971,MODELED_DEVELOPMENT_MARGIN_SHADOW_ONLY,SHADOW_ELIGIBLE,PASS,EXPERIMENTAL_SHADOW_NO_STAKES;SHADOW_ELIGIBLE,local:challenger+the-odds-api,2026-09-24T16:00:25.607332Z,2026-09-24T16:00:17Z,1.1.0,dee84cc8419bf40af5dccf6783a738e116efa2b7f60d601f8f6d15d61afdd0db
1b86217d7caf6829bf1769104063de99de437f1182aab7efc0bd553b23f80f9b,1.1.2,6590a4bbb77802175afa4c406de831d596569cbf2e1f596de7df0910f43e8fd5,e51f21289a5f63ada7c1746ad6385412db3f6a4e7fc3ba4e33e43fbdb6e9bf14,241bade8665d15f1855e8ed5cb5a8f8bc3dbb5e66c87d76b45ab5d76f1caa9f7,dffe8acdbd3e011d12e5e45e08331fd300f3b67f,b7f8819c-86a9-428f-bb46-debf3999015c,b225458a282e140c44c45651255f2f6c,2026_03_LAC_BUF,2026,3,2026-09-27T17:00:00Z,totals,OVER,2026-09-25T21:00:29.089372Z,2026-09-25T21:00:28.639096Z,2026-09-22T18:51:43.097248Z,bb86d96ac8c5a37027060695827d4ca64ef6cc1d2ef5b5808941c85556f173d5,1c02241ef3f59f23156d3e1d9cb8ebef15ef2da6248c75c8618de6acbe2e7c39,2026-09-25T20:59:58Z,50.0,-107,-107,0.5,1.0338164251207729,50.13333333333334,,INCOMPARABLE_POINTS,3,0.28838806955184026,0.1161508759454473,50.033496526890666,0.4901187209985292,0.49314311788227916,0.4931118909261104,0.00006332229942265894,0.506824786774467,UNAVAILABLE_FOR_BETTING,DIAGNOSTIC_EARLY_SNAPSHOT,PASS,MODEL_LOCKED_UNTESTED_2026;UNCERTAINTY_UNAVAILABLE_FOR_BETTING;DIAGNOSTIC_EARLY_SNAPSHOT,local:v11-prospective-observer,2026-09-25T21:00:29.089372Z,2026-09-25T20:59:58Z,1.1.0,acda7963cb1a655aaa2fd16a9aff6f2c4e8e0a222dae568ad10560012e63a979
75039709fc1be80719f145b2d303a1789f0ee692a7a590f9d5f2716da9514c68,challenger-0.2.0,5c8bf3ec348a261ab2c0ce94bd8cc315f754a8dc991c15c20d0d961d06997984,49fadb583b0dee0ba78c242826cb3e521cee0c4af2da837cfd5df18936598793,159ec87beb47e140832d992a80618f94b5cef5681c9d11c24e999ce1cad03b10,dffe8acdbd3e011d12e5e45e08331fd300f3b67f,b7f8819c-86a9-428f-bb46-debf3999015c,b225458a282e140c44c45651255f2f6c,2026_03_LAC_BUF,2026,3,2026-09-27T17:00:00Z,totals,OVER,2026-09-25T21:00:31.801654Z,2026-09-25T21:00:28.639096Z,2026-09-22T18:51:43.097248Z,3ecdbfbaf3290a1d0f9b9aee517e61634d37a7bdde41367b8b77ffdf6363f311,9c55947d69a275c4e33a488f95117d73decedf11d4171ee4eb9ceb8d884ce2f5,2026-09-25T20:59:58Z,50.0,-107,-107,0.5,1.0338164251207729,50.13333333333334,,INCOMPARABLE_POINTS,3,-4.164455531403185,0.0,50.0,0.4939350888735808,0.5,0.4958593137755971,0.008281372448805752,0.4958593137755971,MODELED_DEVELOPMENT_MARGIN_SHADOW_ONLY,SHADOW_ELIGIBLE,PASS,EXPERIMENTAL_SHADOW_NO_STAKES;SHADOW_ELIGIBLE,local:challenger+the-odds-api,2026-09-25T21:00:31.801654Z,2026-09-25T20:59:58Z,1.1.0,22544cbc3e8f19eda9f16b8908b53c302e48b4835da20d27631c82ace633e51a
966e87d974d3f7bd3e2e0a2e58f3cc54ce656e0f70a2fa298c3cb053dc2a9bb7,challenger-0.2.0,5c8bf3ec348a261ab2c0ce94bd8cc315f754a8dc991c15c20d0d961d06997984,49fadb583b0dee0ba78c242826cb3e521cee0c4af2da837cfd5df18936598793,159ec87beb47e140832d992a80618f94b5cef5681c9d11c24e999ce1cad03b10,dffe8acdbd3e011d12e5e45e08331fd300f3b67f,8b8b5771-d3ca-480c-9980-dac450e82c42,b225458a282e140c44c45651255f2f6c,2026_03_LAC_BUF,2026,3,2026-09-27T17:00:00Z,totals,OVER,2026-09-26T13:00:30.675609Z,2026-09-26T13:00:27.208512Z,2026-09-22T18:51:43.097248Z,3ecdbfbaf3290a1d0f9b9aee517e61634d37a7bdde41367b8b77ffdf6363f311,9c55947d69a275c4e33a488f95117d73decedf11d4171ee4eb9ceb8d884ce2f5,2026-09-26T13:00:05Z,50.0,-107,-107,0.5,1.0338164251207729,50.13333333333334,,INCOMPARABLE_POINTS,3,-4.164455531403185,0.0,50.0,0.4939350888735808,0.5,0.4958593137755971,0.008281372448805752,0.4958593137755971,MODELED_DEVELOPMENT_MARGIN_SHADOW_ONLY,SHADOW_ELIGIBLE,PASS,EXPERIMENTAL_SHADOW_NO_STAKES;SHADOW_ELIGIBLE,local:challenger+the-odds-api,2026-09-26T13:00:30.675609Z,2026-09-26T13:00:05Z,1.1.0,61a2ca6b561e3f949a978bba7a7722601a97b35bd064c6769c95263151af445e
ff090e8112edb12f2f452f5d0bbbfd56a0e028871b8587d9ffdd3afbaaca00ba,1.1.2,6590a4bbb77802175afa4c406de831d596569cbf2e1f596de7df0910f43e8fd5,e51f21289a5f63ada7c1746ad6385412db3f6a4e7fc3ba4e33e43fbdb6e9bf14,241bade8665d15f1855e8ed5cb5a8f8bc3dbb5e66c87d76b45ab5d76f1caa9f7,dffe8acdbd3e011d12e5e45e08331fd300f3b67f,8b8b5771-d3ca-480c-9980-dac450e82c42,b225458a282e140c44c45651255f2f6c,2026_03_LAC_BUF,2026,3,2026-09-27T17:00:00Z,totals,OVER,2026-09-26T13:00:27.689180Z,2026-09-26T13:00:27.208512Z,2026-09-22T18:51:43.097248Z,bb86d96ac8c5a37027060695827d4ca64ef6cc1d2ef5b5808941c85556f173d5,1c02241ef3f59f23156d3e1d9cb8ebef15ef2da6248c75c8618de6acbe2e7c39,2026-09-26T13:00:05Z,50.0,-107,-107,0.5,1.0338164251207729,50.13333333333334,,INCOMPARABLE_POINTS,3,0.28838806955184026,0.1161508759454473,50.033496526890666,0.4901187209985292,0.49314311788227916,0.4931118909261104,0.00006332229942265894,0.506824786774467,UNAVAILABLE_FOR_BETTING,DIAGNOSTIC_EARLY_SNAPSHOT,PASS,MODEL_LOCKED_UNTESTED_2026;UNCERTAINTY_UNAVAILABLE_FOR_BETTING;DIAGNOSTIC_EARLY_SNAPSHOT,local:v11-prospective-observer,2026-09-26T13:00:27.689180Z,2026-09-26T13:00:05Z,1.1.0,d9921da5d5718c55ed330e71383e112be8e2e45b1fff7dc913717e4cab15533b
c448b43e81e50668b9a9ffbcdc2bb5730ee68b151d1d29896c3432e1be01f76e,challenger-0.2.0,5c8bf3ec348a261ab2c0ce94bd8cc315f754a8dc991c15c20d0d961d06997984,49fadb583b0dee0ba78c242826cb3e521cee0c4af2da837cfd5df18936598793,159ec87beb47e140832d992a80618f94b5cef5681c9d11c24e999ce1cad03b10,dffe8acdbd3e011d12e5e45e08331fd300f3b67f,d2d710b1-c436-4180-8c43-56a6e84b5e0f,b225458a282e140c44c45651255f2f6c,2026_03_LAC_BUF,2026,3,2026-09-27T17:00:00Z,totals,OVER,2026-09-26T21:00:29.199963Z,2026-09-26T21:00:25.892304Z,2026-09-22T18:51:43.097248Z,3ecdbfbaf3290a1d0f9b9aee517e61634d37a7bdde41367b8b77ffdf6363f311,9c55947d69a275c4e33a488f95117d73decedf11d4171ee4eb9ceb8d884ce2f5,2026-09-26T20:59:56Z,50.0,-107,-107,0.5,1.0338164251207729,50.0,,INCOMPARABLE_POINTS,3,-4.164455531403185,0.0,50.0,0.4939350888735808,0.5,0.4958593137755971,0.008281372448805752,0.4958593137755971,MODELED_DEVELOPMENT_MARGIN_SHADOW_ONLY,SHADOW_ELIGIBLE,PASS,EXPERIMENTAL_SHADOW_NO_STAKES;SHADOW_ELIGIBLE,local:challenger+the-odds-api,2026-09-26T21:00:29.199963Z,2026-09-26T20:59:56Z,1.1.0,e53d207356d1f99c37e38ac87659cb237dd6cb451be4e2c50b21444994d8b5fb
ebf247feec42e5a3d54865d5079926ef6eb1fa1e56ab5fcd89a2d5ccc95a7ccd,1.1.2,6590a4bbb77802175afa4c406de831d596569cbf2e1f596de7df0910f43e8fd5,e51f21289a5f63ada7c1746ad6385412db3f6a4e7fc3ba4e33e43fbdb6e9bf14,241bade8665d15f1855e8ed5cb5a8f8bc3dbb5e66c87d76b45ab5d76f1caa9f7,dffe8acdbd3e011d12e5e45e08331fd300f3b67f,d2d710b1-c436-4180-8c43-56a6e84b5e0f,b225458a282e140c44c45651255f2f6c,2026_03_LAC_BUF,2026,3,2026-09-27T17:00:00Z,totals,OVER,2026-09-26T21:00:26.360329Z,2026-09-26T21:00:25.892304Z,2026-09-22T18:51:43.097248Z,bb86d96ac8c5a37027060695827d4ca64ef6cc1d2ef5b5808941c85556f173d5,1c02241ef3f59f23156d3e1d9cb8ebef15ef2da6248c75c8618de6acbe2e7c39,2026-09-26T20:59:56Z,50.0,-107,-107,0.5,1.0338164251207729,50.0,,INCOMPARABLE_POINTS,3,0.28838806955184026,0.1161508759454473,50.033496526890666,0.4901187209985292,0.49314311788227916,0.4931118909261104,0.00006332229942265894,0.506824786774467,UNAVAILABLE_FOR_BETTING,DIAGNOSTIC_EARLY_SNAPSHOT,PASS,MODEL_LOCKED_UNTESTED_2026;UNCERTAINTY_UNAVAILABLE_FOR_BETTING;DIAGNOSTIC_EARLY_SNAPSHOT,local:v11-prospective-observer,2026-09-26T21:00:26.360329Z,2026-09-26T20:59:56Z,1.1.0,b55e8369d7bacb100139b58d3827528e3cad9959ebdf9013538e3d649787589a
9e1afa9e9bd7a9470cd3d116e4dec1a52665520c4ce7776e48ed5c82632509d0,1.1.2,6590a4bbb77802175afa4c406de831d596569cbf2e1f596de7df0910f43e8fd5,e51f21289a5f63ada7c1746ad6385412db3f6a4e7fc3ba4e33e43fbdb6e9bf14,241bade8665d15f1855e8ed5cb5a8f8bc3dbb5e66c87d76b45ab5d76f1caa9f7,dffe8acdbd3e011d12e5e45e08331fd300f3b67f,214053eb-5084-4022-8817-4ddbbf933e60,b225458a282e140c44c45651255f2f6c,2026_03_LAC_BUF,2026,3,2026-09-27T17:00:00Z,totals,OVER,2026-09-27T03:00:57.907341Z,2026-09-27T03:00:57.384540Z,2026-09-22T18:51:43.097248Z,bb86d96ac8c5a37027060695827d4ca64ef6cc1d2ef5b5808941c85556f173d5,1c02241ef3f59f23156d3e1d9cb8ebef15ef2da6248c75c8618de6acbe2e7c39,2026-09-27T03:00:51Z,50.0,-106,-108,0.49774245981578474,1.0337938760268857,50.0,,INCOMPARABLE_POINTS,3,0.28838806955184026,0.1161508759454473,50.033496526890666,0.4901187209985292,0.49314311788227916,0.4931118909261104,0.00006332229942265894,0.506824786774467,UNAVAILABLE_FOR_BETTING,DIAGNOSTIC_EARLY_SNAPSHOT,PASS,MODEL_LOCKED_UNTESTED_2026;UNCERTAINTY_UNAVAILABLE_FOR_BETTING;DIAGNOSTIC_EARLY_SNAPSHOT,local:v11-prospective-observer,2026-09-27T03:00:57.907341Z,2026-09-27T03:00:51Z,1.1.0,75fbbf145c53135cc1bc049150c5bb3b8ede5a0c53dd2a41ef733a116eb609dc
e136dca9dcb56fa0a32900b7be47959bb2302521ab1208bc68db7fd7657ef22d,challenger-0.2.0,5c8bf3ec348a261ab2c0ce94bd8cc315f754a8dc991c15c20d0d961d06997984,49fadb583b0dee0ba78c242826cb3e521cee0c4af2da837cfd5df18936598793,159ec87beb47e140832d992a80618f94b5cef5681c9d11c24e999ce1cad03b10,dffe8acdbd3e011d12e5e45e08331fd300f3b67f,214053eb-5084-4022-8817-4ddbbf933e60,b225458a282e140c44c45651255f2f6c,2026_03_LAC_BUF,2026,3,2026-09-27T17:00:00Z,totals,OVER,2026-09-27T03:01:00.857309Z,2026-09-27T03:00:57.384540Z,2026-09-22T18:51:43.097248Z,3ecdbfbaf3290a1d0f9b9aee517e61634d37a7bdde41367b8b77ffdf6363f311,9c55947d69a275c4e33a488f95117d73decedf11d4171ee4eb9ceb8d884ce2f5,2026-09-27T03:00:51Z,50.0,-106,-108,0.49774245981578474,1.0337938760268857,50.0,,INCOMPARABLE_POINTS,3,-4.164455531403185,0.0,50.0,0.4939350888735808,0.49774245981578474,0.4936204691224655,0.008281372448805752,0.4980981584287288,MODELED_DEVELOPMENT_MARGIN_SHADOW_ONLY,SHADOW_ELIGIBLE,PASS,EXPERIMENTAL_SHADOW_NO_STAKES;SHADOW_ELIGIBLE,local:challenger+the-odds-api,2026-09-27T03:01:00.857309Z,2026-09-27T03:00:51Z,1.1.0,159b0c2e0277c4aacb6a96eb84688feda442a4019feb6321920fcb0cd46f3b42
e474a45638cdf5f42713bdda3a3e3ca5865ea7caae29bd0691aa39834653f214,1.1.2,6590a4bbb77802175afa4c406de831d596569cbf2e1f596de7df0910f43e8fd5,e51f21289a5f63ada7c1746ad6385412db3f6a4e7fc3ba4e33e43fbdb6e9bf14,241bade8665d15f1855e8ed5cb5a8f8bc3dbb5e66c87d76b45ab5d76f1caa9f7,b143eda428696625817bd7042b4cf3a453477386,e1878b61-7760-4e06-9ca0-bec5e38d131c,b225458a282e140c44c45651255f2f6c,2026_03_LAC_BUF,2026,3,2026-09-27T17:00:00Z,totals,OVER,2026-09-27T12:45:22.508290Z,2026-09-27T12:45:22.019645Z,2026-09-22T18:51:43.097248Z,bb86d96ac8c5a37027060695827d4ca64ef6cc1d2ef5b5808941c85556f173d5,1c02241ef3f59f23156d3e1d9cb8ebef15ef2da6248c75c8618de6acbe2e7c39,2026-09-27T12:45:16Z,50.0,-106,-106,0.5,1.029126213592233,50.13333333333334,,INCOMPARABLE_POINTS,3,0.28838806955184026,0.1161508759454473,50.033496526890666,0.4901187209985292,0.49314311788227916,0.4931118909261104,0.00006332229942265894,0.506824786774467,UNAVAILABLE_FOR_BETTING,DIAGNOSTIC_EARLY_SNAPSHOT,PASS,MODEL_LOCKED_UNTESTED_2026;UNCERTAINTY_UNAVAILABLE_FOR_BETTING;DIAGNOSTIC_EARLY_SNAPSHOT,local:v11-prospective-observer,2026-09-27T12:45:22.508290Z,2026-09-27T12:45:16Z,1.1.0,9d921796bf43a17fb83c7b9821077b969654086b6b56aa4178bfe8048afbf833
f60ae6008a1e374ca8251be4817aa6bc3cc6d8e90325efe25f7cd2ef0ed058d6,challenger-0.2.0,5c8bf3ec348a261ab2c0ce94bd8cc315f754a8dc991c15c20d0d961d06997984,49fadb583b0dee0ba78c242826cb3e521cee0c4af2da837cfd5df18936598793,159ec87beb47e140832d992a80618f94b5cef5681c9d11c24e999ce1cad03b10,b143eda428696625817bd7042b4cf3a453477386,e1878b61-7760-4e06-9ca0-bec5e38d131c,b225458a282e140c44c45651255f2f6c,2026_03_LAC_BUF,2026,3,2026-09-27T17:00:00Z,totals,OVER,2026-09-27T12:45:25.295673Z,2026-09-27T12:45:22.019645Z,2026-09-22T18:51:43.097248Z,3ecdbfbaf3290a1d0f9b9aee517e61634d37a7bdde41367b8b77ffdf6363f311,9c55947d69a275c4e33a488f95117d73decedf11d4171ee4eb9ceb8d884ce2f5,2026-09-27T12:45:16Z,50.0,-106,-106,0.5,1.029126213592233,50.13333333333334,,INCOMPARABLE_POINTS,3,-4.164455531403185,0.0,50.0,0.4939350888735808,0.5,0.4958593137755971,0.008281372448805752,0.4958593137755971,MODELED_DEVELOPMENT_MARGIN_SHADOW_ONLY,SHADOW_ELIGIBLE,PASS,EXPERIMENTAL_SHADOW_NO_STAKES;SHADOW_ELIGIBLE,local:challenger+the-odds-api,2026-09-27T12:45:25.295673Z,2026-09-27T12:45:16Z,1.1.0,fa32cb3a4dd4da4d9ac43fc31e39ae43b899066f9d2efa0690ca2d7332504481
2c51b3c6c945a18b3934a925de4f7f4a46fe59bb3a43727b0aa007dd75de1c57,1.1.2,6590a4bbb77802175afa4c406de831d596569cbf2e1f596de7df0910f43e8fd5,e51f21289a5f63ada7c1746ad6385412db3f6a4e7fc3ba4e33e43fbdb6e9bf14,241bade8665d15f1855e8ed5cb5a8f8bc3dbb5e66c87d76b45ab5d76f1caa9f7,c8df716c912e3f6e3b11d508f2988b51a9d4b5a7,d4b87e91-991a-4aa9-bfef-bc8de675e276,1f3cfd315a24d1a7dd5859a8e6b88e18,2026_03_NE_JAX,2026,3,2026-09-27T17:00:00Z,spreads,HOME,2026-09-23T13:00:21.951453Z,2026-09-23T13:00:21.551276Z,2026-09-22T18:51:43.097248Z,bb86d96ac8c5a37027060695827d4ca64ef6cc1d2ef5b5808941c85556f173d5,28d02f19b10187ccd73c58988e18dd60b23601395157804ba9b7103785b3b4cb,2026-09-23T13:00:20Z,3.0,-101,-111,0.4885378937233506,1.0285539128999552,2.9333333333333336,,INCOMPARABLE_POINTS,3,-0.3722949311263231,0.0,3.0,0.44714388814715483,0.48251507290248447,0.44265805089108384,0.08260264652800936,0.4747393025809067,UNAVAILABLE_FOR_BETTING,DIAGNOSTIC_EARLY_SNAPSHOT,PASS,MODEL_LOCKED_UNTESTED_2026;UNCERTAINTY_UNAVAILABLE_FOR_BETTING;DIAGNOSTIC_EARLY_SNAPSHOT,local:v11-prospective-observer,2026-09-23T13:00:21.951453Z,2026-09-23T13:00:20Z,1.1.0,007b30ccf931f6eecf31506874ab9740ebbdce807a8cb2f65b9a782a8ed74d7e
e1416d15dd035a5bf2da1e327299ce8873e0dd62fdc334793ebe814c8479f1a8,challenger-0.2.0,5c8bf3ec348a261ab2c0ce94bd8cc315f754a8dc991c15c20d0d961d06997984,49fadb583b0dee0ba78c242826cb3e521cee0c4af2da837cfd5df18936598793,159ec87beb47e140832d992a80618f94b5cef5681c9d11c24e999ce1cad03b10,c8df716c912e3f6e3b11d508f2988b51a9d4b5a7,d4b87e91-991a-4aa9-bfef-bc8de675e276,1f3cfd315a24d1a7dd5859a8e6b88e18,2026_03_NE_JAX,2026,3,2026-09-27T17:00:00Z,spreads,HOME,2026-09-23T13:00:24.484171Z,2026-09-23T13:00:21.551276Z,2026-09-22T18:51:43.097248Z,3ecdbfbaf3290a1d0f9b9aee517e61634d37a7bdde41367b8b77ffdf6363f311,b9da2a062f061cfe7b5eaabc88ae2e99081edafa5b3f124e5437a55a60a49d6b,2026-09-23T13:00:20Z,3.0,-101,-111,0.4885378937233506,1.0285539128999552,2.9333333333333336,,INCOMPARABLE_POINTS,3,0.6700978395575357,0.0,3.0,0.4452438812570318,0.4885378937233506,0.4515999764233945,0.07560911400021987,0.4727909095763856,MODELED_DEVELOPMENT_MARGIN_SHADOW_ONLY,SHADOW_ELIGIBLE,PASS,EXPERIMENTAL_SHADOW_NO_STAKES;SHADOW_ELIGIBLE,local:challenger+the-odds-api,2026-09-23T13:00:24.484171Z,2026-09-23T13:00:20Z,1.1.0,a509db438233aa383025379d9b29bc9fe49f91efed0af611e42e24a7e923e99b
59870747c1484b75746da7a30eaffdb48ba5bf7a997dfa52af6d8fad45e8ff99,challenger-0.2.0,5c8bf3ec348a261ab2c0ce94bd8cc315f754a8dc991c15c20d0d961d06997984,49fadb583b0dee0ba78c242826cb3e521cee0c4af2da837cfd5df18936598793,159ec87beb47e140832d992a80618f94b5cef5681c9d11c24e999ce1cad03b10,dffe8acdbd3e011d12e5e45e08331fd300f3b67f,d842d1fe-0de3-48ea-8341-bb9cfc6a6383,1f3cfd315a24d1a7dd5859a8e6b88e18,2026_03_NE_JAX,2026,3,2026-09-27T17:00:00Z,spreads,HOME,2026-09-24T16:00:25.607332Z,2026-09-24T16:00:22.454081Z,2026-09-22T18:51:43.097248Z,3ecdbfbaf3290a1d0f9b9aee517e61634d37a7bdde41367b8b77ffdf6363f311,b9da2a062f061cfe7b5eaabc88ae2e99081edafa5b3f124e5437a55a60a49d6b,2026-09-24T16:00:17Z,2.5,-121,108,0.5324532453245325,1.0282805429864252,2.6333333333333337,,INCOMPARABLE_POINTS,3,1.1700978395575357,0.0,2.5,0.48689161885684834,0.5324532453245325,0.5321451714929584,0.0005785932084729191,0.4672762352985687,MODELED_DEVELOPMENT_MARGIN_SHADOW_ONLY,SHADOW_ELIGIBLE,PASS,EXPERIMENTAL_SHADOW_NO_STAKES;SHADOW_ELIGIBLE,local:challenger+the-odds-api,2026-09-24T16:00:25.607332Z,2026-09-24T16:00:17Z,1.1.0,407b586defa4d4dfb3e4618f57ee0e16d97358db6512e49c82732557b11156e0
746481701f9447d919591998a3d56514af374adba12c2c91d04203b47d0e72ab,1.1.2,6590a4bbb77802175afa4c406de831d596569cbf2e1f596de7df0910f43e8fd5,e51f21289a5f63ada7c1746ad6385412db3f6a4e7fc3ba4e33e43fbdb6e9bf14,241bade8665d15f1855e8ed5cb5a8f8bc3dbb5e66c87d76b45ab5d76f1caa9f7,dffe8acdbd3e011d12e5e45e08331fd300f3b67f,d842d1fe-0de3-48ea-8341-bb9cfc6a6383,1f3cfd315a24d1a7dd5859a8e6b88e18,2026_03_NE_JAX,2026,3,2026-09-27T17:00:00Z,spreads,HOME,2026-09-24T16:00:22.882475Z,2026-09-24T16:00:22.454081Z,2026-09-22T18:51:43.097248Z,bb86d96ac8c5a37027060695827d4ca64ef6cc1d2ef5b5808941c85556f173d5,28d02f19b10187ccd73c58988e18dd60b23601395157804ba9b7103785b3b4cb,2026-09-24T16:00:17Z,2.5,-121,108,0.5324532453245325,1.0282805429864252,2.6333333333333337,,INCOMPARABLE_POINTS,3,-0.3722949311263231,0.0,2.5,0.49228045165888856,0.4893212527975112,0.4888096735103024,0.001045487569330002,0.5101448389203675,UNAVAILABLE_FOR_BETTING,DIAGNOSTIC_EARLY_SNAPSHOT,PASS,MODEL_LOCKED_UNTESTED_2026;UNCERTAINTY_UNAVAILABLE_FOR_BETTING;DIAGNOSTIC_EARLY_SNAPSHOT,local:v11-prospective-observer,2026-09-24T16:00:22.882475Z,2026-09-24T16:00:17Z,1.1.0,d38ce250fea89282f3aeacae8db012a1181735ea366a3e4caa93c862cdbe1a80
ad1dd851ccd9d7ab19c1124296e5c56a63c0e4f8a26863c56a1c9a287e68ae12,challenger-0.2.0,5c8bf3ec348a261ab2c0ce94bd8cc315f754a8dc991c15c20d0d961d06997984,49fadb583b0dee0ba78c242826cb3e521cee0c4af2da837cfd5df18936598793,159ec87beb47e140832d992a80618f94b5cef5681c9d11c24e999ce1cad03b10,dffe8acdbd3e011d12e5e45e08331fd300f3b67f,b7f8819c-86a9-428f-bb46-debf3999015c,1f3cfd315a24d1a7dd5859a8e6b88e18,2026_03_NE_JAX,2026,3,2026-09-27T17:00:00Z,spreads,HOME,2026-09-25T21:00:31.801654Z,2026-09-25T21:00:28.639096Z,2026-09-22T18:51:43.097248Z,3ecdbfbaf3290a1d0f9b9aee517e61634d37a7bdde41367b8b77ffdf6363f311,b9da2a062f061cfe7b5eaabc88ae2e99081edafa5b3f124e5437a55a60a49d6b,2026-09-25T20:59:58Z,2.5,-119,106,0.5281596070151247,1.0288158886376735,2.6333333333333337,,INCOMPARABLE_POINTS,3,1.1700978395575357,0.0,2.5,0.48689161885684834,0.5281596070151247,0.527854017453516,0.0005785932084729191,0.4715673893380111,MODELED_DEVELOPMENT_MARGIN_SHADOW_ONLY,SHADOW_ELIGIBLE,PASS,EXPERIMENTAL_SHADOW_NO_STAKES;SHADOW_ELIGIBLE,local:challenger+the-odds-api,2026-09-25T21:00:31.801654Z,2026-09-25T20:59:58Z,1.1.0,63f2478e0b55a0f83dfb672070751ebc413bb57167672941f07e3291f3061f8c
b5a05c01471eff78f41ab5cdd2035699d9ea3e74a2e32398b7a75c44ed283eaf,1.1.2,6590a4bbb77802175afa4c406de831d596569cbf2e1f596de7df0910f43e8fd5,e51f21289a5f63ada7c1746ad6385412db3f6a4e7fc3ba4e33e43fbdb6e9bf14,241bade8665d15f1855e8ed5cb5a8f8bc3dbb5e66c87d76b45ab5d76f1caa9f7,dffe8acdbd3e011d12e5e45e08331fd300f3b67f,b7f8819c-86a9-428f-bb46-debf3999015c,1f3cfd315a24d1a7dd5859a8e6b88e18,2026_03_NE_JAX,2026,3,2026-09-27T17:00:00Z,spreads,HOME,2026-09-25T21:00:29.089372Z,2026-09-25T21:00:28.639096Z,2026-09-22T18:51:43.097248Z,bb86d96ac8c5a37027060695827d4ca64ef6cc1d2ef5b5808941c85556f173d5,28d02f19b10187ccd73c58988e18dd60b23601395157804ba9b7103785b3b4cb,2026-09-25T20:59:58Z,2.5,-119,106,0.5281596070151247,1.0288158886376735,2.6333333333333337,,INCOMPARABLE_POINTS,3,-0.3722949311263231,0.0,2.5,0.49228045165888856,0.4893212527975112,0.4888096735103024,0.001045487569330002,0.5101448389203675,UNAVAILABLE_FOR_BETTING,DIAGNOSTIC_EARLY_SNAPSHOT,PASS,MODEL_LOCKED_UNTESTED_2026;UNCERTAINTY_UNAVAILABLE_FOR_BETTING;DIAGNOSTIC_EARLY_SNAPSHOT,local:v11-prospective-observer,2026-09-25T21:00:29.089372Z,2026-09-25T20:59:58Z,1.1.0,f4d9eecb77597338624f8aeafe381d875da4aa1e1deda6f7d08b6ff0d2542bdb
4a5e95c9f50b12ebfcd5b3c516ff2f1bc1d010c7564998a39af3b7ddd1aba4aa,challenger-0.2.0,5c8bf3ec348a261ab2c0ce94bd8cc315f754a8dc991c15c20d0d961d06997984,49fadb583b0dee0ba78c242826cb3e521cee0c4af2da837cfd5df18936598793,159ec87beb47e140832d992a80618f94b5cef5681c9d11c24e999ce1cad03b10,dffe8acdbd3e011d12e5e45e08331fd300f3b67f,8b8b5771-d3ca-480c-9980-dac450e82c42,1f3cfd315a24d1a7dd5859a8e6b88e18,2026_03_NE_JAX,2026,3,2026-09-27T17:00:00Z,spreads,HOME,2026-09-26T13:00:30.675609Z,2026-09-26T13:00:27.208512Z,2026-09-22T18:51:43.097248Z,3ecdbfbaf3290a1d0f9b9aee517e61634d37a7bdde41367b8b77ffdf6363f311,b9da2a062f061cfe7b5eaabc88ae2e99081edafa5b3f124e5437a55a60a49d6b,2026-09-26T13:00:05Z,2.5,-117,104,0.5237886235955056,1.029366585343815,2.5666666666666664,,INCOMPARABLE_POINTS,3,1.1700978395575357,0.0,2.5,0.48689161885684834,0.5237886235955056,0.5234855630552179,0.0005785932084729191,0.47593584373630926,MODELED_DEVELOPMENT_MARGIN_SHADOW_ONLY,SHADOW_ELIGIBLE,PASS,EXPERIMENTAL_SHADOW_NO_STAKES;SHADOW_ELIGIBLE,local:challenger+the-odds-api,2026-09-26T13:00:30.675609Z,2026-09-26T13:00:05Z,1.1.0,a65289dc953615fd7c0bda94c9824b40b8dc2fe6aa91c26231f5ffb42bec9b3b
5ed7e1d5ed6484de830396ebb66b420ba50ffaa2353b39c4e68576eb6af5e607,1.1.2,6590a4bbb77802175afa4c406de831d596569cbf2e1f596de7df0910f43e8fd5,e51f21289a5f63ada7c1746ad6385412db3f6a4e7fc3ba4e33e43fbdb6e9bf14,241bade8665d15f1855e8ed5cb5a8f8bc3dbb5e66c87d76b45ab5d76f1caa9f7,dffe8acdbd3e011d12e5e45e08331fd300f3b67f,8b8b5771-d3ca-480c-9980-dac450e82c42,1f3cfd315a24d1a7dd5859a8e6b88e18,2026_03_NE_JAX,2026,3,2026-09-27T17:00:00Z,spreads,HOME,2026-09-26T13:00:27.689180Z,2026-09-26T13:00:27.208512Z,2026-09-22T18:51:43.097248Z,bb86d96ac8c5a37027060695827d4ca64ef6cc1d2ef5b5808941c85556f173d5,28d02f19b10187ccd73c58988e18dd60b23601395157804ba9b7103785b3b4cb,2026-09-26T13:00:05Z,2.5,-117,104,0.5237886235955056,1.029366585343815,2.5666666666666664,,INCOMPARABLE_POINTS,3,-0.3722949311263231,0.0,2.5,0.49228045165888856,0.4893212527975112,0.4888096735103024,0.001045487569330002,0.5101448389203675,UNAVAILABLE_FOR_BETTING,DIAGNOSTIC_EARLY_SNAPSHOT,PASS,MODEL_LOCKED_UNTESTED_2026;UNCERTAINTY_UNAVAILABLE_FOR_BETTING;DIAGNOSTIC_EARLY_SNAPSHOT,local:v11-prospective-observer,2026-09-26T13:00:27.689180Z,2026-09-26T13:00:05Z,1.1.0,0be5a473a662a6fd43080efb1b993114cd27876de252c1063b70f39db7252f07
07ee109fc6e5388a5a0f42789bce2bdd961bdadb36d452a1a9938bb33d33bc44,1.1.2,6590a4bbb77802175afa4c406de831d596569cbf2e1f596de7df0910f43e8fd5,e51f21289a5f63ada7c1746ad6385412db3f6a4e7fc3ba4e33e43fbdb6e9bf14,241bade8665d15f1855e8ed5cb5a8f8bc3dbb5e66c87d76b45ab5d76f1caa9f7,dffe8acdbd3e011d12e5e45e08331fd300f3b67f,d2d710b1-c436-4180-8c43-56a6e84b5e0f,1f3cfd315a24d1a7dd5859a8e6b88e18,2026_03_NE_JAX,2026,3,2026-09-27T17:00:00Z,spreads,HOME,2026-09-26T21:00:26.360329Z,2026-09-26T21:00:25.892304Z,2026-09-22T18:51:43.097248Z,bb86d96ac8c5a37027060695827d4ca64ef6cc1d2ef5b5808941c85556f173d5,28d02f19b10187ccd73c58988e18dd60b23601395157804ba9b7103785b3b4cb,2026-09-26T20:59:57Z,2.5,-117,104,0.5237886235955056,1.029366585343815,2.6333333333333337,,INCOMPARABLE_POINTS,3,-0.3722949311263231,0.0,2.5,0.49228045165888856,0.4893212527975112,0.4888096735103024,0.001045487569330002,0.5101448389203675,UNAVAILABLE_FOR_BETTING,DIAGNOSTIC_EARLY_SNAPSHOT,PASS,MODEL_LOCKED_UNTESTED_2026;UNCERTAINTY_UNAVAILABLE_FOR_BETTING;DIAGNOSTIC_EARLY_SNAPSHOT,local:v11-prospective-observer,2026-09-26T21:00:26.360329Z,2026-09-26T20:59:57Z,1.1.0,8c2652ae8e3d98f8d2e554476689b24236e4a175fe2f78122dff01f9d1aabee3
1e042d24014d6d87b532f5ef6093c0f3904995929357c553d5cec166cde76448,challenger-0.2.0,5c8bf3ec348a261ab2c0ce94bd8cc315f754a8dc991c15c20d0d961d06997984,49fadb583b0dee0ba78c242826cb3e521cee0c4af2da837cfd5df18936598793,159ec87beb47e140832d992a80618f94b5cef5681c9d11c24e999ce1cad03b10,dffe8acdbd3e011d12e5e45e08331fd300f3b67f,d2d710b1-c436-4180-8c43-56a6e84b5e0f,1f3cfd315a24d1a7dd5859a8e6b88e18,2026_03_NE_JAX,2026,3,2026-09-27T17:00:00Z,spreads,HOME,2026-09-26T21:00:29.199963Z,2026-09-26T21:00:25.892304Z,2026-09-22T18:51:43.097248Z,3ecdbfbaf3290a1d0f9b9aee517e61634d37a7bdde41367b8b77ffdf6363f311,b9da2a062f061cfe7b5eaabc88ae2e99081edafa5b3f124e5437a55a60a49d6b,2026-09-26T20:59:57Z,2.5,-117,104,0.5237886235955056,1.029366585343815,2.6333333333333337,,INCOMPARABLE_POINTS,3,1.1700978395575357,0.0,2.5,0.48689161885684834,0.5237886235955056,0.5234855630552179,0.0005785932084729191,0.47593584373630926,MODELED_DEVELOPMENT_MARGIN_SHADOW_ONLY,SHADOW_ELIGIBLE,PASS,EXPERIMENTAL_SHADOW_NO_STAKES;SHADOW_ELIGIBLE,local:challenger+the-odds-api,2026-09-26T21:00:29.199963Z,2026-09-26T20:59:57Z,1.1.0,1f37e701adbe6fba565efbe9d3ddf60084e3faf0b657d4dfcfdb237ae786afeb
afc018901b677ea52740be5e6a029f6f9948189a15290fda362545128d7cdb8b,1.1.2,6590a4bbb77802175afa4c406de831d596569cbf2e1f596de7df0910f43e8fd5,e51f21289a5f63ada7c1746ad6385412db3f6a4e7fc3ba4e33e43fbdb6e9bf14,241bade8665d15f1855e8ed5cb5a8f8bc3dbb5e66c87d76b45ab5d76f1caa9f7,dffe8acdbd3e011d12e5e45e08331fd300f3b67f,214053eb-5084-4022-8817-4ddbbf933e60,1f3cfd315a24d1a7dd5859a8e6b88e18,2026_03_NE_JAX,2026,3,2026-09-27T17:00:00Z,spreads,HOME,2026-09-27T03:00:57.907341Z,2026-09-27T03:00:57.384540Z,2026-09-22T18:51:43.097248Z,bb86d96ac8c5a37027060695827d4ca64ef6cc1d2ef5b5808941c85556f173d5,28d02f19b10187ccd73c58988e18dd60b23601395157804ba9b7103785b3b4cb,2026-09-27T03:00:51Z,2.5,-117,104,0.5237886235955056,1.029366585343815,2.6333333333333337,,INCOMPARABLE_POINTS,3,-0.3722949311263231,0.0,2.5,0.49228045165888856,0.4893212527975112,0.4888096735103024,0.001045487569330002,0.5101448389203675,UNAVAILABLE_FOR_BETTING,DIAGNOSTIC_EARLY_SNAPSHOT,PASS,MODEL_LOCKED_UNTESTED_2026;UNCERTAINTY_UNAVAILABLE_FOR_BETTING;DIAGNOSTIC_EARLY_SNAPSHOT,local:v11-prospective-observer,2026-09-27T03:00:57.907341Z,2026-09-27T03:00:51Z,1.1.0,14923af58ea040725088e4fcc9813b89e43a956b81919620022f49a32ead6eee
b795fe96563ed218d44421771ba0cfea202b63a3a6c250b732e05d999fdb2739,challenger-0.2.0,5c8bf3ec348a261ab2c0ce94bd8cc315f754a8dc991c15c20d0d961d06997984,49fadb583b0dee0ba78c242826cb3e521cee0c4af2da837cfd5df18936598793,159ec87beb47e140832d992a80618f94b5cef5681c9d11c24e999ce1cad03b10,dffe8acdbd3e011d12e5e45e08331fd300f3b67f,214053eb-5084-4022-8817-4ddbbf933e60,1f3cfd315a24d1a7dd5859a8e6b88e18,2026_03_NE_JAX,2026,3,2026-09-27T17:00:00Z,spreads,HOME,2026-09-27T03:01:00.857309Z,2026-09-27T03:00:57.384540Z,2026-09-22T18:51:43.097248Z,3ecdbfbaf3290a1d0f9b9aee517e61634d37a7bdde41367b8b77ffdf6363f311,b9da2a062f061cfe7b5eaabc88ae2e99081edafa5b3f124e5437a55a60a49d6b,2026-09-27T03:00:51Z,2.5,-117,104,0.5237886235955056,1.029366585343815,2.6333333333333337,,INCOMPARABLE_POINTS,3,1.1700978395575357,0.0,2.5,0.48689161885684834,0.5237886235955056,0.5234855630552179,0.0005785932084729191,0.47593584373630926,MODELED_DEVELOPMENT_MARGIN_SHADOW_ONLY,SHADOW_ELIGIBLE,PASS,EXPERIMENTAL_SHADOW_NO_STAKES;SHADOW_ELIGIBLE,local:challenger+the-odds-api,2026-09-27T03:01:00.857309Z,2026-09-27T03:00:51Z,1.1.0,9eff40c2fbce9b1857a1e118b89d8618196af4b7e24950592b56dde6636c77e5
7eeecbf1fb826995792e6e78b66cfa5689a498e24b0b2353bb481daf4a8da945,challenger-0.2.0,5c8bf3ec348a261ab2c0ce94bd8cc315f754a8dc991c15c20d0d961d06997984,49fadb583b0dee0ba78c242826cb3e521cee0c4af2da837cfd5df18936598793,159ec87beb47e140832d992a80618f94b5cef5681c9d11c24e999ce1cad03b10,b143eda428696625817bd7042b4cf3a453477386,e1878b61-7760-4e06-9ca0-bec5e38d131c,1f3cfd315a24d1a7dd5859a8e6b88e18,2026_03_NE_JAX,2026,3,2026-09-27T17:00:00Z,spreads,HOME,2026-09-27T12:45:25.295673Z,2026-09-27T12:45:22.019645Z,2026-09-22T18:51:43.097248Z,3ecdbfbaf3290a1d0f9b9aee517e61634d37a7bdde41367b8b77ffdf6363f311,b9da2a062f061cfe7b5eaabc88ae2e99081edafa5b3f124e5437a55a60a49d6b,2026-09-27T12:45:16Z,2.5,-117,106,0.5262215623771888,1.024607400116326,2.6333333333333337,,INCOMPARABLE_POINTS,3,1.1700978395575357,0.0,2.5,0.48689161885684834,0.5262215623771888,0.5259170941550453,0.0005785932084729191,0.4735043126364818,MODELED_DEVELOPMENT_MARGIN_SHADOW_ONLY,SHADOW_ELIGIBLE,PASS,EXPERIMENTAL_SHADOW_NO_STAKES;SHADOW_ELIGIBLE,local:challenger+the-odds-api,2026-09-27T12:45:25.295673Z,2026-09-27T12:45:16Z,1.1.0,46d39aaddf8b0601d93c08f6fff866f72ca6d34274e3b71e04ecacd985625af4
eb333b8c08b64ed16873a9a2f7bbc133192f8b0b5c5ff24b21b98f4858601a35,1.1.2,6590a4bbb77802175afa4c406de831d596569cbf2e1f596de7df0910f43e8fd5,e51f21289a5f63ada7c1746ad6385412db3f6a4e7fc3ba4e33e43fbdb6e9bf14,241bade8665d15f1855e8ed5cb5a8f8bc3dbb5e66c87d76b45ab5d76f1caa9f7,b143eda428696625817bd7042b4cf3a453477386,e1878b61-7760-4e06-9ca0-bec5e38d131c,1f3cfd315a24d1a7dd5859a8e6b88e18,2026_03_NE_JAX,2026,3,2026-09-27T17:00:00Z,spreads,HOME,2026-09-27T12:45:22.508290Z,2026-09-27T12:45:22.019645Z,2026-09-22T18:51:43.097248Z,bb86d96ac8c5a37027060695827d4ca64ef6cc1d2ef5b5808941c85556f173d5,28d02f19b10187ccd73c58988e18dd60b23601395157804ba9b7103785b3b4cb,2026-09-27T12:45:16Z,2.5,-117,106,0.5262215623771888,1.024607400116326,2.6333333333333337,,INCOMPARABLE_POINTS,3,-0.3722949311263231,0.0,2.5,0.49228045165888856,0.4893212527975112,0.4888096735103024,0.001045487569330002,0.5101448389203675,UNAVAILABLE_FOR_BETTING,DIAGNOSTIC_EARLY_SNAPSHOT,PASS,MODEL_LOCKED_UNTESTED_2026;UNCERTAINTY_UNAVAILABLE_FOR_BETTING;DIAGNOSTIC_EARLY_SNAPSHOT,local:v11-prospective-observer,2026-09-27T12:45:22.508290Z,2026-09-27T12:45:16Z,1.1.0,df26ff6c8790707f55ec8cf61ea02d5830c2fed9021775fa47925b0e0a351433
8909c88752aee9a14714f7f94c7bdde7e0d66627d86b97b35ccc3b6a5ab70327,challenger-0.2.0,5c8bf3ec348a261ab2c0ce94bd8cc315f754a8dc991c15c20d0d961d06997984,49fadb583b0dee0ba78c242826cb3e521cee0c4af2da837cfd5df18936598793,159ec87beb47e140832d992a80618f94b5cef5681c9d11c24e999ce1cad03b10,c8df716c912e3f6e3b11d508f2988b51a9d4b5a7,d4b87e91-991a-4aa9-bfef-bc8de675e276,1f3cfd315a24d1a7dd5859a8e6b88e18,2026_03_NE_JAX,2026,3,2026-09-27T17:00:00Z,totals,OVER,2026-09-23T13:00:24.484171Z,2026-09-23T13:00:21.551276Z,2026-09-22T18:51:43.097248Z,3ecdbfbaf3290a1d0f9b9aee517e61634d37a7bdde41367b8b77ffdf6363f311,b9da2a062f061cfe7b5eaabc88ae2e99081edafa5b3f124e5437a55a60a49d6b,2026-09-23T13:00:20Z,45.0,-112,-103,0.5100960244099434,1.0356910493540292,45.2,,INCOMPARABLE_POINTS,3,-2.565557590717539,0.0,45.0,0.4856689348927987,0.5100960244099434,0.5061630599480319,0.0077102433144053545,0.48612669673756276,MODELED_DEVELOPMENT_MARGIN_SHADOW_ONLY,SHADOW_ELIGIBLE,PASS,EXPERIMENTAL_SHADOW_NO_STAKES;SHADOW_ELIGIBLE,local:challenger+the-odds-api,2026-09-23T13:00:24.484171Z,2026-09-23T13:00:20Z,1.1.0,75a054677f71636c2047def0dfb369f6ea9f75cbaa3e25e1ed79dd2466afab27
b0c3577724de500bf55f601121bd518297b363abc9a993cf56e20c421a9b9b47,1.1.2,6590a4bbb77802175afa4c406de831d596569cbf2e1f596de7df0910f43e8fd5,e51f21289a5f63ada7c1746ad6385412db3f6a4e7fc3ba4e33e43fbdb6e9bf14,241bade8665d15f1855e8ed5cb5a8f8bc3dbb5e66c87d76b45ab5d76f1caa9f7,c8df716c912e3f6e3b11d508f2988b51a9d4b5a7,d4b87e91-991a-4aa9-bfef-bc8de675e276,1f3cfd315a24d1a7dd5859a8e6b88e18,2026_03_NE_JAX,2026,3,2026-09-27T17:00:00Z,totals,OVER,2026-09-23T13:00:21.951453Z,2026-09-23T13:00:21.551276Z,2026-09-22T18:51:43.097248Z,bb86d96ac8c5a37027060695827d4ca64ef6cc1d2ef5b5808941c85556f173d5,28d02f19b10187ccd73c58988e18dd60b23601395157804ba9b7103785b3b4cb,2026-09-23T13:00:20Z,45.0,-112,-103,0.5100960244099434,1.0356910493540292,45.2,,INCOMPARABLE_POINTS,3,0.5125268351428967,0.1161508759454473,45.0595304408474,0.4894747058462756,0.4918730700371855,0.4918730700371855,0.0,0.5081269299628145,UNAVAILABLE_FOR_BETTING,DIAGNOSTIC_EARLY_SNAPSHOT,PASS,MODEL_LOCKED_UNTESTED_2026;UNCERTAINTY_UNAVAILABLE_FOR_BETTING;DIAGNOSTIC_EARLY_SNAPSHOT,local:v11-prospective-observer,2026-09-23T13:00:21.951453Z,2026-09-23T13:00:20Z,1.1.0,2926caf51567f3e0f9d9828bbe47f1cce568ccd59bfd007064d88f3a8af3f425
76ec36086f415853dc52bedb64203346cdc37c62cef06c298514d6e781431bc2,1.1.2,6590a4bbb77802175afa4c406de831d596569cbf2e1f596de7df0910f43e8fd5,e51f21289a5f63ada7c1746ad6385412db3f6a4e7fc3ba4e33e43fbdb6e9bf14,241bade8665d15f1855e8ed5cb5a8f8bc3dbb5e66c87d76b45ab5d76f1caa9f7,dffe8acdbd3e011d12e5e45e08331fd300f3b67f,d842d1fe-0de3-48ea-8341-bb9cfc6a6383,1f3cfd315a24d1a7dd5859a8e6b88e18,2026_03_NE_JAX,2026,3,2026-09-27T17:00:00Z,totals,OVER,2026-09-24T16:00:22.882475Z,2026-09-24T16:00:22.454081Z,2026-09-22T18:51:43.097248Z,bb86d96ac8c5a37027060695827d4ca64ef6cc1d2ef5b5808941c85556f173d5,28d02f19b10187ccd73c58988e18dd60b23601395157804ba9b7103785b3b4cb,2026-09-24T16:00:17Z,45.0,-118,103,0.5235389255584212,1.0338952411081483,45.266666666666666,,INCOMPARABLE_POINTS,3,0.5125268351428967,0.1161508759454473,45.0595304408474,0.4894747058462756,0.4918730700371855,0.4918730700371855,0.0,0.5081269299628145,UNAVAILABLE_FOR_BETTING,DIAGNOSTIC_EARLY_SNAPSHOT,PASS,MODEL_LOCKED_UNTESTED_2026;UNCERTAINTY_UNAVAILABLE_FOR_BETTING;DIAGNOSTIC_EARLY_SNAPSHOT,local:v11-prospective-observer,2026-09-24T16:00:22.882475Z,2026-09-24T16:00:17Z,1.1.0,5ae3e37ae563af0fe5da50c07283d31ea2bcf7821db30622b1f6ccd482ef0173
a49d14349ec9a3fd9dd8b1ff2a431f8618215ceca65647938b1dd20b17ea9ac0,challenger-0.2.0,5c8bf3ec348a261ab2c0ce94bd8cc315f754a8dc991c15c20d0d961d06997984,49fadb583b0dee0ba78c242826cb3e521cee0c4af2da837cfd5df18936598793,159ec87beb47e140832d992a80618f94b5cef5681c9d11c24e999ce1cad03b10,dffe8acdbd3e011d12e5e45e08331fd300f3b67f,d842d1fe-0de3-48ea-8341-bb9cfc6a6383,1f3cfd315a24d1a7dd5859a8e6b88e18,2026_03_NE_JAX,2026,3,2026-09-27T17:00:00Z,totals,OVER,2026-09-24T16:00:25.607332Z,2026-09-24T16:00:22.454081Z,2026-09-22T18:51:43.097248Z,3ecdbfbaf3290a1d0f9b9aee517e61634d37a7bdde41367b8b77ffdf6363f311,b9da2a062f061cfe7b5eaabc88ae2e99081edafa5b3f124e5437a55a60a49d6b,2026-09-24T16:00:17Z,45.0,-118,103,0.5235389255584212,1.0338952411081483,45.266666666666666,,INCOMPARABLE_POINTS,3,-2.565557590717539,0.0,45.0,0.4856689348927987,0.5235389255584212,0.5195023130578034,0.0077102433144053545,0.47278744362779124,MODELED_DEVELOPMENT_MARGIN_SHADOW_ONLY,SHADOW_ELIGIBLE,PASS,EXPERIMENTAL_SHADOW_NO_STAKES;SHADOW_ELIGIBLE,local:challenger+the-odds-api,2026-09-24T16:00:25.607332Z,2026-09-24T16:00:17Z,1.1.0,2c0d1fedafd61447ef6ba913fbca85c7555648305639913d00ef7e3604759bc6
15c8305e86d35dc9b53084e2cdd2b3e4200eb7df65441136668647bbc2578f38,1.1.2,6590a4bbb77802175afa4c406de831d596569cbf2e1f596de7df0910f43e8fd5,e51f21289a5f63ada7c1746ad6385412db3f6a4e7fc3ba4e33e43fbdb6e9bf14,241bade8665d15f1855e8ed5cb5a8f8bc3dbb5e66c87d76b45ab5d76f1caa9f7,dffe8acdbd3e011d12e5e45e08331fd300f3b67f,b7f8819c-86a9-428f-bb46-debf3999015c,1f3cfd315a24d1a7dd5859a8e6b88e18,2026_03_NE_JAX,2026,3,2026-09-27T17:00:00Z,totals,OVER,2026-09-25T21:00:29.089372Z,2026-09-25T21:00:28.639096Z,2026-09-22T18:51:43.097248Z,bb86d96ac8c5a37027060695827d4ca64ef6cc1d2ef5b5808941c85556f173d5,28d02f19b10187ccd73c58988e18dd60b23601395157804ba9b7103785b3b4cb,2026-09-25T20:59:58Z,45.5,-117,102,0.5213305686681078,1.0342200118629374,45.56666666666666,,INCOMPARABLE_POINTS,3,0.5125268351428967,0.1161508759454473,45.5595304408474,0.4894747058462756,0.4918730700371855,0.4918730700371855,0.0,0.5081269299628145,UNAVAILABLE_FOR_BETTING,DIAGNOSTIC_EARLY_SNAPSHOT,PASS,MODEL_LOCKED_UNTESTED_2026;UNCERTAINTY_UNAVAILABLE_FOR_BETTING;DIAGNOSTIC_EARLY_SNAPSHOT,local:v11-prospective-observer,2026-09-25T21:00:29.089372Z,2026-09-25T20:59:58Z,1.1.0,0238ca08279daad4352128b9c997e7f70e8e8c296ad9b37649ab16b56c88bf11
e25ff4d28033a0ed9eea4ec525f59d755e355942ea3c2981eb1fff1aa9548408,challenger-0.2.0,5c8bf3ec348a261ab2c0ce94bd8cc315f754a8dc991c15c20d0d961d06997984,49fadb583b0dee0ba78c242826cb3e521cee0c4af2da837cfd5df18936598793,159ec87beb47e140832d992a80618f94b5cef5681c9d11c24e999ce1cad03b10,dffe8acdbd3e011d12e5e45e08331fd300f3b67f,b7f8819c-86a9-428f-bb46-debf3999015c,1f3cfd315a24d1a7dd5859a8e6b88e18,2026_03_NE_JAX,2026,3,2026-09-27T17:00:00Z,totals,OVER,2026-09-25T21:00:31.801654Z,2026-09-25T21:00:28.639096Z,2026-09-22T18:51:43.097248Z,3ecdbfbaf3290a1d0f9b9aee517e61634d37a7bdde41367b8b77ffdf6363f311,b9da2a062f061cfe7b5eaabc88ae2e99081edafa5b3f124e5437a55a60a49d6b,2026-09-25T20:59:58Z,45.5,-117,102,0.5213305686681078,1.0342200118629374,45.56666666666666,,INCOMPARABLE_POINTS,3,-3.065557590717539,0.0,45.5,0.4856689348927987,0.5213305686681078,0.5173109831364393,0.0077102433144053545,0.47497877354915524,MODELED_DEVELOPMENT_MARGIN_SHADOW_ONLY,SHADOW_ELIGIBLE,PASS,EXPERIMENTAL_SHADOW_NO_STAKES;SHADOW_ELIGIBLE,local:challenger+the-odds-api,2026-09-25T21:00:31.801654Z,2026-09-25T20:59:58Z,1.1.0,520413851405d110bb247f3559f43801e7fd30a75a4730cde3c4d951490717b6
07a9596b07d3274ede1549605353ed5f5b6a5ed0d0b561d5bf8807484d7f8b9a,1.1.2,6590a4bbb77802175afa4c406de831d596569cbf2e1f596de7df0910f43e8fd5,e51f21289a5f63ada7c1746ad6385412db3f6a4e7fc3ba4e33e43fbdb6e9bf14,241bade8665d15f1855e8ed5cb5a8f8bc3dbb5e66c87d76b45ab5d76f1caa9f7,dffe8acdbd3e011d12e5e45e08331fd300f3b67f,8b8b5771-d3ca-480c-9980-dac450e82c42,1f3cfd315a24d1a7dd5859a8e6b88e18,2026_03_NE_JAX,2026,3,2026-09-27T17:00:00Z,totals,OVER,2026-09-26T13:00:27.689180Z,2026-09-26T13:00:27.208512Z,2026-09-22T18:51:43.097248Z,bb86d96ac8c5a37027060695827d4ca64ef6cc1d2ef5b5808941c85556f173d5,28d02f19b10187ccd73c58988e18dd60b23601395157804ba9b7103785b3b4cb,2026-09-26T13:00:05Z,45.5,-117,102,0.5213305686681078,1.0342200118629374,45.7,,INCOMPARABLE_POINTS,3,0.5125268351428967,0.1161508759454473,45.5595304408474,0.4894747058462756,0.4918730700371855,0.4918730700371855,0.0,0.5081269299628145,UNAVAILABLE_FOR_BETTING,DIAGNOSTIC_EARLY_SNAPSHOT,PASS,MODEL_LOCKED_UNTESTED_2026;UNCERTAINTY_UNAVAILABLE_FOR_BETTING;DIAGNOSTIC_EARLY_SNAPSHOT,local:v11-prospective-observer,2026-09-26T13:00:27.689180Z,2026-09-26T13:00:05Z,1.1.0,b2814a5f7c54264c5afdaa2d3c104b264765786c000bdaa6bbaaff54de00c338
0c899243e80da1285408e65e3b03b6c221ffd68aae7902e1d6c0a752d0c02871,challenger-0.2.0,5c8bf3ec348a261ab2c0ce94bd8cc315f754a8dc991c15c20d0d961d06997984,49fadb583b0dee0ba78c242826cb3e521cee0c4af2da837cfd5df18936598793,159ec87beb47e140832d992a80618f94b5cef5681c9d11c24e999ce1cad03b10,dffe8acdbd3e011d12e5e45e08331fd300f3b67f,8b8b5771-d3ca-480c-9980-dac450e82c42,1f3cfd315a24d1a7dd5859a8e6b88e18,2026_03_NE_JAX,2026,3,2026-09-27T17:00:00Z,totals,OVER,2026-09-26T13:00:30.675609Z,2026-09-26T13:00:27.208512Z,2026-09-22T18:51:43.097248Z,3ecdbfbaf3290a1d0f9b9aee517e61634d37a7bdde41367b8b77ffdf6363f311,b9da2a062f061cfe7b5eaabc88ae2e99081edafa5b3f124e5437a55a60a49d6b,2026-09-26T13:00:05Z,45.5,-117,102,0.5213305686681078,1.0342200118629374,45.7,,INCOMPARABLE_POINTS,3,-3.065557590717539,0.0,45.5,0.4856689348927987,0.5213305686681078,0.5173109831364393,0.0077102433144053545,0.47497877354915524,MODELED_DEVELOPMENT_MARGIN_SHADOW_ONLY,SHADOW_ELIGIBLE,PASS,EXPERIMENTAL_SHADOW_NO_STAKES;SHADOW_ELIGIBLE,local:challenger+the-odds-api,2026-09-26T13:00:30.675609Z,2026-09-26T13:00:05Z,1.1.0,a1e2967d60763ba4bdd9ff87d3ad976d7d0c46a2189888fe6d775878d3add63c
28da4d126d21ee30d34747caa901776aa183e23e07a35afaa34fdbde169b3ebf,1.1.2,6590a4bbb77802175afa4c406de831d596569cbf2e1f596de7df0910f43e8fd5,e51f21289a5f63ada7c1746ad6385412db3f6a4e7fc3ba4e33e43fbdb6e9bf14,241bade8665d15f1855e8ed5cb5a8f8bc3dbb5e66c87d76b45ab5d76f1caa9f7,dffe8acdbd3e011d12e5e45e08331fd300f3b67f,d2d710b1-c436-4180-8c43-56a6e84b5e0f,1f3cfd315a24d1a7dd5859a8e6b88e18,2026_03_NE_JAX,2026,3,2026-09-27T17:00:00Z,totals,OVER,2026-09-26T21:00:26.360329Z,2026-09-26T21:00:25.892304Z,2026-09-22T18:51:43.097248Z,bb86d96ac8c5a37027060695827d4ca64ef6cc1d2ef5b5808941c85556f173d5,28d02f19b10187ccd73c58988e18dd60b23601395157804ba9b7103785b3b4cb,2026-09-26T20:59:57Z,45.5,-117,102,0.5213305686681078,1.0342200118629374,45.7,,INCOMPARABLE_POINTS,3,0.5125268351428967,0.1161508759454473,45.5595304408474,0.4894747058462756,0.4918730700371855,0.4918730700371855,0.0,0.5081269299628145,UNAVAILABLE_FOR_BETTING,DIAGNOSTIC_EARLY_SNAPSHOT,PASS,MODEL_LOCKED_UNTESTED_2026;UNCERTAINTY_UNAVAILABLE_FOR_BETTING;DIAGNOSTIC_EARLY_SNAPSHOT,local:v11-prospective-observer,2026-09-26T21:00:26.360329Z,2026-09-26T20:59:57Z,1.1.0,7d0a6ae5c084e5fa14dbb37568ff96df4be1575b78f5d04b5ae341bdd9a00d47
6836249c5ffe66ccc08612083924d9cae961d36fe35c9c7f3cdceb086a7a948c,challenger-0.2.0,5c8bf3ec348a261ab2c0ce94bd8cc315f754a8dc991c15c20d0d961d06997984,49fadb583b0dee0ba78c242826cb3e521cee0c4af2da837cfd5df18936598793,159ec87beb47e140832d992a80618f94b5cef5681c9d11c24e999ce1cad03b10,dffe8acdbd3e011d12e5e45e08331fd300f3b67f,d2d710b1-c436-4180-8c43-56a6e84b5e0f,1f3cfd315a24d1a7dd5859a8e6b88e18,2026_03_NE_JAX,2026,3,2026-09-27T17:00:00Z,totals,OVER,2026-09-26T21:00:29.199963Z,2026-09-26T21:00:25.892304Z,2026-09-22T18:51:43.097248Z,3ecdbfbaf3290a1d0f9b9aee517e61634d37a7bdde41367b8b77ffdf6363f311,b9da2a062f061cfe7b5eaabc88ae2e99081edafa5b3f124e5437a55a60a49d6b,2026-09-26T20:59:57Z,45.5,-117,102,0.5213305686681078,1.0342200118629374,45.7,,INCOMPARABLE_POINTS,3,-3.065557590717539,0.0,45.5,0.4856689348927987,0.5213305686681078,0.5173109831364393,0.0077102433144053545,0.47497877354915524,MODELED_DEVELOPMENT_MARGIN_SHADOW_ONLY,SHADOW_ELIGIBLE,PASS,EXPERIMENTAL_SHADOW_NO_STAKES;SHADOW_ELIGIBLE,local:challenger+the-odds-api,2026-09-26T21:00:29.199963Z,2026-09-26T20:59:57Z,1.1.0,d14b2c2510da1553fd8ffa2fcb6a2a4c338e56679357c38e4f934777675d6557
8cbee9fa275eafbb450471fbb1279d24e7be737411fb9db3edb90b09953d2a76,1.1.2,6590a4bbb77802175afa4c406de831d596569cbf2e1f596de7df0910f43e8fd5,e51f21289a5f63ada7c1746ad6385412db3f6a4e7fc3ba4e33e43fbdb6e9bf14,241bade8665d15f1855e8ed5cb5a8f8bc3dbb5e66c87d76b45ab5d76f1caa9f7,dffe8acdbd3e011d12e5e45e08331fd300f3b67f,214053eb-5084-4022-8817-4ddbbf933e60,1f3cfd315a24d1a7dd5859a8e6b88e18,2026_03_NE_JAX,2026,3,2026-09-27T17:00:00Z,totals,OVER,2026-09-27T03:00:57.907341Z,2026-09-27T03:00:57.384540Z,2026-09-22T18:51:43.097248Z,bb86d96ac8c5a37027060695827d4ca64ef6cc1d2ef5b5808941c85556f173d5,28d02f19b10187ccd73c58988e18dd60b23601395157804ba9b7103785b3b4cb,2026-09-27T03:00:51Z,45.5,-115,101,0.5180992939594308,1.0323961587411778,45.7,,INCOMPARABLE_POINTS,3,0.5125268351428967,0.1161508759454473,45.5595304408474,0.4894747058462756,0.4918730700371855,0.4918730700371855,0.0,0.5081269299628145,UNAVAILABLE_FOR_BETTING,DIAGNOSTIC_EARLY_SNAPSHOT,PASS,MODEL_LOCKED_UNTESTED_2026;UNCERTAINTY_UNAVAILABLE_FOR_BETTING;DIAGNOSTIC_EARLY_SNAPSHOT,local:v11-prospective-observer,2026-09-27T03:00:57.907341Z,2026-09-27T03:00:51Z,1.1.0,9b8df74376e1932f3fd5af28e872b99f65636322aedeb8131acdae114f1534f8
cd6a14b000c1dcfe561e719193cac0ae92fd3682dc66b1d852f078f11a2f572b,challenger-0.2.0,5c8bf3ec348a261ab2c0ce94bd8cc315f754a8dc991c15c20d0d961d06997984,49fadb583b0dee0ba78c242826cb3e521cee0c4af2da837cfd5df18936598793,159ec87beb47e140832d992a80618f94b5cef5681c9d11c24e999ce1cad03b10,dffe8acdbd3e011d12e5e45e08331fd300f3b67f,214053eb-5084-4022-8817-4ddbbf933e60,1f3cfd315a24d1a7dd5859a8e6b88e18,2026_03_NE_JAX,2026,3,2026-09-27T17:00:00Z,totals,OVER,2026-09-27T03:01:00.857309Z,2026-09-27T03:00:57.384540Z,2026-09-22T18:51:43.097248Z,3ecdbfbaf3290a1d0f9b9aee517e61634d37a7bdde41367b8b77ffdf6363f311,b9da2a062f061cfe7b5eaabc88ae2e99081edafa5b3f124e5437a55a60a49d6b,2026-09-27T03:00:51Z,45.5,-115,101,0.5180992939594308,1.0323961587411778,45.7,,INCOMPARABLE_POINTS,3,-3.065557590717539,0.0,45.5,0.4856689348927987,0.5180992939594308,0.514104622341982,0.0077102433144053545,0.4781851343436127,MODELED_DEVELOPMENT_MARGIN_SHADOW_ONLY,SHADOW_ELIGIBLE,PASS,EXPERIMENTAL_SHADOW_NO_STAKES;SHADOW_ELIGIBLE,local:challenger+the-odds-api,2026-09-27T03:01:00.857309Z,2026-09-27T03:00:51Z,1.1.0,af33b23a2aff8aed98bc72c27fa1efd42cc913091426527050231b6d20b90a32
d2bd6938c8ae0ba5ac668aa3d32b53c2cd024386f980fc2dd838e039b36921d4,challenger-0.2.0,5c8bf3ec348a261ab2c0ce94bd8cc315f754a8dc991c15c20d0d961d06997984,49fadb583b0dee0ba78c242826cb3e521cee0c4af2da837cfd5df18936598793,159ec87beb47e140832d992a80618f94b5cef5681c9d11c24e999ce1cad03b10,b143eda428696625817bd7042b4cf3a453477386,e1878b61-7760-4e06-9ca0-bec5e38d131c,1f3cfd315a24d1a7dd5859a8e6b88e18,2026_03_NE_JAX,2026,3,2026-09-27T17:00:00Z,totals,OVER,2026-09-27T12:45:25.295673Z,2026-09-27T12:45:22.019645Z,2026-09-22T18:51:43.097248Z,3ecdbfbaf3290a1d0f9b9aee517e61634d37a7bdde41367b8b77ffdf6363f311,b9da2a062f061cfe7b5eaabc88ae2e99081edafa5b3f124e5437a55a60a49d6b,2026-09-27T12:45:16Z,45.5,-111,-101,0.5114621062766493,1.0285539128999552,45.56666666666666,,INCOMPARABLE_POINTS,3,-3.065557590717539,0.0,45.5,0.4856689348927987,0.5114621062766493,0.5075186089911581,0.0077102433144053545,0.4847711476944365,MODELED_DEVELOPMENT_MARGIN_SHADOW_ONLY,SHADOW_ELIGIBLE,PASS,EXPERIMENTAL_SHADOW_NO_STAKES;SHADOW_ELIGIBLE,local:challenger+the-odds-api,2026-09-27T12:45:25.295673Z,2026-09-27T12:45:16Z,1.1.0,125c08384aa778ee2b116ec8ecd54b68cd223ac67378ea74f420aeb41a4085d2
ef81cbc3b08e4cbeb006f2f3987fad351511dc4a0d7f63f4bffd5f4739b8c090,1.1.2,6590a4bbb77802175afa4c406de831d596569cbf2e1f596de7df0910f43e8fd5,e51f21289a5f63ada7c1746ad6385412db3f6a4e7fc3ba4e33e43fbdb6e9bf14,241bade8665d15f1855e8ed5cb5a8f8bc3dbb5e66c87d76b45ab5d76f1caa9f7,b143eda428696625817bd7042b4cf3a453477386,e1878b61-7760-4e06-9ca0-bec5e38d131c,1f3cfd315a24d1a7dd5859a8e6b88e18,2026_03_NE_JAX,2026,3,2026-09-27T17:00:00Z,totals,OVER,2026-09-27T12:45:22.508290Z,2026-09-27T12:45:22.019645Z,2026-09-22T18:51:43.097248Z,bb86d96ac8c5a37027060695827d4ca64ef6cc1d2ef5b5808941c85556f173d5,28d02f19b10187ccd73c58988e18dd60b23601395157804ba9b7103785b3b4cb,2026-09-27T12:45:16Z,45.5,-111,-101,0.5114621062766493,1.0285539128999552,45.56666666666666,,INCOMPARABLE_POINTS,3,0.5125268351428967,0.1161508759454473,45.5595304408474,0.4894747058462756,0.4918730700371855,0.4918730700371855,0.0,0.5081269299628145,UNAVAILABLE_FOR_BETTING,DIAGNOSTIC_EARLY_SNAPSHOT,PASS,MODEL_LOCKED_UNTESTED_2026;UNCERTAINTY_UNAVAILABLE_FOR_BETTING;DIAGNOSTIC_EARLY_SNAPSHOT,local:v11-prospective-observer,2026-09-27T12:45:22.508290Z,2026-09-27T12:45:16Z,1.1.0,84b2377cfbad543daff09015dbdfaacabf8fbaec62142d4c720dd529989c20cf
638c358ff1fec0cfd90f2904f086340d6204079e2db1133fc165af3313d70ae9,1.1.2,6590a4bbb77802175afa4c406de831d596569cbf2e1f596de7df0910f43e8fd5,e51f21289a5f63ada7c1746ad6385412db3f6a4e7fc3ba4e33e43fbdb6e9bf14,241bade8665d15f1855e8ed5cb5a8f8bc3dbb5e66c87d76b45ab5d76f1caa9f7,c8df716c912e3f6e3b11d508f2988b51a9d4b5a7,d4b87e91-991a-4aa9-bfef-bc8de675e276,07f552badfa8a565d1be22123713e4da,2026_03_NYJ_DET,2026,3,2026-09-27T17:00:00Z,spreads,HOME,2026-09-23T13:00:21.951453Z,2026-09-23T13:00:21.551276Z,2026-09-22T18:51:43.097248Z,bb86d96ac8c5a37027060695827d4ca64ef6cc1d2ef5b5808941c85556f173d5,5b68fb14cdbfdf7fc87a906eff9c4c18daa33b512b3b9bdbae65b6597335afbc,2026-09-23T13:00:20Z,7.0,108,-122,0.4666218261308223,1.03031878031878,6.800000000000001,,INCOMPARABLE_POINTS,3,-1.017863880061251,0.0,7.0,0.43130864402557506,0.48010323117212567,0.45904439250788076,0.04386314712532096,0.4970924603667984,UNAVAILABLE_FOR_BETTING,DIAGNOSTIC_EARLY_SNAPSHOT,PASS,MODEL_LOCKED_UNTESTED_2026;UNCERTAINTY_UNAVAILABLE_FOR_BETTING;DIAGNOSTIC_EARLY_SNAPSHOT,local:v11-prospective-observer,2026-09-23T13:00:21.951453Z,2026-09-23T13:00:20Z,1.1.0,5bcfd4c3ce84b0d98107f1dc200d8f8d61798a34e70468f28f3adc1d818a189d
e283dab930fb438563252bae05f95e66e6c83f1f8e7e6104dcda6c7e1fe64df7,challenger-0.2.0,5c8bf3ec348a261ab2c0ce94bd8cc315f754a8dc991c15c20d0d961d06997984,49fadb583b0dee0ba78c242826cb3e521cee0c4af2da837cfd5df18936598793,159ec87beb47e140832d992a80618f94b5cef5681c9d11c24e999ce1cad03b10,c8df716c912e3f6e3b11d508f2988b51a9d4b5a7,d4b87e91-991a-4aa9-bfef-bc8de675e276,07f552badfa8a565d1be22123713e4da,2026_03_NYJ_DET,2026,3,2026-09-27T17:00:00Z,spreads,HOME,2026-09-23T13:00:24.484171Z,2026-09-23T13:00:21.551276Z,2026-09-22T18:51:43.097248Z,3ecdbfbaf3290a1d0f9b9aee517e61634d37a7bdde41367b8b77ffdf6363f311,ccfdc06fa04f36f674e0326b2c3ea90350e415777ec0022dd67b8607fb3ce4ff,2026-09-23T13:00:20Z,7.0,108,-122,0.4666218261308223,1.03031878031878,6.800000000000001,,INCOMPARABLE_POINTS,3,-5.342121310086249,0.0,7.0,0.427929073796071,0.4666218261308223,0.45042718811482046,0.03470613055177041,0.5148666813334091,MODELED_DEVELOPMENT_MARGIN_SHADOW_ONLY,SHADOW_ELIGIBLE,PASS,EXPERIMENTAL_SHADOW_NO_STAKES;SHADOW_ELIGIBLE,local:challenger+the-odds-api,2026-09-23T13:00:24.484171Z,2026-09-23T13:00:20Z,1.1.0,4f53084a68e05f44413ae532e4258fe902d7a7d439a43274f3921112a4c528c8
3373851b5d16bdc9c7662bc0c1766da5665a40b6a775adc2f618c66210f8fe8e,challenger-0.2.0,5c8bf3ec348a261ab2c0ce94bd8cc315f754a8dc991c15c20d0d961d06997984,49fadb583b0dee0ba78c242826cb3e521cee0c4af2da837cfd5df18936598793,159ec87beb47e140832d992a80618f94b5cef5681c9d11c24e999ce1cad03b10,dffe8acdbd3e011d12e5e45e08331fd300f3b67f,d842d1fe-0de3-48ea-8341-bb9cfc6a6383,07f552badfa8a565d1be22123713e4da,2026_03_NYJ_DET,2026,3,2026-09-27T17:00:00Z,spreads,HOME,2026-09-24T16:00:25.607332Z,2026-09-24T16:00:22.454081Z,2026-09-22T18:51:43.097248Z,3ecdbfbaf3290a1d0f9b9aee517e61634d37a7bdde41367b8b77ffdf6363f311,ccfdc06fa04f36f674e0326b2c3ea90350e415777ec0022dd67b8607fb3ce4ff,2026-09-24T16:00:17Z,7.0,108,-122,0.4666218261308223,1.03031878031878,6.800000000000001,,INCOMPARABLE_POINTS,3,-5.342121310086249,0.0,7.0,0.427929073796071,0.4666218261308223,0.45042718811482046,0.03470613055177041,0.5148666813334091,MODELED_DEVELOPMENT_MARGIN_SHADOW_ONLY,SHADOW_ELIGIBLE,PASS,EXPERIMENTAL_SHADOW_NO_STAKES;SHADOW_ELIGIBLE,local:challenger+the-odds-api,2026-09-24T16:00:25.607332Z,2026-09-24T16:00:17Z,1.1.0,b713fb08259a499ee53672920ff423da72eefbf0949b5b82e9df542f4aad5144
cabf841eb19f46132e954bc3afe0bdf6e6ddd2c1a51ff5ed15c8681f6b7a7a7b,1.1.2,6590a4bbb77802175afa4c406de831d596569cbf2e1f596de7df0910f43e8fd5,e51f21289a5f63ada7c1746ad6385412db3f6a4e7fc3ba4e33e43fbdb6e9bf14,241bade8665d15f1855e8ed5cb5a8f8bc3dbb5e66c87d76b45ab5d76f1caa9f7,dffe8acdbd3e011d12e5e45e08331fd300f3b67f,d842d1fe-0de3-48ea-8341-bb9cfc6a6383,07f552badfa8a565d1be22123713e4da,2026_03_NYJ_DET,2026,3,2026-09-27T17:00:00Z,spreads,HOME,2026-09-24T16:00:22.882475Z,2026-09-24T16:00:22.454081Z,2026-09-22T18:51:43.097248Z,bb86d96ac8c5a37027060695827d4ca64ef6cc1d2ef5b5808941c85556f173d5,5b68fb14cdbfdf7fc87a906eff9c4c18daa33b512b3b9bdbae65b6597335afbc,2026-09-24T16:00:17Z,7.0,108,-122,0.4666218261308223,1.03031878031878,6.800000000000001,,INCOMPARABLE_POINTS,3,-1.017863880061251,0.0,7.0,0.43130864402557506,0.48010323117212567,0.45904439250788076,0.04386314712532096,0.4970924603667984,UNAVAILABLE_FOR_BETTING,DIAGNOSTIC_EARLY_SNAPSHOT,PASS,MODEL_LOCKED_UNTESTED_2026;UNCERTAINTY_UNAVAILABLE_FOR_BETTING;DIAGNOSTIC_EARLY_SNAPSHOT,local:v11-prospective-observer,2026-09-24T16:00:22.882475Z,2026-09-24T16:00:17Z,1.1.0,f7b1e13cfa978ae0062c98e843804b2beebc29efa991a52594cf1fe3d720f0e9
7e5145ac06e745cab75cbe063b16f0c95827a7379e0352561fea868d841b917e,1.1.2,6590a4bbb77802175afa4c406de831d596569cbf2e1f596de7df0910f43e8fd5,e51f21289a5f63ada7c1746ad6385412db3f6a4e7fc3ba4e33e43fbdb6e9bf14,241bade8665d15f1855e8ed5cb5a8f8bc3dbb5e66c87d76b45ab5d76f1caa9f7,dffe8acdbd3e011d12e5e45e08331fd300f3b67f,b7f8819c-86a9-428f-bb46-debf3999015c,07f552badfa8a565d1be22123713e4da,2026_03_NYJ_DET,2026,3,2026-09-27T17:00:00Z,spreads,HOME,2026-09-25T21:00:29.089372Z,2026-09-25T21:00:28.639096Z,2026-09-22T18:51:43.097248Z,bb86d96ac8c5a37027060695827d4ca64ef6cc1d2ef5b5808941c85556f173d5,5b68fb14cdbfdf7fc87a906eff9c4c18daa33b512b3b9bdbae65b6597335afbc,2026-09-25T20:59:58Z,7.0,110,-124,0.46242774566473993,1.0297619047619047,6.800000000000001,,INCOMPARABLE_POINTS,3,-1.017863880061251,0.0,7.0,0.43130864402557506,0.48010323117212567,0.45904439250788076,0.04386314712532096,0.4970924603667984,UNAVAILABLE_FOR_BETTING,DIAGNOSTIC_EARLY_SNAPSHOT,PASS,MODEL_LOCKED_UNTESTED_2026;UNCERTAINTY_UNAVAILABLE_FOR_BETTING;DIAGNOSTIC_EARLY_SNAPSHOT,local:v11-prospective-observer,2026-09-25T21:00:29.089372Z,2026-09-25T20:59:58Z,1.1.0,896b1c6785b15f5273ab655ca8139e3ad2e3b4c9fc56115336c4901b60871483
d79ee91659da91231f7720e1197cdf4557b2705b1cda29044ec8acaa5ca9c5f5,challenger-0.2.0,5c8bf3ec348a261ab2c0ce94bd8cc315f754a8dc991c15c20d0d961d06997984,49fadb583b0dee0ba78c242826cb3e521cee0c4af2da837cfd5df18936598793,159ec87beb47e140832d992a80618f94b5cef5681c9d11c24e999ce1cad03b10,dffe8acdbd3e011d12e5e45e08331fd300f3b67f,b7f8819c-86a9-428f-bb46-debf3999015c,07f552badfa8a565d1be22123713e4da,2026_03_NYJ_DET,2026,3,2026-09-27T17:00:00Z,spreads,HOME,2026-09-25T21:00:31.801654Z,2026-09-25T21:00:28.639096Z,2026-09-22T18:51:43.097248Z,3ecdbfbaf3290a1d0f9b9aee517e61634d37a7bdde41367b8b77ffdf6363f311,ccfdc06fa04f36f674e0326b2c3ea90350e415777ec0022dd67b8607fb3ce4ff,2026-09-25T20:59:58Z,7.0,110,-124,0.46242774566473993,1.0297619047619047,6.800000000000001,,INCOMPARABLE_POINTS,3,-5.342121310086249,0.0,7.0,0.427929073796071,0.46242774566473993,0.44637866795293857,0.03470613055177041,0.518915201495291,MODELED_DEVELOPMENT_MARGIN_SHADOW_ONLY,SHADOW_ELIGIBLE,PASS,EXPERIMENTAL_SHADOW_NO_STAKES;SHADOW_ELIGIBLE,local:challenger+the-odds-api,2026-09-25T21:00:31.801654Z,2026-09-25T20:59:58Z,1.1.0,f7e975b1d6467ff2085725f01c0220a8bb37f6143b6802abfac2cadbf41a8c30
3e2cddc1c54944f7044a873880f10c7777310b5d2fc627d867096650499463a7,1.1.2,6590a4bbb77802175afa4c406de831d596569cbf2e1f596de7df0910f43e8fd5,e51f21289a5f63ada7c1746ad6385412db3f6a4e7fc3ba4e33e43fbdb6e9bf14,241bade8665d15f1855e8ed5cb5a8f8bc3dbb5e66c87d76b45ab5d76f1caa9f7,dffe8acdbd3e011d12e5e45e08331fd300f3b67f,8b8b5771-d3ca-480c-9980-dac450e82c42,07f552badfa8a565d1be22123713e4da,2026_03_NYJ_DET,2026,3,2026-09-27T17:00:00Z,spreads,HOME,2026-09-26T13:00:27.689180Z,2026-09-26T13:00:27.208512Z,2026-09-22T18:51:43.097248Z,bb86d96ac8c5a37027060695827d4ca64ef6cc1d2ef5b5808941c85556f173d5,5b68fb14cdbfdf7fc87a906eff9c4c18daa33b512b3b9bdbae65b6597335afbc,2026-09-26T13:00:05Z,7.0,107,-120,0.46968403074295473,1.0285463328941589,6.800000000000001,,INCOMPARABLE_POINTS,3,-1.017863880061251,0.0,7.0,0.43130864402557506,0.48010323117212567,0.45904439250788076,0.04386314712532096,0.4970924603667984,UNAVAILABLE_FOR_BETTING,DIAGNOSTIC_EARLY_SNAPSHOT,PASS,MODEL_LOCKED_UNTESTED_2026;UNCERTAINTY_UNAVAILABLE_FOR_BETTING;DIAGNOSTIC_EARLY_SNAPSHOT,local:v11-prospective-observer,2026-09-26T13:00:27.689180Z,2026-09-26T13:00:05Z,1.1.0,2acc8c59a27ff9a564e65da3648c8f5817896925d96046422d8584897da900fb
470a773e1f380c58a479393839a9b883940d67d009d0d618f48d6b9400e4b695,challenger-0.2.0,5c8bf3ec348a261ab2c0ce94bd8cc315f754a8dc991c15c20d0d961d06997984,49fadb583b0dee0ba78c242826cb3e521cee0c4af2da837cfd5df18936598793,159ec87beb47e140832d992a80618f94b5cef5681c9d11c24e999ce1cad03b10,dffe8acdbd3e011d12e5e45e08331fd300f3b67f,8b8b5771-d3ca-480c-9980-dac450e82c42,07f552badfa8a565d1be22123713e4da,2026_03_NYJ_DET,2026,3,2026-09-27T17:00:00Z,spreads,HOME,2026-09-26T13:00:30.675609Z,2026-09-26T13:00:27.208512Z,2026-09-22T18:51:43.097248Z,3ecdbfbaf3290a1d0f9b9aee517e61634d37a7bdde41367b8b77ffdf6363f311,ccfdc06fa04f36f674e0326b2c3ea90350e415777ec0022dd67b8607fb3ce4ff,2026-09-26T13:00:05Z,7.0,107,-120,0.46968403074295473,1.0285463328941589,6.800000000000001,,INCOMPARABLE_POINTS,3,-5.342121310086249,0.0,7.0,0.427929073796071,0.46968403074295473,0.45338311545390797,0.03470613055177041,0.5119107539943216,MODELED_DEVELOPMENT_MARGIN_SHADOW_ONLY,SHADOW_ELIGIBLE,PASS,EXPERIMENTAL_SHADOW_NO_STAKES;SHADOW_ELIGIBLE,local:challenger+the-odds-api,2026-09-26T13:00:30.675609Z,2026-09-26T13:00:05Z,1.1.0,8e19bbbadf3e15bf9fcfa4dc18e3c852a1256e461f6174eda840002362057c07
192d18de53f46a2fc1701b29cef575f0255e754a5caf8b236d8cd77b7e5fc618,1.1.2,6590a4bbb77802175afa4c406de831d596569cbf2e1f596de7df0910f43e8fd5,e51f21289a5f63ada7c1746ad6385412db3f6a4e7fc3ba4e33e43fbdb6e9bf14,241bade8665d15f1855e8ed5cb5a8f8bc3dbb5e66c87d76b45ab5d76f1caa9f7,dffe8acdbd3e011d12e5e45e08331fd300f3b67f,d2d710b1-c436-4180-8c43-56a6e84b5e0f,07f552badfa8a565d1be22123713e4da,2026_03_NYJ_DET,2026,3,2026-09-27T17:00:00Z,spreads,HOME,2026-09-26T21:00:26.360329Z,2026-09-26T21:00:25.892304Z,2026-09-22T18:51:43.097248Z,bb86d96ac8c5a37027060695827d4ca64ef6cc1d2ef5b5808941c85556f173d5,5b68fb14cdbfdf7fc87a906eff9c4c18daa33b512b3b9bdbae65b6597335afbc,2026-09-26T20:59:57Z,7.0,107,-121,0.4687466858972999,1.030603099656808,6.800000000000001,,INCOMPARABLE_POINTS,3,-1.017863880061251,0.0,7.0,0.43130864402557506,0.48010323117212567,0.45904439250788076,0.04386314712532096,0.4970924603667984,UNAVAILABLE_FOR_BETTING,DIAGNOSTIC_EARLY_SNAPSHOT,PASS,MODEL_LOCKED_UNTESTED_2026;UNCERTAINTY_UNAVAILABLE_FOR_BETTING;DIAGNOSTIC_EARLY_SNAPSHOT,local:v11-prospective-observer,2026-09-26T21:00:26.360329Z,2026-09-26T20:59:57Z,1.1.0,503de3510fce8cb456b48abd2184b36a521619a68cf7fdac9ee3ffd479c7d7d1
7c1bf21527e5efed27ad66a94823ae5223a6813eb97b2ddc0e3325bfbe37f676,challenger-0.2.0,5c8bf3ec348a261ab2c0ce94bd8cc315f754a8dc991c15c20d0d961d06997984,49fadb583b0dee0ba78c242826cb3e521cee0c4af2da837cfd5df18936598793,159ec87beb47e140832d992a80618f94b5cef5681c9d11c24e999ce1cad03b10,dffe8acdbd3e011d12e5e45e08331fd300f3b67f,d2d710b1-c436-4180-8c43-56a6e84b5e0f,07f552badfa8a565d1be22123713e4da,2026_03_NYJ_DET,2026,3,2026-09-27T17:00:00Z,spreads,HOME,2026-09-26T21:00:29.199963Z,2026-09-26T21:00:25.892304Z,2026-09-22T18:51:43.097248Z,3ecdbfbaf3290a1d0f9b9aee517e61634d37a7bdde41367b8b77ffdf6363f311,ccfdc06fa04f36f674e0326b2c3ea90350e415777ec0022dd67b8607fb3ce4ff,2026-09-26T20:59:57Z,7.0,107,-121,0.4687466858972999,1.030603099656808,6.800000000000001,,INCOMPARABLE_POINTS,3,-5.342121310086249,0.0,7.0,0.427929073796071,0.4687466858972999,0.4524783022208385,0.03470613055177041,0.5128155672273911,MODELED_DEVELOPMENT_MARGIN_SHADOW_ONLY,SHADOW_ELIGIBLE,PASS,EXPERIMENTAL_SHADOW_NO_STAKES;SHADOW_ELIGIBLE,local:challenger+the-odds-api,2026-09-26T21:00:29.199963Z,2026-09-26T20:59:57Z,1.1.0,6eeeed957560feb6c025dede2efad45658aaf6e9f5a47920609d0c453fdbbae5
a3709dfefb6170acee2540bf2f4074fe58d85925703b9c6d986a7aacc0ba23d5,challenger-0.2.0,5c8bf3ec348a261ab2c0ce94bd8cc315f754a8dc991c15c20d0d961d06997984,49fadb583b0dee0ba78c242826cb3e521cee0c4af2da837cfd5df18936598793,159ec87beb47e140832d992a80618f94b5cef5681c9d11c24e999ce1cad03b10,dffe8acdbd3e011d12e5e45e08331fd300f3b67f,214053eb-5084-4022-8817-4ddbbf933e60,07f552badfa8a565d1be22123713e4da,2026_03_NYJ_DET,2026,3,2026-09-27T17:00:00Z,spreads,HOME,2026-09-27T03:01:00.857309Z,2026-09-27T03:00:57.384540Z,2026-09-22T18:51:43.097248Z,3ecdbfbaf3290a1d0f9b9aee517e61634d37a7bdde41367b8b77ffdf6363f311,ccfdc06fa04f36f674e0326b2c3ea90350e415777ec0022dd67b8607fb3ce4ff,2026-09-27T03:00:51Z,7.0,106,-119,0.47184039298487523,1.0288158886376735,6.800000000000001,,INCOMPARABLE_POINTS,3,-5.342121310086249,0.0,7.0,0.427929073796071,0.47184039298487523,0.4554646387063435,0.03470613055177041,0.5098292307418861,MODELED_DEVELOPMENT_MARGIN_SHADOW_ONLY,SHADOW_ELIGIBLE,PASS,EXPERIMENTAL_SHADOW_NO_STAKES;SHADOW_ELIGIBLE,local:challenger+the-odds-api,2026-09-27T03:01:00.857309Z,2026-09-27T03:00:51Z,1.1.0,ff0c1234af3444681fd933520de4fa68d457240a9fb4d1b139f4f10c2d8d859b
c00812197fa4cdde8e88905b93f698004082c9bd95a0b0d3018f07e3ae61f169,1.1.2,6590a4bbb77802175afa4c406de831d596569cbf2e1f596de7df0910f43e8fd5,e51f21289a5f63ada7c1746ad6385412db3f6a4e7fc3ba4e33e43fbdb6e9bf14,241bade8665d15f1855e8ed5cb5a8f8bc3dbb5e66c87d76b45ab5d76f1caa9f7,dffe8acdbd3e011d12e5e45e08331fd300f3b67f,214053eb-5084-4022-8817-4ddbbf933e60,07f552badfa8a565d1be22123713e4da,2026_03_NYJ_DET,2026,3,2026-09-27T17:00:00Z,spreads,HOME,2026-09-27T03:00:57.907341Z,2026-09-27T03:00:57.384540Z,2026-09-22T18:51:43.097248Z,bb86d96ac8c5a37027060695827d4ca64ef6cc1d2ef5b5808941c85556f173d5,5b68fb14cdbfdf7fc87a906eff9c4c18daa33b512b3b9bdbae65b6597335afbc,2026-09-27T03:00:51Z,7.0,106,-119,0.47184039298487523,1.0288158886376735,6.800000000000001,,INCOMPARABLE_POINTS,3,-1.017863880061251,0.0,7.0,0.43130864402557506,0.48010323117212567,0.45904439250788076,0.04386314712532096,0.4970924603667984,UNAVAILABLE_FOR_BETTING,DIAGNOSTIC_EARLY_SNAPSHOT,PASS,MODEL_LOCKED_UNTESTED_2026;UNCERTAINTY_UNAVAILABLE_FOR_BETTING;DIAGNOSTIC_EARLY_SNAPSHOT,local:v11-prospective-observer,2026-09-27T03:00:57.907341Z,2026-09-27T03:00:51Z,1.1.0,3671366e576a71f12d100a4781fafef97ec40b52b47bd747b7d025266d5c30c7
a00f0d9a52c509f54dc2adb4f818fbc8e4259eecf442d887175888285dd12a2d,1.1.2,6590a4bbb77802175afa4c406de831d596569cbf2e1f596de7df0910f43e8fd5,e51f21289a5f63ada7c1746ad6385412db3f6a4e7fc3ba4e33e43fbdb6e9bf14,241bade8665d15f1855e8ed5cb5a8f8bc3dbb5e66c87d76b45ab5d76f1caa9f7,b143eda428696625817bd7042b4cf3a453477386,e1878b61-7760-4e06-9ca0-bec5e38d131c,07f552badfa8a565d1be22123713e4da,2026_03_NYJ_DET,2026,3,2026-09-27T17:00:00Z,spreads,HOME,2026-09-27T12:45:22.508290Z,2026-09-27T12:45:22.019645Z,2026-09-22T18:51:43.097248Z,bb86d96ac8c5a37027060695827d4ca64ef6cc1d2ef5b5808941c85556f173d5,5b68fb14cdbfdf7fc87a906eff9c4c18daa33b512b3b9bdbae65b6597335afbc,2026-09-27T12:45:16Z,7.0,104,-115,0.4782028469750889,1.0250797993616052,6.800000000000001,,INCOMPARABLE_POINTS,3,-1.017863880061251,0.0,7.0,0.43130864402557506,0.48010323117212567,0.45904439250788076,0.04386314712532096,0.4970924603667984,UNAVAILABLE_FOR_BETTING,DIAGNOSTIC_EARLY_SNAPSHOT,PASS,MODEL_LOCKED_UNTESTED_2026;UNCERTAINTY_UNAVAILABLE_FOR_BETTING;DIAGNOSTIC_EARLY_SNAPSHOT,local:v11-prospective-observer,2026-09-27T12:45:22.508290Z,2026-09-27T12:45:16Z,1.1.0,6c5900c2d996deefcc3edd0fd68b1560a8a13becbc229f490bab46853f519b08
e9e4506b70b5c127678f13fcb6da107e0adeb841147c17fbfad335228cdc8a6b,challenger-0.2.0,5c8bf3ec348a261ab2c0ce94bd8cc315f754a8dc991c15c20d0d961d06997984,49fadb583b0dee0ba78c242826cb3e521cee0c4af2da837cfd5df18936598793,159ec87beb47e140832d992a80618f94b5cef5681c9d11c24e999ce1cad03b10,b143eda428696625817bd7042b4cf3a453477386,e1878b61-7760-4e06-9ca0-bec5e38d131c,07f552badfa8a565d1be22123713e4da,2026_03_NYJ_DET,2026,3,2026-09-27T17:00:00Z,spreads,HOME,2026-09-27T12:45:25.295673Z,2026-09-27T12:45:22.019645Z,2026-09-22T18:51:43.097248Z,3ecdbfbaf3290a1d0f9b9aee517e61634d37a7bdde41367b8b77ffdf6363f311,ccfdc06fa04f36f674e0326b2c3ea90350e415777ec0022dd67b8607fb3ce4ff,2026-09-27T12:45:16Z,7.0,104,-115,0.4782028469750889,1.0250797993616052,6.800000000000001,,INCOMPARABLE_POINTS,3,-5.342121310086249,0.0,7.0,0.427929073796071,0.4782028469750889,0.46160627653774317,0.03470613055177041,0.5036875929104864,MODELED_DEVELOPMENT_MARGIN_SHADOW_ONLY,SHADOW_ELIGIBLE,PASS,EXPERIMENTAL_SHADOW_NO_STAKES;SHADOW_ELIGIBLE,local:challenger+the-odds-api,2026-09-27T12:45:25.295673Z,2026-09-27T12:45:16Z,1.1.0,ea7c2a3c31c232f49ae6f0144e14a234e96f3fb8f5f19eef8bdad0ea4160776f
0bc9255847cdc8d50e28a3061c667de023415bd67cc6b7be89e3e255e2bfec6e,challenger-0.2.0,5c8bf3ec348a261ab2c0ce94bd8cc315f754a8dc991c15c20d0d961d06997984,49fadb583b0dee0ba78c242826cb3e521cee0c4af2da837cfd5df18936598793,159ec87beb47e140832d992a80618f94b5cef5681c9d11c24e999ce1cad03b10,c8df716c912e3f6e3b11d508f2988b51a9d4b5a7,d4b87e91-991a-4aa9-bfef-bc8de675e276,07f552badfa8a565d1be22123713e4da,2026_03_NYJ_DET,2026,3,2026-09-27T17:00:00Z,totals,OVER,2026-09-23T13:00:24.484171Z,2026-09-23T13:00:21.551276Z,2026-09-22T18:51:43.097248Z,3ecdbfbaf3290a1d0f9b9aee517e61634d37a7bdde41367b8b77ffdf6363f311,ccfdc06fa04f36f674e0326b2c3ea90350e415777ec0022dd67b8607fb3ce4ff,2026-09-23T13:00:20Z,48.0,102,-117,0.47866943133189216,1.0342200118629374,47.8,,INCOMPARABLE_POINTS,3,-0.3017728512240794,0.0,48.0,0.4939350888735808,0.47866943133189216,0.4747053914911747,0.008281372448805752,0.5170132360600195,MODELED_DEVELOPMENT_MARGIN_SHADOW_ONLY,SHADOW_ELIGIBLE,PASS,EXPERIMENTAL_SHADOW_NO_STAKES;SHADOW_ELIGIBLE,local:challenger+the-odds-api,2026-09-23T13:00:24.484171Z,2026-09-23T13:00:20Z,1.1.0,4a0d0991815e9b3a691f071813e27ca780c85e8a65fcd28fe8c30d8c248c2adc
12bda29bf070bf608e1fa15b54489c8061619cea7a44910fbebc6bb4f87e3188,1.1.2,6590a4bbb77802175afa4c406de831d596569cbf2e1f596de7df0910f43e8fd5,e51f21289a5f63ada7c1746ad6385412db3f6a4e7fc3ba4e33e43fbdb6e9bf14,241bade8665d15f1855e8ed5cb5a8f8bc3dbb5e66c87d76b45ab5d76f1caa9f7,c8df716c912e3f6e3b11d508f2988b51a9d4b5a7,d4b87e91-991a-4aa9-bfef-bc8de675e276,07f552badfa8a565d1be22123713e4da,2026_03_NYJ_DET,2026,3,2026-09-27T17:00:00Z,totals,OVER,2026-09-23T13:00:21.951453Z,2026-09-23T13:00:21.551276Z,2026-09-22T18:51:43.097248Z,bb86d96ac8c5a37027060695827d4ca64ef6cc1d2ef5b5808941c85556f173d5,5b68fb14cdbfdf7fc87a906eff9c4c18daa33b512b3b9bdbae65b6597335afbc,2026-09-23T13:00:20Z,48.0,102,-117,0.47866943133189216,1.0342200118629374,47.8,,INCOMPARABLE_POINTS,3,0.7371648994096434,0.1161508759454473,48.08562234878267,0.4923952144738917,0.4976326480647574,0.4976326480647574,0.0,0.5023673519352426,UNAVAILABLE_FOR_BETTING,DIAGNOSTIC_EARLY_SNAPSHOT,PASS,MODEL_LOCKED_UNTESTED_2026;UNCERTAINTY_UNAVAILABLE_FOR_BETTING;DIAGNOSTIC_EARLY_SNAPSHOT,local:v11-prospective-observer,2026-09-23T13:00:21.951453Z,2026-09-23T13:00:20Z,1.1.0,b63ca93954a3548ab89168161d85373ac723dfbe2434c30dda23daba9b3696cd
2316f9c9874c8d25a5492310d0d447b006b805f0a3049fffa8df74f5d23644bb,challenger-0.2.0,5c8bf3ec348a261ab2c0ce94bd8cc315f754a8dc991c15c20d0d961d06997984,49fadb583b0dee0ba78c242826cb3e521cee0c4af2da837cfd5df18936598793,159ec87beb47e140832d992a80618f94b5cef5681c9d11c24e999ce1cad03b10,dffe8acdbd3e011d12e5e45e08331fd300f3b67f,d842d1fe-0de3-48ea-8341-bb9cfc6a6383,07f552badfa8a565d1be22123713e4da,2026_03_NYJ_DET,2026,3,2026-09-27T17:00:00Z,totals,OVER,2026-09-24T16:00:25.607332Z,2026-09-24T16:00:22.454081Z,2026-09-22T18:51:43.097248Z,3ecdbfbaf3290a1d0f9b9aee517e61634d37a7bdde41367b8b77ffdf6363f311,ccfdc06fa04f36f674e0326b2c3ea90350e415777ec0022dd67b8607fb3ce4ff,2026-09-24T16:00:17Z,48.0,-102,-112,0.4887000542397397,1.0332523818419577,47.8,,INCOMPARABLE_POINTS,3,-0.3017728512240794,0.0,48.0,0.4939350888735808,0.4887000542397397,0.48465294707482887,0.008281372448805752,0.5070656804763654,MODELED_DEVELOPMENT_MARGIN_SHADOW_ONLY,SHADOW_ELIGIBLE,PASS,EXPERIMENTAL_SHADOW_NO_STAKES;SHADOW_ELIGIBLE,local:challenger+the-odds-api,2026-09-24T16:00:25.607332Z,2026-09-24T16:00:17Z,1.1.0,cf157dddd1213a47f3743a5f977b116a009e40995340080e6584b49bd3308107
be10014de9fb4618c565b42f6f6e6223aeceba4c9cade885a0eee429745feeed,1.1.2,6590a4bbb77802175afa4c406de831d596569cbf2e1f596de7df0910f43e8fd5,e51f21289a5f63ada7c1746ad6385412db3f6a4e7fc3ba4e33e43fbdb6e9bf14,241bade8665d15f1855e8ed5cb5a8f8bc3dbb5e66c87d76b45ab5d76f1caa9f7,dffe8acdbd3e011d12e5e45e08331fd300f3b67f,d842d1fe-0de3-48ea-8341-bb9cfc6a6383,07f552badfa8a565d1be22123713e4da,2026_03_NYJ_DET,2026,3,2026-09-27T17:00:00Z,totals,OVER,2026-09-24T16:00:22.882475Z,2026-09-24T16:00:22.454081Z,2026-09-22T18:51:43.097248Z,bb86d96ac8c5a37027060695827d4ca64ef6cc1d2ef5b5808941c85556f173d5,5b68fb14cdbfdf7fc87a906eff9c4c18daa33b512b3b9bdbae65b6597335afbc,2026-09-24T16:00:17Z,48.0,-102,-112,0.4887000542397397,1.0332523818419577,47.8,,INCOMPARABLE_POINTS,3,0.7371648994096434,0.1161508759454473,48.08562234878267,0.4923952144738917,0.4976326480647574,0.4976326480647574,0.0,0.5023673519352426,UNAVAILABLE_FOR_BETTING,DIAGNOSTIC_EARLY_SNAPSHOT,PASS,MODEL_LOCKED_UNTESTED_2026;UNCERTAINTY_UNAVAILABLE_FOR_BETTING;DIAGNOSTIC_EARLY_SNAPSHOT,local:v11-prospective-observer,2026-09-24T16:00:22.882475Z,2026-09-24T16:00:17Z,1.1.0,7ab75961746c445c5cfdd7ce07845de2263c722ec3cf410e13dba165dc694fea
2096140c9582ebc3f1f4b603e7a632b7ad3f56be194de6da9dd9cbcace6fe063,challenger-0.2.0,5c8bf3ec348a261ab2c0ce94bd8cc315f754a8dc991c15c20d0d961d06997984,49fadb583b0dee0ba78c242826cb3e521cee0c4af2da837cfd5df18936598793,159ec87beb47e140832d992a80618f94b5cef5681c9d11c24e999ce1cad03b10,dffe8acdbd3e011d12e5e45e08331fd300f3b67f,b7f8819c-86a9-428f-bb46-debf3999015c,07f552badfa8a565d1be22123713e4da,2026_03_NYJ_DET,2026,3,2026-09-27T17:00:00Z,totals,OVER,2026-09-25T21:00:31.801654Z,2026-09-25T21:00:28.639096Z,2026-09-22T18:51:43.097248Z,3ecdbfbaf3290a1d0f9b9aee517e61634d37a7bdde41367b8b77ffdf6363f311,ccfdc06fa04f36f674e0326b2c3ea90350e415777ec0022dd67b8607fb3ce4ff,2026-09-25T20:59:58Z,48.0,-110,-104,0.5067750677506776,1.0336134453781511,48.13333333333333,,INCOMPARABLE_POINTS,3,-0.3017728512240794,0.0,48.0,0.4939350888735808,0.5067750677506776,0.5025782746668654,0.008281372448805752,0.4891403528843288,MODELED_DEVELOPMENT_MARGIN_SHADOW_ONLY,SHADOW_ELIGIBLE,PASS,EXPERIMENTAL_SHADOW_NO_STAKES;SHADOW_ELIGIBLE,local:challenger+the-odds-api,2026-09-25T21:00:31.801654Z,2026-09-25T20:59:58Z,1.1.0,61e08c102c4f2b4b03e5099889c4d733c76eaac873159e96c7af92a7d11c7fce
4e32c92ad7f6e813ddc7aeeeaf849338c20863fd3780d0660150acbf1c0008a4,1.1.2,6590a4bbb77802175afa4c406de831d596569cbf2e1f596de7df0910f43e8fd5,e51f21289a5f63ada7c1746ad6385412db3f6a4e7fc3ba4e33e43fbdb6e9bf14,241bade8665d15f1855e8ed5cb5a8f8bc3dbb5e66c87d76b45ab5d76f1caa9f7,dffe8acdbd3e011d12e5e45e08331fd300f3b67f,b7f8819c-86a9-428f-bb46-debf3999015c,07f552badfa8a565d1be22123713e4da,2026_03_NYJ_DET,2026,3,2026-09-27T17:00:00Z,totals,OVER,2026-09-25T21:00:29.089372Z,2026-09-25T21:00:28.639096Z,2026-09-22T18:51:43.097248Z,bb86d96ac8c5a37027060695827d4ca64ef6cc1d2ef5b5808941c85556f173d5,5b68fb14cdbfdf7fc87a906eff9c4c18daa33b512b3b9bdbae65b6597335afbc,2026-09-25T20:59:58Z,48.0,-110,-104,0.5067750677506776,1.0336134453781511,48.13333333333333,,INCOMPARABLE_POINTS,3,0.7371648994096434,0.1161508759454473,48.08562234878267,0.4923952144738917,0.4976326480647574,0.4976326480647574,0.0,0.5023673519352426,UNAVAILABLE_FOR_BETTING,DIAGNOSTIC_EARLY_SNAPSHOT,PASS,MODEL_LOCKED_UNTESTED_2026;UNCERTAINTY_UNAVAILABLE_FOR_BETTING;DIAGNOSTIC_EARLY_SNAPSHOT,local:v11-prospective-observer,2026-09-25T21:00:29.089372Z,2026-09-25T20:59:58Z,1.1.0,58d11ece99ac03ebc6bb58ec2fb5929840fb2b2d98e9a3bc2013d5acc8316d94
3e8c0e1209b0f64b33bc6ceac9dffa645f1ab9a8eab13f925f0f8bfdec26e6a0,challenger-0.2.0,5c8bf3ec348a261ab2c0ce94bd8cc315f754a8dc991c15c20d0d961d06997984,49fadb583b0dee0ba78c242826cb3e521cee0c4af2da837cfd5df18936598793,159ec87beb47e140832d992a80618f94b5cef5681c9d11c24e999ce1cad03b10,dffe8acdbd3e011d12e5e45e08331fd300f3b67f,8b8b5771-d3ca-480c-9980-dac450e82c42,07f552badfa8a565d1be22123713e4da,2026_03_NYJ_DET,2026,3,2026-09-27T17:00:00Z,totals,OVER,2026-09-26T13:00:30.675609Z,2026-09-26T13:00:27.208512Z,2026-09-22T18:51:43.097248Z,3ecdbfbaf3290a1d0f9b9aee517e61634d37a7bdde41367b8b77ffdf6363f311,ccfdc06fa04f36f674e0326b2c3ea90350e415777ec0022dd67b8607fb3ce4ff,2026-09-26T13:00:05Z,48.0,-110,-104,0.5067750677506776,1.0336134453781511,48.13333333333333,,INCOMPARABLE_POINTS,3,-0.3017728512240794,0.0,48.0,0.4939350888735808,0.5067750677506776,0.5025782746668654,0.008281372448805752,0.4891403528843288,MODELED_DEVELOPMENT_MARGIN_SHADOW_ONLY,SHADOW_ELIGIBLE,PASS,EXPERIMENTAL_SHADOW_NO_STAKES;SHADOW_ELIGIBLE,local:challenger+the-odds-api,2026-09-26T13:00:30.675609Z,2026-09-26T13:00:05Z,1.1.0,61289cebc61598f9c807048c1c6c2e01b89182d5c719511a135b6adda8696917
d0c2d2836d2be5743bc8c9be59634e3fbe8c19cbb83b25eca5a31b28a289f45d,1.1.2,6590a4bbb77802175afa4c406de831d596569cbf2e1f596de7df0910f43e8fd5,e51f21289a5f63ada7c1746ad6385412db3f6a4e7fc3ba4e33e43fbdb6e9bf14,241bade8665d15f1855e8ed5cb5a8f8bc3dbb5e66c87d76b45ab5d76f1caa9f7,dffe8acdbd3e011d12e5e45e08331fd300f3b67f,8b8b5771-d3ca-480c-9980-dac450e82c42,07f552badfa8a565d1be22123713e4da,2026_03_NYJ_DET,2026,3,2026-09-27T17:00:00Z,totals,OVER,2026-09-26T13:00:27.689180Z,2026-09-26T13:00:27.208512Z,2026-09-22T18:51:43.097248Z,bb86d96ac8c5a37027060695827d4ca64ef6cc1d2ef5b5808941c85556f173d5,5b68fb14cdbfdf7fc87a906eff9c4c18daa33b512b3b9bdbae65b6597335afbc,2026-09-26T13:00:05Z,48.0,-110,-104,0.5067750677506776,1.0336134453781511,48.13333333333333,,INCOMPARABLE_POINTS,3,0.7371648994096434,0.1161508759454473,48.08562234878267,0.4923952144738917,0.4976326480647574,0.4976326480647574,0.0,0.5023673519352426,UNAVAILABLE_FOR_BETTING,DIAGNOSTIC_EARLY_SNAPSHOT,PASS,MODEL_LOCKED_UNTESTED_2026;UNCERTAINTY_UNAVAILABLE_FOR_BETTING;DIAGNOSTIC_EARLY_SNAPSHOT,local:v11-prospective-observer,2026-09-26T13:00:27.689180Z,2026-09-26T13:00:05Z,1.1.0,8b0e5fc20552d0a03219151d9f4c00e92f10627e835314b3c7d5496625f0331b
d0ed1b9ee8b1a831489320351cb6737de9a0ba182443aeeac87254665c4df287,challenger-0.2.0,5c8bf3ec348a261ab2c0ce94bd8cc315f754a8dc991c15c20d0d961d06997984,49fadb583b0dee0ba78c242826cb3e521cee0c4af2da837cfd5df18936598793,159ec87beb47e140832d992a80618f94b5cef5681c9d11c24e999ce1cad03b10,dffe8acdbd3e011d12e5e45e08331fd300f3b67f,d2d710b1-c436-4180-8c43-56a6e84b5e0f,07f552badfa8a565d1be22123713e4da,2026_03_NYJ_DET,2026,3,2026-09-27T17:00:00Z,totals,OVER,2026-09-26T21:00:29.199963Z,2026-09-26T21:00:25.892304Z,2026-09-22T18:51:43.097248Z,3ecdbfbaf3290a1d0f9b9aee517e61634d37a7bdde41367b8b77ffdf6363f311,ccfdc06fa04f36f674e0326b2c3ea90350e415777ec0022dd67b8607fb3ce4ff,2026-09-26T20:59:57Z,48.0,-109,-105,0.5045156920298035,1.0337262224296884,48.13333333333333,,INCOMPARABLE_POINTS,3,-0.3017728512240794,0.0,48.0,0.4939350888735808,0.5045156920298035,0.5003376096778377,0.008281372448805752,0.49138101787335653,MODELED_DEVELOPMENT_MARGIN_SHADOW_ONLY,SHADOW_ELIGIBLE,PASS,EXPERIMENTAL_SHADOW_NO_STAKES;SHADOW_ELIGIBLE,local:challenger+the-odds-api,2026-09-26T21:00:29.199963Z,2026-09-26T20:59:57Z,1.1.0,e136d2d06ad7ce2f0121e38480583ba78e5efdf37d63d16cb9ccf82d43b63efa
f5adf728178421fc8bf1fdcbe8cad0abfe8c076cb48b9c8ccd85ae7972ccb184,1.1.2,6590a4bbb77802175afa4c406de831d596569cbf2e1f596de7df0910f43e8fd5,e51f21289a5f63ada7c1746ad6385412db3f6a4e7fc3ba4e33e43fbdb6e9bf14,241bade8665d15f1855e8ed5cb5a8f8bc3dbb5e66c87d76b45ab5d76f1caa9f7,dffe8acdbd3e011d12e5e45e08331fd300f3b67f,d2d710b1-c436-4180-8c43-56a6e84b5e0f,07f552badfa8a565d1be22123713e4da,2026_03_NYJ_DET,2026,3,2026-09-27T17:00:00Z,totals,OVER,2026-09-26T21:00:26.360329Z,2026-09-26T21:00:25.892304Z,2026-09-22T18:51:43.097248Z,bb86d96ac8c5a37027060695827d4ca64ef6cc1d2ef5b5808941c85556f173d5,5b68fb14cdbfdf7fc87a906eff9c4c18daa33b512b3b9bdbae65b6597335afbc,2026-09-26T20:59:57Z,48.0,-109,-105,0.5045156920298035,1.0337262224296884,48.13333333333333,,INCOMPARABLE_POINTS,3,0.7371648994096434,0.1161508759454473,48.08562234878267,0.4923952144738917,0.4976326480647574,0.4976326480647574,0.0,0.5023673519352426,UNAVAILABLE_FOR_BETTING,DIAGNOSTIC_EARLY_SNAPSHOT,PASS,MODEL_LOCKED_UNTESTED_2026;UNCERTAINTY_UNAVAILABLE_FOR_BETTING;DIAGNOSTIC_EARLY_SNAPSHOT,local:v11-prospective-observer,2026-09-26T21:00:26.360329Z,2026-09-26T20:59:57Z,1.1.0,b2eaf6cb5521b0b0c709005e20fdf7951199504956d4af98c0b4f82fd6ec6b33
29b52c36d5ab14cf1e5eb1b78c6e7410ccb050393f3ffa09f7fec30d221bbecc,challenger-0.2.0,5c8bf3ec348a261ab2c0ce94bd8cc315f754a8dc991c15c20d0d961d06997984,49fadb583b0dee0ba78c242826cb3e521cee0c4af2da837cfd5df18936598793,159ec87beb47e140832d992a80618f94b5cef5681c9d11c24e999ce1cad03b10,dffe8acdbd3e011d12e5e45e08331fd300f3b67f,214053eb-5084-4022-8817-4ddbbf933e60,07f552badfa8a565d1be22123713e4da,2026_03_NYJ_DET,2026,3,2026-09-27T17:00:00Z,totals,OVER,2026-09-27T03:01:00.857309Z,2026-09-27T03:00:57.384540Z,2026-09-22T18:51:43.097248Z,3ecdbfbaf3290a1d0f9b9aee517e61634d37a7bdde41367b8b77ffdf6363f311,ccfdc06fa04f36f674e0326b2c3ea90350e415777ec0022dd67b8607fb3ce4ff,2026-09-27T03:00:51Z,48.5,-106,-108,0.49774245981578474,1.0337938760268857,48.43333333333334,,INCOMPARABLE_POINTS,3,-0.8017728512240794,0.0,48.5,0.4939350888735808,0.49774245981578474,0.4936204691224655,0.008281372448805752,0.4980981584287288,MODELED_DEVELOPMENT_MARGIN_SHADOW_ONLY,SHADOW_ELIGIBLE,PASS,EXPERIMENTAL_SHADOW_NO_STAKES;SHADOW_ELIGIBLE,local:challenger+the-odds-api,2026-09-27T03:01:00.857309Z,2026-09-27T03:00:51Z,1.1.0,abb282c7f07bf30cbf9e13746902ccf746d21b486b1839f0c4901a1d5fe6b1a0
658f33c99a0974bbdf32176039b211514b58f6ede58b96770d33030a956f5470,1.1.2,6590a4bbb77802175afa4c406de831d596569cbf2e1f596de7df0910f43e8fd5,e51f21289a5f63ada7c1746ad6385412db3f6a4e7fc3ba4e33e43fbdb6e9bf14,241bade8665d15f1855e8ed5cb5a8f8bc3dbb5e66c87d76b45ab5d76f1caa9f7,dffe8acdbd3e011d12e5e45e08331fd300f3b67f,214053eb-5084-4022-8817-4ddbbf933e60,07f552badfa8a565d1be22123713e4da,2026_03_NYJ_DET,2026,3,2026-09-27T17:00:00Z,totals,OVER,2026-09-27T03:00:57.907341Z,2026-09-27T03:00:57.384540Z,2026-09-22T18:51:43.097248Z,bb86d96ac8c5a37027060695827d4ca64ef6cc1d2ef5b5808941c85556f173d5,5b68fb14cdbfdf7fc87a906eff9c4c18daa33b512b3b9bdbae65b6597335afbc,2026-09-27T03:00:51Z,48.5,-106,-108,0.49774245981578474,1.0337938760268857,48.43333333333334,,INCOMPARABLE_POINTS,3,0.7371648994096434,0.1161508759454473,48.58562234878267,0.4923952144738917,0.4976326480647574,0.4976326480647574,0.0,0.5023673519352426,UNAVAILABLE_FOR_BETTING,DIAGNOSTIC_EARLY_SNAPSHOT,PASS,MODEL_LOCKED_UNTESTED_2026;UNCERTAINTY_UNAVAILABLE_FOR_BETTING;DIAGNOSTIC_EARLY_SNAPSHOT,local:v11-prospective-observer,2026-09-27T03:00:57.907341Z,2026-09-27T03:00:51Z,1.1.0,499bd675a6377b68fb9420d547d0fdb3c4ae1d263bb42c2dea511408c6e05b86
a1fd3ade980f25f31a01346e0c8e804c15cf7a495a3e4c3a932ddbee70fabeb2,1.1.2,6590a4bbb77802175afa4c406de831d596569cbf2e1f596de7df0910f43e8fd5,e51f21289a5f63ada7c1746ad6385412db3f6a4e7fc3ba4e33e43fbdb6e9bf14,241bade8665d15f1855e8ed5cb5a8f8bc3dbb5e66c87d76b45ab5d76f1caa9f7,b143eda428696625817bd7042b4cf3a453477386,e1878b61-7760-4e06-9ca0-bec5e38d131c,07f552badfa8a565d1be22123713e4da,2026_03_NYJ_DET,2026,3,2026-09-27T17:00:00Z,totals,OVER,2026-09-27T12:45:22.508290Z,2026-09-27T12:45:22.019645Z,2026-09-22T18:51:43.097248Z,bb86d96ac8c5a37027060695827d4ca64ef6cc1d2ef5b5808941c85556f173d5,5b68fb14cdbfdf7fc87a906eff9c4c18daa33b512b3b9bdbae65b6597335afbc,2026-09-27T12:45:16Z,48.5,-106,-106,0.5,1.029126213592233,48.5,0.49855274453949205,VALID,3,0.7371648994096434,0.1161508759454473,48.58562234878267,0.4923952144738917,0.4976326480647574,0.4976326480647574,0.0,0.5023673519352426,UNAVAILABLE_FOR_BETTING,DIAGNOSTIC_EARLY_SNAPSHOT,PASS,MODEL_LOCKED_UNTESTED_2026;UNCERTAINTY_UNAVAILABLE_FOR_BETTING;DIAGNOSTIC_EARLY_SNAPSHOT,local:v11-prospective-observer,2026-09-27T12:45:22.508290Z,2026-09-27T12:45:16Z,1.1.0,d60773e203208509a07c02db964d43406231c67b24da0a9d9f281560fc75c22a
abf541dbd1f55ef298352960e0fb8eac490ae1e4224aa36fe6559927de4b8fff,challenger-0.2.0,5c8bf3ec348a261ab2c0ce94bd8cc315f754a8dc991c15c20d0d961d06997984,49fadb583b0dee0ba78c242826cb3e521cee0c4af2da837cfd5df18936598793,159ec87beb47e140832d992a80618f94b5cef5681c9d11c24e999ce1cad03b10,b143eda428696625817bd7042b4cf3a453477386,e1878b61-7760-4e06-9ca0-bec5e38d131c,07f552badfa8a565d1be22123713e4da,2026_03_NYJ_DET,2026,3,2026-09-27T17:00:00Z,totals,OVER,2026-09-27T12:45:25.295673Z,2026-09-27T12:45:22.019645Z,2026-09-22T18:51:43.097248Z,3ecdbfbaf3290a1d0f9b9aee517e61634d37a7bdde41367b8b77ffdf6363f311,ccfdc06fa04f36f674e0326b2c3ea90350e415777ec0022dd67b8607fb3ce4ff,2026-09-27T12:45:16Z,48.5,-106,-106,0.5,1.029126213592233,48.5,0.49855274453949205,VALID,3,-0.8017728512240794,0.0,48.5,0.4939350888735808,0.5,0.4958593137755971,0.008281372448805752,0.4958593137755971,MODELED_DEVELOPMENT_MARGIN_SHADOW_ONLY,SHADOW_ELIGIBLE,PASS,EXPERIMENTAL_SHADOW_NO_STAKES;SHADOW_ELIGIBLE,local:challenger+the-odds-api,2026-09-27T12:45:25.295673Z,2026-09-27T12:45:16Z,1.1.0,7bc3efbb84ed1a4574fda5c9c6d47e974487c2bb9d89f727b0f70a5978e870ef
03b468b4368ca181a3d39eb39b72cb6a835f5c87a7ac7bef499529a40b550686,challenger-0.2.0,5c8bf3ec348a261ab2c0ce94bd8cc315f754a8dc991c15c20d0d961d06997984,49fadb583b0dee0ba78c242826cb3e521cee0c4af2da837cfd5df18936598793,159ec87beb47e140832d992a80618f94b5cef5681c9d11c24e999ce1cad03b10,c8df716c912e3f6e3b11d508f2988b51a9d4b5a7,d4b87e91-991a-4aa9-bfef-bc8de675e276,2a529c108305ffa049d8b6cfdbaa4d36,2026_03_SEA_WAS,2026,3,2026-09-27T17:00:00Z,spreads,HOME,2026-09-23T13:00:24.484171Z,2026-09-23T13:00:21.551276Z,2026-09-22T18:51:43.097248Z,3ecdbfbaf3290a1d0f9b9aee517e61634d37a7bdde41367b8b77ffdf6363f311,9328d20bdffadeff666be31d53c9e3f8bfad439375ddf78dda8776698d1ac213,2026-09-23T13:00:20Z,-7.0,-106,-106,0.5,1.029126213592233,-6.933333333333334,,INCOMPARABLE_POINTS,3,9.072751970630355,0.0,-7.0,0.6656102341598293,0.5,0.4790604616416847,0.04187907671663059,0.4790604616416847,MODELED_DEVELOPMENT_MARGIN_SHADOW_ONLY,SHADOW_ELIGIBLE,PASS,EXPERIMENTAL_SHADOW_NO_STAKES;SHADOW_ELIGIBLE,local:challenger+the-odds-api,2026-09-23T13:00:24.484171Z,2026-09-23T13:00:20Z,1.1.0,f9463c613b64bd67384706adf415c03bae865ce9febedf194df99b7abb44006e
e934c2b91669efa43c3949c5db629f198abb598da153e3ef0a451ad3dbc93f58,1.1.2,6590a4bbb77802175afa4c406de831d596569cbf2e1f596de7df0910f43e8fd5,e51f21289a5f63ada7c1746ad6385412db3f6a4e7fc3ba4e33e43fbdb6e9bf14,241bade8665d15f1855e8ed5cb5a8f8bc3dbb5e66c87d76b45ab5d76f1caa9f7,c8df716c912e3f6e3b11d508f2988b51a9d4b5a7,d4b87e91-991a-4aa9-bfef-bc8de675e276,2a529c108305ffa049d8b6cfdbaa4d36,2026_03_SEA_WAS,2026,3,2026-09-27T17:00:00Z,spreads,HOME,2026-09-23T13:00:21.951453Z,2026-09-23T13:00:21.551276Z,2026-09-22T18:51:43.097248Z,bb86d96ac8c5a37027060695827d4ca64ef6cc1d2ef5b5808941c85556f173d5,b49164a5abcb29aad580f492efd856b141a4e23f7372d6f5626dbd771c168b49,2026-09-23T13:00:20Z,-7.0,-106,-106,0.5,1.029126213592233,-6.933333333333334,,INCOMPARABLE_POINTS,3,0.23323711872322686,0.0,-7.0,0.6632152782237675,0.5159295287254135,0.49768180512142074,0.03536863580782665,0.4669495590707526,UNAVAILABLE_FOR_BETTING,DIAGNOSTIC_EARLY_SNAPSHOT,PASS,MODEL_LOCKED_UNTESTED_2026;UNCERTAINTY_UNAVAILABLE_FOR_BETTING;DIAGNOSTIC_EARLY_SNAPSHOT,local:v11-prospective-observer,2026-09-23T13:00:21.951453Z,2026-09-23T13:00:20Z,1.1.0,0484235e765e40ff767a2706c4ba53544786ef0c91012392c5110b8ab17d969e
4d35a2aef7119add1662e81651f59638f37f741e48ee441ee9f923114a7563e4,challenger-0.2.0,5c8bf3ec348a261ab2c0ce94bd8cc315f754a8dc991c15c20d0d961d06997984,49fadb583b0dee0ba78c242826cb3e521cee0c4af2da837cfd5df18936598793,159ec87beb47e140832d992a80618f94b5cef5681c9d11c24e999ce1cad03b10,dffe8acdbd3e011d12e5e45e08331fd300f3b67f,d842d1fe-0de3-48ea-8341-bb9cfc6a6383,2a529c108305ffa049d8b6cfdbaa4d36,2026_03_SEA_WAS,2026,3,2026-09-27T17:00:00Z,spreads,HOME,2026-09-24T16:00:25.607332Z,2026-09-24T16:00:22.454081Z,2026-09-22T18:51:43.097248Z,3ecdbfbaf3290a1d0f9b9aee517e61634d37a7bdde41367b8b77ffdf6363f311,9328d20bdffadeff666be31d53c9e3f8bfad439375ddf78dda8776698d1ac213,2026-09-24T16:00:17Z,-7.5,-118,105,0.5259839095455533,1.0290892817185053,-7.300000000000001,,INCOMPARABLE_POINTS,3,9.572751970630355,0.0,-7.5,0.6787882045156268,0.5259839095455533,0.5246313940453938,0.002571400903362362,0.47279720505124384,MODELED_DEVELOPMENT_MARGIN_SHADOW_ONLY,SHADOW_ELIGIBLE,PASS,EXPERIMENTAL_SHADOW_NO_STAKES;SHADOW_ELIGIBLE,local:challenger+the-odds-api,2026-09-24T16:00:25.607332Z,2026-09-24T16:00:17Z,1.1.0,c556719f7e986d5d78d14ecff3b482e7bbbc1383ae49419a4d3ca00617d7e7c6
508257164c75fa48f0844dbb71988ad5a2439ca151a2f0fe1316144aee65e2e2,1.1.2,6590a4bbb77802175afa4c406de831d596569cbf2e1f596de7df0910f43e8fd5,e51f21289a5f63ada7c1746ad6385412db3f6a4e7fc3ba4e33e43fbdb6e9bf14,241bade8665d15f1855e8ed5cb5a8f8bc3dbb5e66c87d76b45ab5d76f1caa9f7,dffe8acdbd3e011d12e5e45e08331fd300f3b67f,d842d1fe-0de3-48ea-8341-bb9cfc6a6383,2a529c108305ffa049d8b6cfdbaa4d36,2026_03_SEA_WAS,2026,3,2026-09-27T17:00:00Z,spreads,HOME,2026-09-24T16:00:22.882475Z,2026-09-24T16:00:22.454081Z,2026-09-22T18:51:43.097248Z,bb86d96ac8c5a37027060695827d4ca64ef6cc1d2ef5b5808941c85556f173d5,b49164a5abcb29aad580f492efd856b141a4e23f7372d6f5626dbd771c168b49,2026-09-24T16:00:17Z,-7.5,-118,105,0.5259839095455533,1.0290892817185053,-7.300000000000001,,INCOMPARABLE_POINTS,3,0.23323711872322686,0.0,-7.5,0.674462349227855,0.5178349149926232,0.5167778185592083,0.002041377286098966,0.4811808041546927,UNAVAILABLE_FOR_BETTING,DIAGNOSTIC_EARLY_SNAPSHOT,PASS,MODEL_LOCKED_UNTESTED_2026;UNCERTAINTY_UNAVAILABLE_FOR_BETTING;DIAGNOSTIC_EARLY_SNAPSHOT,local:v11-prospective-observer,2026-09-24T16:00:22.882475Z,2026-09-24T16:00:17Z,1.1.0,8c86ad96a9a1d6d88a215b180cbc59c84cb70ce509571445a0ecd179a83b0e38
6b1d80cd3b13fa291444216b7e9d02f0425f38caaa18a5447b36c5dd7a1973bd,1.1.2,6590a4bbb77802175afa4c406de831d596569cbf2e1f596de7df0910f43e8fd5,e51f21289a5f63ada7c1746ad6385412db3f6a4e7fc3ba4e33e43fbdb6e9bf14,241bade8665d15f1855e8ed5cb5a8f8bc3dbb5e66c87d76b45ab5d76f1caa9f7,dffe8acdbd3e011d12e5e45e08331fd300f3b67f,b7f8819c-86a9-428f-bb46-debf3999015c,2a529c108305ffa049d8b6cfdbaa4d36,2026_03_SEA_WAS,2026,3,2026-09-27T17:00:00Z,spreads,HOME,2026-09-25T21:00:29.089372Z,2026-09-25T21:00:28.639096Z,2026-09-22T18:51:43.097248Z,bb86d96ac8c5a37027060695827d4ca64ef6cc1d2ef5b5808941c85556f173d5,b49164a5abcb29aad580f492efd856b141a4e23f7372d6f5626dbd771c168b49,2026-09-25T20:59:58Z,-7.5,-104,-108,0.49541956760718214,1.0290346907993966,-7.5,0.4969590861891263,VALID,3,0.23323711872322686,0.0,-7.5,0.674462349227855,0.5178349149926232,0.5167778185592083,0.002041377286098966,0.4811808041546927,UNAVAILABLE_FOR_BETTING,DIAGNOSTIC_EARLY_SNAPSHOT,PASS,MODEL_LOCKED_UNTESTED_2026;UNCERTAINTY_UNAVAILABLE_FOR_BETTING;DIAGNOSTIC_EARLY_SNAPSHOT,local:v11-prospective-observer,2026-09-25T21:00:29.089372Z,2026-09-25T20:59:58Z,1.1.0,0d632a20d44f3c00746e45f8bb0869d484f21a628ef99bf2d14c3a98919158c8
b42769163c22af325ebe488911b1e406347959c72e1aad9aa76f8ecb84724dee,challenger-0.2.0,5c8bf3ec348a261ab2c0ce94bd8cc315f754a8dc991c15c20d0d961d06997984,49fadb583b0dee0ba78c242826cb3e521cee0c4af2da837cfd5df18936598793,159ec87beb47e140832d992a80618f94b5cef5681c9d11c24e999ce1cad03b10,dffe8acdbd3e011d12e5e45e08331fd300f3b67f,b7f8819c-86a9-428f-bb46-debf3999015c,2a529c108305ffa049d8b6cfdbaa4d36,2026_03_SEA_WAS,2026,3,2026-09-27T17:00:00Z,spreads,HOME,2026-09-25T21:00:31.801654Z,2026-09-25T21:00:28.639096Z,2026-09-22T18:51:43.097248Z,3ecdbfbaf3290a1d0f9b9aee517e61634d37a7bdde41367b8b77ffdf6363f311,9328d20bdffadeff666be31d53c9e3f8bfad439375ddf78dda8776698d1ac213,2026-09-25T20:59:58Z,-7.5,-104,-108,0.49541956760718214,1.0290346907993966,-7.5,0.4969590861891263,VALID,3,9.572751970630355,0.0,-7.5,0.6787882045156268,0.49541956760718214,0.49414564528349364,0.002571400903362362,0.5032829538131439,MODELED_DEVELOPMENT_MARGIN_SHADOW_ONLY,SHADOW_ELIGIBLE,PASS,EXPERIMENTAL_SHADOW_NO_STAKES;SHADOW_ELIGIBLE,local:challenger+the-odds-api,2026-09-25T21:00:31.801654Z,2026-09-25T20:59:58Z,1.1.0,cac680246f69df965acd84f60054d552caa24802c787547eb0fdf0c8f6a9cad9
add8aa8bfeec16a019b5a65acdffdfffb5bc573676d47b8c740620a45c6ce985,1.1.2,6590a4bbb77802175afa4c406de831d596569cbf2e1f596de7df0910f43e8fd5,e51f21289a5f63ada7c1746ad6385412db3f6a4e7fc3ba4e33e43fbdb6e9bf14,241bade8665d15f1855e8ed5cb5a8f8bc3dbb5e66c87d76b45ab5d76f1caa9f7,dffe8acdbd3e011d12e5e45e08331fd300f3b67f,8b8b5771-d3ca-480c-9980-dac450e82c42,2a529c108305ffa049d8b6cfdbaa4d36,2026_03_SEA_WAS,2026,3,2026-09-27T17:00:00Z,spreads,HOME,2026-09-26T13:00:27.689180Z,2026-09-26T13:00:27.208512Z,2026-09-22T18:51:43.097248Z,bb86d96ac8c5a37027060695827d4ca64ef6cc1d2ef5b5808941c85556f173d5,b49164a5abcb29aad580f492efd856b141a4e23f7372d6f5626dbd771c168b49,2026-09-26T13:00:05Z,-7.5,-102,-110,0.4908340971585702,1.0287600188590287,-7.5,0.4922802786925021,VALID,3,0.23323711872322686,0.0,-7.5,0.674462349227855,0.5178349149926232,0.5167778185592083,0.002041377286098966,0.4811808041546927,UNAVAILABLE_FOR_BETTING,DIAGNOSTIC_EARLY_SNAPSHOT,PASS,MODEL_LOCKED_UNTESTED_2026;UNCERTAINTY_UNAVAILABLE_FOR_BETTING;DIAGNOSTIC_EARLY_SNAPSHOT,local:v11-prospective-observer,2026-09-26T13:00:27.689180Z,2026-09-26T13:00:05Z,1.1.0,7af5597fd416e5e319edca5df9f5d012c730823998c97983b7ffe2e0b41b5b19
e5c2a4c10e234604b3047f40e7db104424a4cdb70a75726f01dac86cb4fdcaa8,challenger-0.2.0,5c8bf3ec348a261ab2c0ce94bd8cc315f754a8dc991c15c20d0d961d06997984,49fadb583b0dee0ba78c242826cb3e521cee0c4af2da837cfd5df18936598793,159ec87beb47e140832d992a80618f94b5cef5681c9d11c24e999ce1cad03b10,dffe8acdbd3e011d12e5e45e08331fd300f3b67f,8b8b5771-d3ca-480c-9980-dac450e82c42,2a529c108305ffa049d8b6cfdbaa4d36,2026_03_SEA_WAS,2026,3,2026-09-27T17:00:00Z,spreads,HOME,2026-09-26T13:00:30.675609Z,2026-09-26T13:00:27.208512Z,2026-09-22T18:51:43.097248Z,3ecdbfbaf3290a1d0f9b9aee517e61634d37a7bdde41367b8b77ffdf6363f311,9328d20bdffadeff666be31d53c9e3f8bfad439375ddf78dda8776698d1ac213,2026-09-26T13:00:05Z,-7.5,-102,-110,0.4908340971585702,1.0287600188590287,-7.5,0.4922802786925021,VALID,3,9.572751970630355,0.0,-7.5,0.6787882045156268,0.4908340971585702,0.48957196591773555,0.002571400903362362,0.5078566331789021,MODELED_DEVELOPMENT_MARGIN_SHADOW_ONLY,SHADOW_ELIGIBLE,PASS,EXPERIMENTAL_SHADOW_NO_STAKES;SHADOW_ELIGIBLE,local:challenger+the-odds-api,2026-09-26T13:00:30.675609Z,2026-09-26T13:00:05Z,1.1.0,3ff8410a0ffb9b2c037dd124c12855a4c4c88631ad62fb527c14312ed7f0c357
07f3b0cfac882bde358c085449eef22fb5b63b68e08ab8ebab5cf1730ec5d988,1.1.2,6590a4bbb77802175afa4c406de831d596569cbf2e1f596de7df0910f43e8fd5,e51f21289a5f63ada7c1746ad6385412db3f6a4e7fc3ba4e33e43fbdb6e9bf14,241bade8665d15f1855e8ed5cb5a8f8bc3dbb5e66c87d76b45ab5d76f1caa9f7,dffe8acdbd3e011d12e5e45e08331fd300f3b67f,d2d710b1-c436-4180-8c43-56a6e84b5e0f,2a529c108305ffa049d8b6cfdbaa4d36,2026_03_SEA_WAS,2026,3,2026-09-27T17:00:00Z,spreads,HOME,2026-09-26T21:00:26.360329Z,2026-09-26T21:00:25.892304Z,2026-09-22T18:51:43.097248Z,bb86d96ac8c5a37027060695827d4ca64ef6cc1d2ef5b5808941c85556f173d5,b49164a5abcb29aad580f492efd856b141a4e23f7372d6f5626dbd771c168b49,2026-09-26T20:59:57Z,-7.5,-102,-110,0.4908340971585702,1.0287600188590287,-7.5,0.49259781461375324,VALID,3,0.23323711872322686,0.0,-7.5,0.674462349227855,0.5178349149926232,0.5167778185592083,0.002041377286098966,0.4811808041546927,UNAVAILABLE_FOR_BETTING,DIAGNOSTIC_EARLY_SNAPSHOT,PASS,MODEL_LOCKED_UNTESTED_2026;UNCERTAINTY_UNAVAILABLE_FOR_BETTING;DIAGNOSTIC_EARLY_SNAPSHOT,local:v11-prospective-observer,2026-09-26T21:00:26.360329Z,2026-09-26T20:59:57Z,1.1.0,67f073d2a3da7f25b8226aadf70fa07abbff133616071c8dadace4f97f708f5e
e31a93f5492c385d616058c30d4ac518cfb111516593ce49158538762eee0e45,challenger-0.2.0,5c8bf3ec348a261ab2c0ce94bd8cc315f754a8dc991c15c20d0d961d06997984,49fadb583b0dee0ba78c242826cb3e521cee0c4af2da837cfd5df18936598793,159ec87beb47e140832d992a80618f94b5cef5681c9d11c24e999ce1cad03b10,dffe8acdbd3e011d12e5e45e08331fd300f3b67f,d2d710b1-c436-4180-8c43-56a6e84b5e0f,2a529c108305ffa049d8b6cfdbaa4d36,2026_03_SEA_WAS,2026,3,2026-09-27T17:00:00Z,spreads,HOME,2026-09-26T21:00:29.199963Z,2026-09-26T21:00:25.892304Z,2026-09-22T18:51:43.097248Z,3ecdbfbaf3290a1d0f9b9aee517e61634d37a7bdde41367b8b77ffdf6363f311,9328d20bdffadeff666be31d53c9e3f8bfad439375ddf78dda8776698d1ac213,2026-09-26T20:59:57Z,-7.5,-102,-110,0.4908340971585702,1.0287600188590287,-7.5,0.49259781461375324,VALID,3,9.572751970630355,0.0,-7.5,0.6787882045156268,0.4908340971585702,0.48957196591773555,0.002571400903362362,0.5078566331789021,MODELED_DEVELOPMENT_MARGIN_SHADOW_ONLY,SHADOW_ELIGIBLE,PASS,EXPERIMENTAL_SHADOW_NO_STAKES;SHADOW_ELIGIBLE,local:challenger+the-odds-api,2026-09-26T21:00:29.199963Z,2026-09-26T20:59:57Z,1.1.0,272f752769cc9b4897d7b87c634d923f2e0a16dfab10f2f57446ba31f236bf62
6dddb2e5bf4231f5036a271751b71f3daeac42ffe617463dbec82dddd92a2da2,1.1.2,6590a4bbb77802175afa4c406de831d596569cbf2e1f596de7df0910f43e8fd5,e51f21289a5f63ada7c1746ad6385412db3f6a4e7fc3ba4e33e43fbdb6e9bf14,241bade8665d15f1855e8ed5cb5a8f8bc3dbb5e66c87d76b45ab5d76f1caa9f7,dffe8acdbd3e011d12e5e45e08331fd300f3b67f,214053eb-5084-4022-8817-4ddbbf933e60,2a529c108305ffa049d8b6cfdbaa4d36,2026_03_SEA_WAS,2026,3,2026-09-27T17:00:00Z,spreads,HOME,2026-09-27T03:00:57.907341Z,2026-09-27T03:00:57.384540Z,2026-09-22T18:51:43.097248Z,bb86d96ac8c5a37027060695827d4ca64ef6cc1d2ef5b5808941c85556f173d5,b49164a5abcb29aad580f492efd856b141a4e23f7372d6f5626dbd771c168b49,2026-09-27T03:00:51Z,-9.5,-123,109,0.5354844085237569,1.0300384062479886,-8.766666666666667,,INCOMPARABLE_POINTS,3,0.23323711872322686,0.0,-9.5,0.674462349227855,0.5178349149926232,0.5167778185592083,0.002041377286098966,0.4811808041546927,UNAVAILABLE_FOR_BETTING,DIAGNOSTIC_EARLY_SNAPSHOT,PASS,MODEL_LOCKED_UNTESTED_2026;UNCERTAINTY_UNAVAILABLE_FOR_BETTING;DIAGNOSTIC_EARLY_SNAPSHOT,local:v11-prospective-observer,2026-09-27T03:00:57.907341Z,2026-09-27T03:00:51Z,1.1.0,546be362917e679d277013df2eea3012e673256331d43d8238b79459bc27dc37
ae59f0ca5ef7eb7e82c4d7511b1a69acfe448f73fe2bad58fd3ce8504f937250,challenger-0.2.0,5c8bf3ec348a261ab2c0ce94bd8cc315f754a8dc991c15c20d0d961d06997984,49fadb583b0dee0ba78c242826cb3e521cee0c4af2da837cfd5df18936598793,159ec87beb47e140832d992a80618f94b5cef5681c9d11c24e999ce1cad03b10,dffe8acdbd3e011d12e5e45e08331fd300f3b67f,214053eb-5084-4022-8817-4ddbbf933e60,2a529c108305ffa049d8b6cfdbaa4d36,2026_03_SEA_WAS,2026,3,2026-09-27T17:00:00Z,spreads,HOME,2026-09-27T03:01:00.857309Z,2026-09-27T03:00:57.384540Z,2026-09-22T18:51:43.097248Z,3ecdbfbaf3290a1d0f9b9aee517e61634d37a7bdde41367b8b77ffdf6363f311,9328d20bdffadeff666be31d53c9e3f8bfad439375ddf78dda8776698d1ac213,2026-09-27T03:00:51Z,-9.5,-123,109,0.5354844085237569,1.0300384062479886,-8.766666666666667,,INCOMPARABLE_POINTS,3,11.572751970630355,0.0,-9.5,0.6787882045156268,0.5354844085237569,0.5341074634319425,0.002571400903362362,0.4633211356646952,MODELED_DEVELOPMENT_MARGIN_SHADOW_ONLY,SHADOW_ELIGIBLE,PASS,EXPERIMENTAL_SHADOW_NO_STAKES;SHADOW_ELIGIBLE,local:challenger+the-odds-api,2026-09-27T03:01:00.857309Z,2026-09-27T03:00:51Z,1.1.0,9e111f7fe969231f056fb70efecd3fa5be23077020d76f867952d175eba46bc3
2feda30f7c2656e743e83ba968c3307336104ac2f260850e3e5ddaca4410aba3,challenger-0.2.0,5c8bf3ec348a261ab2c0ce94bd8cc315f754a8dc991c15c20d0d961d06997984,49fadb583b0dee0ba78c242826cb3e521cee0c4af2da837cfd5df18936598793,159ec87beb47e140832d992a80618f94b5cef5681c9d11c24e999ce1cad03b10,b143eda428696625817bd7042b4cf3a453477386,e1878b61-7760-4e06-9ca0-bec5e38d131c,2a529c108305ffa049d8b6cfdbaa4d36,2026_03_SEA_WAS,2026,3,2026-09-27T17:00:00Z,spreads,HOME,2026-09-27T12:45:25.295673Z,2026-09-27T12:45:22.019645Z,2026-09-22T18:51:43.097248Z,3ecdbfbaf3290a1d0f9b9aee517e61634d37a7bdde41367b8b77ffdf6363f311,9328d20bdffadeff666be31d53c9e3f8bfad439375ddf78dda8776698d1ac213,2026-09-27T12:45:16Z,-9.5,-117,106,0.5262215623771888,1.024607400116326,-9.100000000000001,,INCOMPARABLE_POINTS,3,11.572751970630355,0.0,-9.5,0.6787882045156268,0.5262215623771888,0.5248684357763232,0.002571400903362362,0.4725601633203143,MODELED_DEVELOPMENT_MARGIN_SHADOW_ONLY,SHADOW_ELIGIBLE,PASS,EXPERIMENTAL_SHADOW_NO_STAKES;SHADOW_ELIGIBLE,local:challenger+the-odds-api,2026-09-27T12:45:25.295673Z,2026-09-27T12:45:16Z,1.1.0,cf2e327b212aa46cddc1ed688f9babe9b40b1ee21b51171b5923fdf80942c50b
b9809979da4221fdb1f0e5ea0b177e488ec20edf2a352b601f818be2eae1cd5f,1.1.2,6590a4bbb77802175afa4c406de831d596569cbf2e1f596de7df0910f43e8fd5,e51f21289a5f63ada7c1746ad6385412db3f6a4e7fc3ba4e33e43fbdb6e9bf14,241bade8665d15f1855e8ed5cb5a8f8bc3dbb5e66c87d76b45ab5d76f1caa9f7,b143eda428696625817bd7042b4cf3a453477386,e1878b61-7760-4e06-9ca0-bec5e38d131c,2a529c108305ffa049d8b6cfdbaa4d36,2026_03_SEA_WAS,2026,3,2026-09-27T17:00:00Z,spreads,HOME,2026-09-27T12:45:22.508290Z,2026-09-27T12:45:22.019645Z,2026-09-22T18:51:43.097248Z,bb86d96ac8c5a37027060695827d4ca64ef6cc1d2ef5b5808941c85556f173d5,b49164a5abcb29aad580f492efd856b141a4e23f7372d6f5626dbd771c168b49,2026-09-27T12:45:16Z,-9.5,-117,106,0.5262215623771888,1.024607400116326,-9.100000000000001,,INCOMPARABLE_POINTS,3,0.23323711872322686,0.0,-9.5,0.674462349227855,0.5178349149926232,0.5167778185592083,0.002041377286098966,0.4811808041546927,UNAVAILABLE_FOR_BETTING,DIAGNOSTIC_EARLY_SNAPSHOT,PASS,MODEL_LOCKED_UNTESTED_2026;UNCERTAINTY_UNAVAILABLE_FOR_BETTING;DIAGNOSTIC_EARLY_SNAPSHOT,local:v11-prospective-observer,2026-09-27T12:45:22.508290Z,2026-09-27T12:45:16Z,1.1.0,975a40de628b7e801d4b5141eeb05bad9df5b8071e10fb0d5f4ab8502cf19d69
8a29e66cd715ca85762f402e681a984e79ede251ecb9e9abd6ff67ae649583c6,challenger-0.2.0,5c8bf3ec348a261ab2c0ce94bd8cc315f754a8dc991c15c20d0d961d06997984,49fadb583b0dee0ba78c242826cb3e521cee0c4af2da837cfd5df18936598793,159ec87beb47e140832d992a80618f94b5cef5681c9d11c24e999ce1cad03b10,c8df716c912e3f6e3b11d508f2988b51a9d4b5a7,d4b87e91-991a-4aa9-bfef-bc8de675e276,2a529c108305ffa049d8b6cfdbaa4d36,2026_03_SEA_WAS,2026,3,2026-09-27T17:00:00Z,totals,OVER,2026-09-23T13:00:24.484171Z,2026-09-23T13:00:21.551276Z,2026-09-22T18:51:43.097248Z,3ecdbfbaf3290a1d0f9b9aee517e61634d37a7bdde41367b8b77ffdf6363f311,9328d20bdffadeff666be31d53c9e3f8bfad439375ddf78dda8776698d1ac213,2026-09-23T13:00:20Z,40.5,-101,-113,0.48643331976665316,1.0330039941139373,40.5,0.4886748201799771,VALID,3,1.2979942734141545,0.0,40.5,0.4942364359118773,0.48643331976665316,0.48345471686333474,0.006123352949479904,0.5104219301871854,MODELED_DEVELOPMENT_MARGIN_SHADOW_ONLY,SHADOW_ELIGIBLE,PASS,EXPERIMENTAL_SHADOW_NO_STAKES;SHADOW_ELIGIBLE,local:challenger+the-odds-api,2026-09-23T13:00:24.484171Z,2026-09-23T13:00:20Z,1.1.0,62f793f7b3d310a52c8017da8ab28ec9b77df47dbe7deabbe7741e42f1661018
b5339878366649b8185ddde4d289af1f62362bd671797f045967183b9721ddae,1.1.2,6590a4bbb77802175afa4c406de831d596569cbf2e1f596de7df0910f43e8fd5,e51f21289a5f63ada7c1746ad6385412db3f6a4e7fc3ba4e33e43fbdb6e9bf14,241bade8665d15f1855e8ed5cb5a8f8bc3dbb5e66c87d76b45ab5d76f1caa9f7,c8df716c912e3f6e3b11d508f2988b51a9d4b5a7,d4b87e91-991a-4aa9-bfef-bc8de675e276,2a529c108305ffa049d8b6cfdbaa4d36,2026_03_SEA_WAS,2026,3,2026-09-27T17:00:00Z,totals,OVER,2026-09-23T13:00:21.951453Z,2026-09-23T13:00:21.551276Z,2026-09-22T18:51:43.097248Z,bb86d96ac8c5a37027060695827d4ca64ef6cc1d2ef5b5808941c85556f173d5,b49164a5abcb29aad580f492efd856b141a4e23f7372d6f5626dbd771c168b49,2026-09-23T13:00:20Z,40.5,-101,-113,0.48643331976665316,1.0330039941139373,40.5,0.4886748201799771,VALID,3,-0.3571090209750026,0.1161508759454473,40.458521474405735,0.4880189072416212,0.4890022737474261,0.4890022737474261,0.0,0.5109977262525739,UNAVAILABLE_FOR_BETTING,DIAGNOSTIC_EARLY_SNAPSHOT,PASS,MODEL_LOCKED_UNTESTED_2026;UNCERTAINTY_UNAVAILABLE_FOR_BETTING;DIAGNOSTIC_EARLY_SNAPSHOT,local:v11-prospective-observer,2026-09-23T13:00:21.951453Z,2026-09-23T13:00:20Z,1.1.0,30d97121558eabcaa8956564402b03880b4d9b32ccc831cca5b0dfb9feb46617
491c2397259ef28fd598eaac054039ec2cd5bc084a66ab55d54112494533be10,challenger-0.2.0,5c8bf3ec348a261ab2c0ce94bd8cc315f754a8dc991c15c20d0d961d06997984,49fadb583b0dee0ba78c242826cb3e521cee0c4af2da837cfd5df18936598793,159ec87beb47e140832d992a80618f94b5cef5681c9d11c24e999ce1cad03b10,dffe8acdbd3e011d12e5e45e08331fd300f3b67f,d842d1fe-0de3-48ea-8341-bb9cfc6a6383,2a529c108305ffa049d8b6cfdbaa4d36,2026_03_SEA_WAS,2026,3,2026-09-27T17:00:00Z,totals,OVER,2026-09-24T16:00:25.607332Z,2026-09-24T16:00:22.454081Z,2026-09-22T18:51:43.097248Z,3ecdbfbaf3290a1d0f9b9aee517e61634d37a7bdde41367b8b77ffdf6363f311,9328d20bdffadeff666be31d53c9e3f8bfad439375ddf78dda8776698d1ac213,2026-09-24T16:00:17Z,40.5,-101,-113,0.48643331976665316,1.0330039941139373,40.5,0.4886748201799771,VALID,3,1.2979942734141545,0.0,40.5,0.4942364359118773,0.48643331976665316,0.48345471686333474,0.006123352949479904,0.5104219301871854,MODELED_DEVELOPMENT_MARGIN_SHADOW_ONLY,SHADOW_ELIGIBLE,PASS,EXPERIMENTAL_SHADOW_NO_STAKES;SHADOW_ELIGIBLE,local:challenger+the-odds-api,2026-09-24T16:00:25.607332Z,2026-09-24T16:00:17Z,1.1.0,c137d705759113a0af453c86c5c64b2ee117a25b5b286b1c353afac17ea69328
be7a83f43384a49b845b8b7ea28cd64d02a50e3972ac4af657651b50868ce761,1.1.2,6590a4bbb77802175afa4c406de831d596569cbf2e1f596de7df0910f43e8fd5,e51f21289a5f63ada7c1746ad6385412db3f6a4e7fc3ba4e33e43fbdb6e9bf14,241bade8665d15f1855e8ed5cb5a8f8bc3dbb5e66c87d76b45ab5d76f1caa9f7,dffe8acdbd3e011d12e5e45e08331fd300f3b67f,d842d1fe-0de3-48ea-8341-bb9cfc6a6383,2a529c108305ffa049d8b6cfdbaa4d36,2026_03_SEA_WAS,2026,3,2026-09-27T17:00:00Z,totals,OVER,2026-09-24T16:00:22.882475Z,2026-09-24T16:00:22.454081Z,2026-09-22T18:51:43.097248Z,bb86d96ac8c5a37027060695827d4ca64ef6cc1d2ef5b5808941c85556f173d5,b49164a5abcb29aad580f492efd856b141a4e23f7372d6f5626dbd771c168b49,2026-09-24T16:00:17Z,40.5,-101,-113,0.48643331976665316,1.0330039941139373,40.5,0.4886748201799771,VALID,3,-0.3571090209750026,0.1161508759454473,40.458521474405735,0.4880189072416212,0.4890022737474261,0.4890022737474261,0.0,0.5109977262525739,UNAVAILABLE_FOR_BETTING,DIAGNOSTIC_EARLY_SNAPSHOT,PASS,MODEL_LOCKED_UNTESTED_2026;UNCERTAINTY_UNAVAILABLE_FOR_BETTING;DIAGNOSTIC_EARLY_SNAPSHOT,local:v11-prospective-observer,2026-09-24T16:00:22.882475Z,2026-09-24T16:00:17Z,1.1.0,61339a2dc7bdd809c60b224b9148792548264d09e9c6848b37f440bb3ae2b884
864320a2d56ba84eb1d9b378ce07dd9441546d9307a3232e825a4cab74f54258,1.1.2,6590a4bbb77802175afa4c406de831d596569cbf2e1f596de7df0910f43e8fd5,e51f21289a5f63ada7c1746ad6385412db3f6a4e7fc3ba4e33e43fbdb6e9bf14,241bade8665d15f1855e8ed5cb5a8f8bc3dbb5e66c87d76b45ab5d76f1caa9f7,dffe8acdbd3e011d12e5e45e08331fd300f3b67f,b7f8819c-86a9-428f-bb46-debf3999015c,2a529c108305ffa049d8b6cfdbaa4d36,2026_03_SEA_WAS,2026,3,2026-09-27T17:00:00Z,totals,OVER,2026-09-25T21:00:29.089372Z,2026-09-25T21:00:28.639096Z,2026-09-22T18:51:43.097248Z,bb86d96ac8c5a37027060695827d4ca64ef6cc1d2ef5b5808941c85556f173d5,b49164a5abcb29aad580f492efd856b141a4e23f7372d6f5626dbd771c168b49,2026-09-25T20:59:58Z,40.5,101,-116,0.4808976756612343,1.0345494748479824,40.43333333333334,,INCOMPARABLE_POINTS,3,-0.3571090209750026,0.1161508759454473,40.458521474405735,0.4880189072416212,0.4890022737474261,0.4890022737474261,0.0,0.5109977262525739,UNAVAILABLE_FOR_BETTING,DIAGNOSTIC_EARLY_SNAPSHOT,PASS,MODEL_LOCKED_UNTESTED_2026;UNCERTAINTY_UNAVAILABLE_FOR_BETTING;DIAGNOSTIC_EARLY_SNAPSHOT,local:v11-prospective-observer,2026-09-25T21:00:29.089372Z,2026-09-25T20:59:58Z,1.1.0,6f1e1df99f561317793efea41a90c16b44a053802f32d59902803f668f26781f
8b3d1f7c4f40ca851ad0f79ee846426fd88b8ca7f2c158c87db8ceecbd627c18,challenger-0.2.0,5c8bf3ec348a261ab2c0ce94bd8cc315f754a8dc991c15c20d0d961d06997984,49fadb583b0dee0ba78c242826cb3e521cee0c4af2da837cfd5df18936598793,159ec87beb47e140832d992a80618f94b5cef5681c9d11c24e999ce1cad03b10,dffe8acdbd3e011d12e5e45e08331fd300f3b67f,b7f8819c-86a9-428f-bb46-debf3999015c,2a529c108305ffa049d8b6cfdbaa4d36,2026_03_SEA_WAS,2026,3,2026-09-27T17:00:00Z,totals,OVER,2026-09-25T21:00:31.801654Z,2026-09-25T21:00:28.639096Z,2026-09-22T18:51:43.097248Z,3ecdbfbaf3290a1d0f9b9aee517e61634d37a7bdde41367b8b77ffdf6363f311,9328d20bdffadeff666be31d53c9e3f8bfad439375ddf78dda8776698d1ac213,2026-09-25T20:59:58Z,40.5,101,-116,0.4808976756612343,1.0345494748479824,40.43333333333334,,INCOMPARABLE_POINTS,3,1.2979942734141545,0.0,40.5,0.4942364359118773,0.4808976756612343,0.4779529694605761,0.006123352949479904,0.5159236775899441,MODELED_DEVELOPMENT_MARGIN_SHADOW_ONLY,SHADOW_ELIGIBLE,PASS,EXPERIMENTAL_SHADOW_NO_STAKES;SHADOW_ELIGIBLE,local:challenger+the-odds-api,2026-09-25T21:00:31.801654Z,2026-09-25T20:59:58Z,1.1.0,77956e760bfbcdcb486c877a339f5e71ccfb8b8ba814660cadffd65bfc571ff3
40744ce84d34a3b1634379684ecafc7acee78458898712e3c875fd1d723bad4b,1.1.2,6590a4bbb77802175afa4c406de831d596569cbf2e1f596de7df0910f43e8fd5,e51f21289a5f63ada7c1746ad6385412db3f6a4e7fc3ba4e33e43fbdb6e9bf14,241bade8665d15f1855e8ed5cb5a8f8bc3dbb5e66c87d76b45ab5d76f1caa9f7,dffe8acdbd3e011d12e5e45e08331fd300f3b67f,8b8b5771-d3ca-480c-9980-dac450e82c42,2a529c108305ffa049d8b6cfdbaa4d36,2026_03_SEA_WAS,2026,3,2026-09-27T17:00:00Z,totals,OVER,2026-09-26T13:00:27.689180Z,2026-09-26T13:00:27.208512Z,2026-09-22T18:51:43.097248Z,bb86d96ac8c5a37027060695827d4ca64ef6cc1d2ef5b5808941c85556f173d5,b49164a5abcb29aad580f492efd856b141a4e23f7372d6f5626dbd771c168b49,2026-09-26T13:00:05Z,40.5,101,-116,0.4808976756612343,1.0345494748479824,40.3,,INCOMPARABLE_POINTS,3,-0.3571090209750026,0.1161508759454473,40.458521474405735,0.4880189072416212,0.4890022737474261,0.4890022737474261,0.0,0.5109977262525739,UNAVAILABLE_FOR_BETTING,DIAGNOSTIC_EARLY_SNAPSHOT,PASS,MODEL_LOCKED_UNTESTED_2026;UNCERTAINTY_UNAVAILABLE_FOR_BETTING;DIAGNOSTIC_EARLY_SNAPSHOT,local:v11-prospective-observer,2026-09-26T13:00:27.689180Z,2026-09-26T13:00:05Z,1.1.0,eda0199755da905e89e79ee89fa7fde2b55b0071a889071eec8aa464f4005bd4
a41d4232181431edd363d1efb206a82ed3138e9494ec9d894be7283b267609c5,challenger-0.2.0,5c8bf3ec348a261ab2c0ce94bd8cc315f754a8dc991c15c20d0d961d06997984,49fadb583b0dee0ba78c242826cb3e521cee0c4af2da837cfd5df18936598793,159ec87beb47e140832d992a80618f94b5cef5681c9d11c24e999ce1cad03b10,dffe8acdbd3e011d12e5e45e08331fd300f3b67f,8b8b5771-d3ca-480c-9980-dac450e82c42,2a529c108305ffa049d8b6cfdbaa4d36,2026_03_SEA_WAS,2026,3,2026-09-27T17:00:00Z,totals,OVER,2026-09-26T13:00:30.675609Z,2026-09-26T13:00:27.208512Z,2026-09-22T18:51:43.097248Z,3ecdbfbaf3290a1d0f9b9aee517e61634d37a7bdde41367b8b77ffdf6363f311,9328d20bdffadeff666be31d53c9e3f8bfad439375ddf78dda8776698d1ac213,2026-09-26T13:00:05Z,40.5,101,-116,0.4808976756612343,1.0345494748479824,40.3,,INCOMPARABLE_POINTS,3,1.2979942734141545,0.0,40.5,0.4942364359118773,0.4808976756612343,0.4779529694605761,0.006123352949479904,0.5159236775899441,MODELED_DEVELOPMENT_MARGIN_SHADOW_ONLY,SHADOW_ELIGIBLE,PASS,EXPERIMENTAL_SHADOW_NO_STAKES;SHADOW_ELIGIBLE,local:challenger+the-odds-api,2026-09-26T13:00:30.675609Z,2026-09-26T13:00:05Z,1.1.0,a0329ad9ade07076da88b2ff67c82d0c899d7ede7174a0ed9bea01a734a31ec5
d5abe61073d8ae9023b11f9d37d42e4d1cc41318631d4803cab99d8813bee699,challenger-0.2.0,5c8bf3ec348a261ab2c0ce94bd8cc315f754a8dc991c15c20d0d961d06997984,49fadb583b0dee0ba78c242826cb3e521cee0c4af2da837cfd5df18936598793,159ec87beb47e140832d992a80618f94b5cef5681c9d11c24e999ce1cad03b10,dffe8acdbd3e011d12e5e45e08331fd300f3b67f,d2d710b1-c436-4180-8c43-56a6e84b5e0f,2a529c108305ffa049d8b6cfdbaa4d36,2026_03_SEA_WAS,2026,3,2026-09-27T17:00:00Z,totals,OVER,2026-09-26T21:00:29.199963Z,2026-09-26T21:00:25.892304Z,2026-09-22T18:51:43.097248Z,3ecdbfbaf3290a1d0f9b9aee517e61634d37a7bdde41367b8b77ffdf6363f311,9328d20bdffadeff666be31d53c9e3f8bfad439375ddf78dda8776698d1ac213,2026-09-26T20:59:57Z,40.5,101,-116,0.4808976756612343,1.0345494748479824,40.43333333333334,,INCOMPARABLE_POINTS,3,1.2979942734141545,0.0,40.5,0.4942364359118773,0.4808976756612343,0.4779529694605761,0.006123352949479904,0.5159236775899441,MODELED_DEVELOPMENT_MARGIN_SHADOW_ONLY,SHADOW_ELIGIBLE,PASS,EXPERIMENTAL_SHADOW_NO_STAKES;SHADOW_ELIGIBLE,local:challenger+the-odds-api,2026-09-26T21:00:29.199963Z,2026-09-26T20:59:57Z,1.1.0,21127c75219ef221c6bdf264a8f19d4b88427958f0e436c439f7337dd0f3a85c
ee20b4d59c663cf7c470817d66d4d14a58454492c558c8c30933751ca7395ee3,1.1.2,6590a4bbb77802175afa4c406de831d596569cbf2e1f596de7df0910f43e8fd5,e51f21289a5f63ada7c1746ad6385412db3f6a4e7fc3ba4e33e43fbdb6e9bf14,241bade8665d15f1855e8ed5cb5a8f8bc3dbb5e66c87d76b45ab5d76f1caa9f7,dffe8acdbd3e011d12e5e45e08331fd300f3b67f,d2d710b1-c436-4180-8c43-56a6e84b5e0f,2a529c108305ffa049d8b6cfdbaa4d36,2026_03_SEA_WAS,2026,3,2026-09-27T17:00:00Z,totals,OVER,2026-09-26T21:00:26.360329Z,2026-09-26T21:00:25.892304Z,2026-09-22T18:51:43.097248Z,bb86d96ac8c5a37027060695827d4ca64ef6cc1d2ef5b5808941c85556f173d5,b49164a5abcb29aad580f492efd856b141a4e23f7372d6f5626dbd771c168b49,2026-09-26T20:59:57Z,40.5,101,-116,0.4808976756612343,1.0345494748479824,40.43333333333334,,INCOMPARABLE_POINTS,3,-0.3571090209750026,0.1161508759454473,40.458521474405735,0.4880189072416212,0.4890022737474261,0.4890022737474261,0.0,0.5109977262525739,UNAVAILABLE_FOR_BETTING,DIAGNOSTIC_EARLY_SNAPSHOT,PASS,MODEL_LOCKED_UNTESTED_2026;UNCERTAINTY_UNAVAILABLE_FOR_BETTING;DIAGNOSTIC_EARLY_SNAPSHOT,local:v11-prospective-observer,2026-09-26T21:00:26.360329Z,2026-09-26T20:59:57Z,1.1.0,679e1112ae53897c3cc50ed56d39d21dc6d54b3f6626198b1d3ef80bd4bdefc0
856419e3d9841b0cab23f1b1795e60efb2273db21afb2bb7443bb377a077ffc8,1.1.2,6590a4bbb77802175afa4c406de831d596569cbf2e1f596de7df0910f43e8fd5,e51f21289a5f63ada7c1746ad6385412db3f6a4e7fc3ba4e33e43fbdb6e9bf14,241bade8665d15f1855e8ed5cb5a8f8bc3dbb5e66c87d76b45ab5d76f1caa9f7,dffe8acdbd3e011d12e5e45e08331fd300f3b67f,214053eb-5084-4022-8817-4ddbbf933e60,2a529c108305ffa049d8b6cfdbaa4d36,2026_03_SEA_WAS,2026,3,2026-09-27T17:00:00Z,totals,OVER,2026-09-27T03:00:57.907341Z,2026-09-27T03:00:57.384540Z,2026-09-22T18:51:43.097248Z,bb86d96ac8c5a37027060695827d4ca64ef6cc1d2ef5b5808941c85556f173d5,b49164a5abcb29aad580f492efd856b141a4e23f7372d6f5626dbd771c168b49,2026-09-27T03:00:51Z,40.5,101,-116,0.4808976756612343,1.0345494748479824,40.43333333333334,,INCOMPARABLE_POINTS,3,-0.3571090209750026,0.1161508759454473,40.458521474405735,0.4880189072416212,0.4890022737474261,0.4890022737474261,0.0,0.5109977262525739,UNAVAILABLE_FOR_BETTING,DIAGNOSTIC_EARLY_SNAPSHOT,PASS,MODEL_LOCKED_UNTESTED_2026;UNCERTAINTY_UNAVAILABLE_FOR_BETTING;DIAGNOSTIC_EARLY_SNAPSHOT,local:v11-prospective-observer,2026-09-27T03:00:57.907341Z,2026-09-27T03:00:51Z,1.1.0,3fa7f2027d4f95f887b11b717828619203c8520bf62361af6ead75f28ef205c1
c8d589d4d7969f93d03a630a495c84e937e5a459fc8a91aec20a5ceeb33d3e04,challenger-0.2.0,5c8bf3ec348a261ab2c0ce94bd8cc315f754a8dc991c15c20d0d961d06997984,49fadb583b0dee0ba78c242826cb3e521cee0c4af2da837cfd5df18936598793,159ec87beb47e140832d992a80618f94b5cef5681c9d11c24e999ce1cad03b10,dffe8acdbd3e011d12e5e45e08331fd300f3b67f,214053eb-5084-4022-8817-4ddbbf933e60,2a529c108305ffa049d8b6cfdbaa4d36,2026_03_SEA_WAS,2026,3,2026-09-27T17:00:00Z,totals,OVER,2026-09-27T03:01:00.857309Z,2026-09-27T03:00:57.384540Z,2026-09-22T18:51:43.097248Z,3ecdbfbaf3290a1d0f9b9aee517e61634d37a7bdde41367b8b77ffdf6363f311,9328d20bdffadeff666be31d53c9e3f8bfad439375ddf78dda8776698d1ac213,2026-09-27T03:00:51Z,40.5,101,-116,0.4808976756612343,1.0345494748479824,40.43333333333334,,INCOMPARABLE_POINTS,3,1.2979942734141545,0.0,40.5,0.4942364359118773,0.4808976756612343,0.4779529694605761,0.006123352949479904,0.5159236775899441,MODELED_DEVELOPMENT_MARGIN_SHADOW_ONLY,SHADOW_ELIGIBLE,PASS,EXPERIMENTAL_SHADOW_NO_STAKES;SHADOW_ELIGIBLE,local:challenger+the-odds-api,2026-09-27T03:01:00.857309Z,2026-09-27T03:00:51Z,1.1.0,748a6c53052d6ae13f06d9e350303bfab6d16eddaead0e9ee47c490bfacfb7b5
2d06d1e5485fedff9f7ee389e20e23e454b1c76490b0c7b76d85d9eabe44c79d,challenger-0.2.0,5c8bf3ec348a261ab2c0ce94bd8cc315f754a8dc991c15c20d0d961d06997984,49fadb583b0dee0ba78c242826cb3e521cee0c4af2da837cfd5df18936598793,159ec87beb47e140832d992a80618f94b5cef5681c9d11c24e999ce1cad03b10,b143eda428696625817bd7042b4cf3a453477386,e1878b61-7760-4e06-9ca0-bec5e38d131c,2a529c108305ffa049d8b6cfdbaa4d36,2026_03_SEA_WAS,2026,3,2026-09-27T17:00:00Z,totals,OVER,2026-09-27T12:45:25.295673Z,2026-09-27T12:45:22.019645Z,2026-09-22T18:51:43.097248Z,3ecdbfbaf3290a1d0f9b9aee517e61634d37a7bdde41367b8b77ffdf6363f311,9328d20bdffadeff666be31d53c9e3f8bfad439375ddf78dda8776698d1ac213,2026-09-27T12:45:16Z,40.5,-101,-111,0.4885378937233506,1.0285539128999552,40.5,0.48833096290292843,VALID,3,1.2979942734141545,0.0,40.5,0.4942364359118773,0.4885378937233506,0.48554640377088704,0.006123352949479904,0.508330243279633,MODELED_DEVELOPMENT_MARGIN_SHADOW_ONLY,SHADOW_ELIGIBLE,PASS,EXPERIMENTAL_SHADOW_NO_STAKES;SHADOW_ELIGIBLE,local:challenger+the-odds-api,2026-09-27T12:45:25.295673Z,2026-09-27T12:45:16Z,1.1.0,9098f38e1abafa1b67cd3c8ce70f73210a19783625b9a50d518bb0ce15f78504
661a5741000ba227c2fae1c5a73ed4c85c59c70fb6edafcc9c533360742323d0,1.1.2,6590a4bbb77802175afa4c406de831d596569cbf2e1f596de7df0910f43e8fd5,e51f21289a5f63ada7c1746ad6385412db3f6a4e7fc3ba4e33e43fbdb6e9bf14,241bade8665d15f1855e8ed5cb5a8f8bc3dbb5e66c87d76b45ab5d76f1caa9f7,b143eda428696625817bd7042b4cf3a453477386,e1878b61-7760-4e06-9ca0-bec5e38d131c,2a529c108305ffa049d8b6cfdbaa4d36,2026_03_SEA_WAS,2026,3,2026-09-27T17:00:00Z,totals,OVER,2026-09-27T12:45:22.508290Z,2026-09-27T12:45:22.019645Z,2026-09-22T18:51:43.097248Z,bb86d96ac8c5a37027060695827d4ca64ef6cc1d2ef5b5808941c85556f173d5,b49164a5abcb29aad580f492efd856b141a4e23f7372d6f5626dbd771c168b49,2026-09-27T12:45:16Z,40.5,-101,-111,0.4885378937233506,1.0285539128999552,40.5,0.48833096290292843,VALID,3,-0.3571090209750026,0.1161508759454473,40.458521474405735,0.4880189072416212,0.4890022737474261,0.4890022737474261,0.0,0.5109977262525739,UNAVAILABLE_FOR_BETTING,DIAGNOSTIC_EARLY_SNAPSHOT,PASS,MODEL_LOCKED_UNTESTED_2026;UNCERTAINTY_UNAVAILABLE_FOR_BETTING;DIAGNOSTIC_EARLY_SNAPSHOT,local:v11-prospective-observer,2026-09-27T12:45:22.508290Z,2026-09-27T12:45:16Z,1.1.0,e84d2642c871c442370accac59b6a0bf5af41672f680922ac683f525e2e4da0f
188fe24f7d032377938ed967e84788840ccbd75b9cb1ada80b04dba3014cfdb4,challenger-0.2.0,5c8bf3ec348a261ab2c0ce94bd8cc315f754a8dc991c15c20d0d961d06997984,49fadb583b0dee0ba78c242826cb3e521cee0c4af2da837cfd5df18936598793,159ec87beb47e140832d992a80618f94b5cef5681c9d11c24e999ce1cad03b10,c8df716c912e3f6e3b11d508f2988b51a9d4b5a7,d4b87e91-991a-4aa9-bfef-bc8de675e276,555afd4a27aaa392662881cffa8f2eef,2026_03_TEN_NYG,2026,3,2026-09-27T17:00:00Z,spreads,HOME,2026-09-23T13:00:24.484171Z,2026-09-23T13:00:21.551276Z,2026-09-22T18:51:43.097248Z,3ecdbfbaf3290a1d0f9b9aee517e61634d37a7bdde41367b8b77ffdf6363f311,81f8a01a258c38d6782c13b2c6fc78e9f2cde782baa7926c346edbcd368a5bf4,2026-09-23T13:00:20Z,3.0,103,-116,0.47842650837246387,1.0296478744754607,2.8666666666666663,,INCOMPARABLE_POINTS,3,-2.022105796620707,0.0,3.0,0.4452438812570318,0.47842650837246387,0.4422531039602031,0.07560911400021987,0.48213778203957697,MODELED_DEVELOPMENT_MARGIN_SHADOW_ONLY,SHADOW_ELIGIBLE,PASS,EXPERIMENTAL_SHADOW_NO_STAKES;SHADOW_ELIGIBLE,local:challenger+the-odds-api,2026-09-23T13:00:24.484171Z,2026-09-23T13:00:20Z,1.1.0,95cfcecc760a9f023ad67560dfa3feeb8c09a65954f1a5f5c770df8f269b4528
ba45a05935fcbb0f0761f2cbc8bd7fae581e5cfd52d2af80b6d1e1174469133a,1.1.2,6590a4bbb77802175afa4c406de831d596569cbf2e1f596de7df0910f43e8fd5,e51f21289a5f63ada7c1746ad6385412db3f6a4e7fc3ba4e33e43fbdb6e9bf14,241bade8665d15f1855e8ed5cb5a8f8bc3dbb5e66c87d76b45ab5d76f1caa9f7,c8df716c912e3f6e3b11d508f2988b51a9d4b5a7,d4b87e91-991a-4aa9-bfef-bc8de675e276,555afd4a27aaa392662881cffa8f2eef,2026_03_TEN_NYG,2026,3,2026-09-27T17:00:00Z,spreads,HOME,2026-09-23T13:00:21.951453Z,2026-09-23T13:00:21.551276Z,2026-09-22T18:51:43.097248Z,bb86d96ac8c5a37027060695827d4ca64ef6cc1d2ef5b5808941c85556f173d5,5a5c72ce13aacf63e4656ba00c3f8bc65f3a088247c14704d59269b618578ff2,2026-09-23T13:00:20Z,3.0,103,-116,0.47842650837246387,1.0296478744754607,2.8666666666666663,,INCOMPARABLE_POINTS,3,-0.4956402629288328,0.0,3.0,0.44714388814715483,0.48251507290248447,0.44265805089108384,0.08260264652800936,0.4747393025809067,UNAVAILABLE_FOR_BETTING,DIAGNOSTIC_EARLY_SNAPSHOT,PASS,MODEL_LOCKED_UNTESTED_2026;UNCERTAINTY_UNAVAILABLE_FOR_BETTING;DIAGNOSTIC_EARLY_SNAPSHOT,local:v11-prospective-observer,2026-09-23T13:00:21.951453Z,2026-09-23T13:00:20Z,1.1.0,b20975672b6c1845d665e711cc6b6e9f974efa8191ec2f1f8ecba2c5a72edabf
326f93b4d7c0d61a7869a01f2c9225b0af6dd56ad4e5c05ae617e45b79703499,1.1.2,6590a4bbb77802175afa4c406de831d596569cbf2e1f596de7df0910f43e8fd5,e51f21289a5f63ada7c1746ad6385412db3f6a4e7fc3ba4e33e43fbdb6e9bf14,241bade8665d15f1855e8ed5cb5a8f8bc3dbb5e66c87d76b45ab5d76f1caa9f7,dffe8acdbd3e011d12e5e45e08331fd300f3b67f,d842d1fe-0de3-48ea-8341-bb9cfc6a6383,555afd4a27aaa392662881cffa8f2eef,2026_03_TEN_NYG,2026,3,2026-09-27T17:00:00Z,spreads,HOME,2026-09-24T16:00:22.882475Z,2026-09-24T16:00:22.454081Z,2026-09-22T18:51:43.097248Z,bb86d96ac8c5a37027060695827d4ca64ef6cc1d2ef5b5808941c85556f173d5,5a5c72ce13aacf63e4656ba00c3f8bc65f3a088247c14704d59269b618578ff2,2026-09-24T16:00:17Z,2.5,-114,101,0.5170826375411832,1.0302227181847772,2.6333333333333337,,INCOMPARABLE_POINTS,3,-0.4956402629288328,0.0,2.5,0.49228045165888856,0.4893212527975112,0.4888096735103024,0.001045487569330002,0.5101448389203675,UNAVAILABLE_FOR_BETTING,DIAGNOSTIC_EARLY_SNAPSHOT,PASS,MODEL_LOCKED_UNTESTED_2026;UNCERTAINTY_UNAVAILABLE_FOR_BETTING;DIAGNOSTIC_EARLY_SNAPSHOT,local:v11-prospective-observer,2026-09-24T16:00:22.882475Z,2026-09-24T16:00:17Z,1.1.0,7245d8dbf1c716becfe77d1659cfbbf90d32171033eb9e5717b1ffbc23ee5b98
918afc007ca96ee4650e6a870047cbe566425ebbecacc69521fbd6e2ed83be5c,challenger-0.2.0,5c8bf3ec348a261ab2c0ce94bd8cc315f754a8dc991c15c20d0d961d06997984,49fadb583b0dee0ba78c242826cb3e521cee0c4af2da837cfd5df18936598793,159ec87beb47e140832d992a80618f94b5cef5681c9d11c24e999ce1cad03b10,dffe8acdbd3e011d12e5e45e08331fd300f3b67f,d842d1fe-0de3-48ea-8341-bb9cfc6a6383,555afd4a27aaa392662881cffa8f2eef,2026_03_TEN_NYG,2026,3,2026-09-27T17:00:00Z,spreads,HOME,2026-09-24T16:00:25.607332Z,2026-09-24T16:00:22.454081Z,2026-09-22T18:51:43.097248Z,3ecdbfbaf3290a1d0f9b9aee517e61634d37a7bdde41367b8b77ffdf6363f311,81f8a01a258c38d6782c13b2c6fc78e9f2cde782baa7926c346edbcd368a5bf4,2026-09-24T16:00:17Z,2.5,-114,101,0.5170826375411832,1.0302227181847772,2.6333333333333337,,INCOMPARABLE_POINTS,3,-1.522105796620707,0.0,2.5,0.48689161885684834,0.5170826375411832,0.5167834570388826,0.0005785932084729191,0.48263794975264446,MODELED_DEVELOPMENT_MARGIN_SHADOW_ONLY,SHADOW_ELIGIBLE,PASS,EXPERIMENTAL_SHADOW_NO_STAKES;SHADOW_ELIGIBLE,local:challenger+the-odds-api,2026-09-24T16:00:25.607332Z,2026-09-24T16:00:17Z,1.1.0,adc61b0091b3dc171edf4d70608bf1dbbd003593c78135965af3bb50e46cdabb
2928029fc5e9233d10678a87015f1ff599900a3040335109b4ab6395178b1e99,challenger-0.2.0,5c8bf3ec348a261ab2c0ce94bd8cc315f754a8dc991c15c20d0d961d06997984,49fadb583b0dee0ba78c242826cb3e521cee0c4af2da837cfd5df18936598793,159ec87beb47e140832d992a80618f94b5cef5681c9d11c24e999ce1cad03b10,dffe8acdbd3e011d12e5e45e08331fd300f3b67f,b7f8819c-86a9-428f-bb46-debf3999015c,555afd4a27aaa392662881cffa8f2eef,2026_03_TEN_NYG,2026,3,2026-09-27T17:00:00Z,spreads,HOME,2026-09-25T21:00:31.801654Z,2026-09-25T21:00:28.639096Z,2026-09-22T18:51:43.097248Z,3ecdbfbaf3290a1d0f9b9aee517e61634d37a7bdde41367b8b77ffdf6363f311,81f8a01a258c38d6782c13b2c6fc78e9f2cde782baa7926c346edbcd368a5bf4,2026-09-25T20:59:58Z,2.5,-106,-106,0.5,1.029126213592233,2.5,0.502599766118672,VALID,3,-1.522105796620707,0.0,2.5,0.48689161885684834,0.5,0.49971070339576357,0.0005785932084729191,0.49971070339576357,MODELED_DEVELOPMENT_MARGIN_SHADOW_ONLY,SHADOW_ELIGIBLE,PASS,EXPERIMENTAL_SHADOW_NO_STAKES;SHADOW_ELIGIBLE,local:challenger+the-odds-api,2026-09-25T21:00:31.801654Z,2026-09-25T20:59:58Z,1.1.0,d15eb58e6df3eae3a49d24c40360b07fad649ce275fc94180553411d98103ec8
af858a8c2bb201daf753f785bc6a876e0e247aa313b5b7633e5de6b5c62201d7,1.1.2,6590a4bbb77802175afa4c406de831d596569cbf2e1f596de7df0910f43e8fd5,e51f21289a5f63ada7c1746ad6385412db3f6a4e7fc3ba4e33e43fbdb6e9bf14,241bade8665d15f1855e8ed5cb5a8f8bc3dbb5e66c87d76b45ab5d76f1caa9f7,dffe8acdbd3e011d12e5e45e08331fd300f3b67f,b7f8819c-86a9-428f-bb46-debf3999015c,555afd4a27aaa392662881cffa8f2eef,2026_03_TEN_NYG,2026,3,2026-09-27T17:00:00Z,spreads,HOME,2026-09-25T21:00:29.089372Z,2026-09-25T21:00:28.639096Z,2026-09-22T18:51:43.097248Z,bb86d96ac8c5a37027060695827d4ca64ef6cc1d2ef5b5808941c85556f173d5,5a5c72ce13aacf63e4656ba00c3f8bc65f3a088247c14704d59269b618578ff2,2026-09-25T20:59:58Z,2.5,-106,-106,0.5,1.029126213592233,2.5,0.502599766118672,VALID,3,-0.4956402629288328,0.0,2.5,0.49228045165888856,0.4893212527975112,0.4888096735103024,0.001045487569330002,0.5101448389203675,UNAVAILABLE_FOR_BETTING,DIAGNOSTIC_EARLY_SNAPSHOT,PASS,MODEL_LOCKED_UNTESTED_2026;UNCERTAINTY_UNAVAILABLE_FOR_BETTING;DIAGNOSTIC_EARLY_SNAPSHOT,local:v11-prospective-observer,2026-09-25T21:00:29.089372Z,2026-09-25T20:59:58Z,1.1.0,971e7d9f670dcd806afa0b0e37771a70b736b8c10caf3645e59f72ac7ae16d69
5a128e2ffc3f9c6859a20dab791fcb0b453ce917f1c8282203fa9cba48b70df6,challenger-0.2.0,5c8bf3ec348a261ab2c0ce94bd8cc315f754a8dc991c15c20d0d961d06997984,49fadb583b0dee0ba78c242826cb3e521cee0c4af2da837cfd5df18936598793,159ec87beb47e140832d992a80618f94b5cef5681c9d11c24e999ce1cad03b10,dffe8acdbd3e011d12e5e45e08331fd300f3b67f,8b8b5771-d3ca-480c-9980-dac450e82c42,555afd4a27aaa392662881cffa8f2eef,2026_03_TEN_NYG,2026,3,2026-09-27T17:00:00Z,spreads,HOME,2026-09-26T13:00:30.675609Z,2026-09-26T13:00:27.208512Z,2026-09-22T18:51:43.097248Z,3ecdbfbaf3290a1d0f9b9aee517e61634d37a7bdde41367b8b77ffdf6363f311,81f8a01a258c38d6782c13b2c6fc78e9f2cde782baa7926c346edbcd368a5bf4,2026-09-26T13:00:05Z,2.5,-106,-106,0.5,1.029126213592233,2.5,0.502599766118672,VALID,3,-1.522105796620707,0.0,2.5,0.48689161885684834,0.5,0.49971070339576357,0.0005785932084729191,0.49971070339576357,MODELED_DEVELOPMENT_MARGIN_SHADOW_ONLY,SHADOW_ELIGIBLE,PASS,EXPERIMENTAL_SHADOW_NO_STAKES;SHADOW_ELIGIBLE,local:challenger+the-odds-api,2026-09-26T13:00:30.675609Z,2026-09-26T13:00:05Z,1.1.0,7d5c5840054a7097119570d9ce19132220c317e437b24651c5122048844c9adb
71aee812968e5f05a73e1c57c65f1aff26f74518091e58b41aec2df5dc2b5939,1.1.2,6590a4bbb77802175afa4c406de831d596569cbf2e1f596de7df0910f43e8fd5,e51f21289a5f63ada7c1746ad6385412db3f6a4e7fc3ba4e33e43fbdb6e9bf14,241bade8665d15f1855e8ed5cb5a8f8bc3dbb5e66c87d76b45ab5d76f1caa9f7,dffe8acdbd3e011d12e5e45e08331fd300f3b67f,8b8b5771-d3ca-480c-9980-dac450e82c42,555afd4a27aaa392662881cffa8f2eef,2026_03_TEN_NYG,2026,3,2026-09-27T17:00:00Z,spreads,HOME,2026-09-26T13:00:27.689180Z,2026-09-26T13:00:27.208512Z,2026-09-22T18:51:43.097248Z,bb86d96ac8c5a37027060695827d4ca64ef6cc1d2ef5b5808941c85556f173d5,5a5c72ce13aacf63e4656ba00c3f8bc65f3a088247c14704d59269b618578ff2,2026-09-26T13:00:05Z,2.5,-106,-106,0.5,1.029126213592233,2.5,0.502599766118672,VALID,3,-0.4956402629288328,0.0,2.5,0.49228045165888856,0.4893212527975112,0.4888096735103024,0.001045487569330002,0.5101448389203675,UNAVAILABLE_FOR_BETTING,DIAGNOSTIC_EARLY_SNAPSHOT,PASS,MODEL_LOCKED_UNTESTED_2026;UNCERTAINTY_UNAVAILABLE_FOR_BETTING;DIAGNOSTIC_EARLY_SNAPSHOT,local:v11-prospective-observer,2026-09-26T13:00:27.689180Z,2026-09-26T13:00:05Z,1.1.0,510d9e31d642e1a53411d9a9e0f173421cc8b7e000b06637e7ba81ba3f509f42
0e9db56c790956462bbdaec27aee2ae4a994aad0ab28cabddc2bdcf410a425ed,challenger-0.2.0,5c8bf3ec348a261ab2c0ce94bd8cc315f754a8dc991c15c20d0d961d06997984,49fadb583b0dee0ba78c242826cb3e521cee0c4af2da837cfd5df18936598793,159ec87beb47e140832d992a80618f94b5cef5681c9d11c24e999ce1cad03b10,dffe8acdbd3e011d12e5e45e08331fd300f3b67f,d2d710b1-c436-4180-8c43-56a6e84b5e0f,555afd4a27aaa392662881cffa8f2eef,2026_03_TEN_NYG,2026,3,2026-09-27T17:00:00Z,spreads,HOME,2026-09-26T21:00:29.199963Z,2026-09-26T21:00:25.892304Z,2026-09-22T18:51:43.097248Z,3ecdbfbaf3290a1d0f9b9aee517e61634d37a7bdde41367b8b77ffdf6363f311,81f8a01a258c38d6782c13b2c6fc78e9f2cde782baa7926c346edbcd368a5bf4,2026-09-26T20:59:57Z,2.5,-106,-106,0.5,1.029126213592233,2.5,0.5021871930378915,VALID,3,-1.522105796620707,0.0,2.5,0.48689161885684834,0.5,0.49971070339576357,0.0005785932084729191,0.49971070339576357,MODELED_DEVELOPMENT_MARGIN_SHADOW_ONLY,SHADOW_ELIGIBLE,PASS,EXPERIMENTAL_SHADOW_NO_STAKES;SHADOW_ELIGIBLE,local:challenger+the-odds-api,2026-09-26T21:00:29.199963Z,2026-09-26T20:59:57Z,1.1.0,4d8d05f0e9151d8e1279b78b73d6950e761b52133fe2061da9ab11f85f34de81
cf3a539fb501f6e48a3f0ce1501436f2fe89c96ae68be99173c9380271b2e0a8,1.1.2,6590a4bbb77802175afa4c406de831d596569cbf2e1f596de7df0910f43e8fd5,e51f21289a5f63ada7c1746ad6385412db3f6a4e7fc3ba4e33e43fbdb6e9bf14,241bade8665d15f1855e8ed5cb5a8f8bc3dbb5e66c87d76b45ab5d76f1caa9f7,dffe8acdbd3e011d12e5e45e08331fd300f3b67f,d2d710b1-c436-4180-8c43-56a6e84b5e0f,555afd4a27aaa392662881cffa8f2eef,2026_03_TEN_NYG,2026,3,2026-09-27T17:00:00Z,spreads,HOME,2026-09-26T21:00:26.360329Z,2026-09-26T21:00:25.892304Z,2026-09-22T18:51:43.097248Z,bb86d96ac8c5a37027060695827d4ca64ef6cc1d2ef5b5808941c85556f173d5,5a5c72ce13aacf63e4656ba00c3f8bc65f3a088247c14704d59269b618578ff2,2026-09-26T20:59:57Z,2.5,-106,-106,0.5,1.029126213592233,2.5,0.5021871930378915,VALID,3,-0.4956402629288328,0.0,2.5,0.49228045165888856,0.4893212527975112,0.4888096735103024,0.001045487569330002,0.5101448389203675,UNAVAILABLE_FOR_BETTING,DIAGNOSTIC_EARLY_SNAPSHOT,PASS,MODEL_LOCKED_UNTESTED_2026;UNCERTAINTY_UNAVAILABLE_FOR_BETTING;DIAGNOSTIC_EARLY_SNAPSHOT,local:v11-prospective-observer,2026-09-26T21:00:26.360329Z,2026-09-26T20:59:57Z,1.1.0,532296ae210e1f7417e75380127a05195d20e54a45be96013037ec3403fe7db0
4063aa23ae17ab27aa00716750fd0c8b7fef642ab9787a2069c90fe0d5a70b7e,1.1.2,6590a4bbb77802175afa4c406de831d596569cbf2e1f596de7df0910f43e8fd5,e51f21289a5f63ada7c1746ad6385412db3f6a4e7fc3ba4e33e43fbdb6e9bf14,241bade8665d15f1855e8ed5cb5a8f8bc3dbb5e66c87d76b45ab5d76f1caa9f7,dffe8acdbd3e011d12e5e45e08331fd300f3b67f,214053eb-5084-4022-8817-4ddbbf933e60,555afd4a27aaa392662881cffa8f2eef,2026_03_TEN_NYG,2026,3,2026-09-27T17:00:00Z,spreads,HOME,2026-09-27T03:00:57.907341Z,2026-09-27T03:00:57.384540Z,2026-09-22T18:51:43.097248Z,bb86d96ac8c5a37027060695827d4ca64ef6cc1d2ef5b5808941c85556f173d5,5a5c72ce13aacf63e4656ba00c3f8bc65f3a088247c14704d59269b618578ff2,2026-09-27T03:00:51Z,2.5,-106,-106,0.5,1.029126213592233,2.5,0.5021871930378915,VALID,3,-0.4956402629288328,0.0,2.5,0.49228045165888856,0.4893212527975112,0.4888096735103024,0.001045487569330002,0.5101448389203675,UNAVAILABLE_FOR_BETTING,DIAGNOSTIC_EARLY_SNAPSHOT,PASS,MODEL_LOCKED_UNTESTED_2026;UNCERTAINTY_UNAVAILABLE_FOR_BETTING;DIAGNOSTIC_EARLY_SNAPSHOT,local:v11-prospective-observer,2026-09-27T03:00:57.907341Z,2026-09-27T03:00:51Z,1.1.0,bbe5f548b314666ddced2d63fc30a70b9f9a74cb02b2ed884ca1c341e3569334
c0a1decca032c2a33d06ef862a69691d9a9bb1dcfcd99f01ed0e7fdb103a118f,challenger-0.2.0,5c8bf3ec348a261ab2c0ce94bd8cc315f754a8dc991c15c20d0d961d06997984,49fadb583b0dee0ba78c242826cb3e521cee0c4af2da837cfd5df18936598793,159ec87beb47e140832d992a80618f94b5cef5681c9d11c24e999ce1cad03b10,dffe8acdbd3e011d12e5e45e08331fd300f3b67f,214053eb-5084-4022-8817-4ddbbf933e60,555afd4a27aaa392662881cffa8f2eef,2026_03_TEN_NYG,2026,3,2026-09-27T17:00:00Z,spreads,HOME,2026-09-27T03:01:00.857309Z,2026-09-27T03:00:57.384540Z,2026-09-22T18:51:43.097248Z,3ecdbfbaf3290a1d0f9b9aee517e61634d37a7bdde41367b8b77ffdf6363f311,81f8a01a258c38d6782c13b2c6fc78e9f2cde782baa7926c346edbcd368a5bf4,2026-09-27T03:00:51Z,2.5,-106,-106,0.5,1.029126213592233,2.5,0.5021871930378915,VALID,3,-1.522105796620707,0.0,2.5,0.48689161885684834,0.5,0.49971070339576357,0.0005785932084729191,0.49971070339576357,MODELED_DEVELOPMENT_MARGIN_SHADOW_ONLY,SHADOW_ELIGIBLE,PASS,EXPERIMENTAL_SHADOW_NO_STAKES;SHADOW_ELIGIBLE,local:challenger+the-odds-api,2026-09-27T03:01:00.857309Z,2026-09-27T03:00:51Z,1.1.0,27f03447963a32a8dbb390af575493dcd424d099e671866523780b64181093f5
0cc5ba504b7bea5f76968aefb5e6481cac7eb89ca8d5c809614f195af3c5a19a,1.1.2,6590a4bbb77802175afa4c406de831d596569cbf2e1f596de7df0910f43e8fd5,e51f21289a5f63ada7c1746ad6385412db3f6a4e7fc3ba4e33e43fbdb6e9bf14,241bade8665d15f1855e8ed5cb5a8f8bc3dbb5e66c87d76b45ab5d76f1caa9f7,b143eda428696625817bd7042b4cf3a453477386,e1878b61-7760-4e06-9ca0-bec5e38d131c,555afd4a27aaa392662881cffa8f2eef,2026_03_TEN_NYG,2026,3,2026-09-27T17:00:00Z,spreads,HOME,2026-09-27T12:45:22.508290Z,2026-09-27T12:45:22.019645Z,2026-09-22T18:51:43.097248Z,bb86d96ac8c5a37027060695827d4ca64ef6cc1d2ef5b5808941c85556f173d5,5a5c72ce13aacf63e4656ba00c3f8bc65f3a088247c14704d59269b618578ff2,2026-09-27T12:45:16Z,2.5,-101,-109,0.49070156678599663,1.0240186626675236,2.5,0.4954529318156641,VALID,3,-0.4956402629288328,0.0,2.5,0.49228045165888856,0.4893212527975112,0.4888096735103024,0.001045487569330002,0.5101448389203675,UNAVAILABLE_FOR_BETTING,DIAGNOSTIC_EARLY_SNAPSHOT,PASS,MODEL_LOCKED_UNTESTED_2026;UNCERTAINTY_UNAVAILABLE_FOR_BETTING;DIAGNOSTIC_EARLY_SNAPSHOT,local:v11-prospective-observer,2026-09-27T12:45:22.508290Z,2026-09-27T12:45:16Z,1.1.0,2861478602e4344662fd913361c417f3c7ce4773ad20bee2dea4cf70ddab8248
2b788be8101ff626dbb27d8e78653fdbe5a05706d01fad838a6fd9389fe1cd8a,challenger-0.2.0,5c8bf3ec348a261ab2c0ce94bd8cc315f754a8dc991c15c20d0d961d06997984,49fadb583b0dee0ba78c242826cb3e521cee0c4af2da837cfd5df18936598793,159ec87beb47e140832d992a80618f94b5cef5681c9d11c24e999ce1cad03b10,b143eda428696625817bd7042b4cf3a453477386,e1878b61-7760-4e06-9ca0-bec5e38d131c,555afd4a27aaa392662881cffa8f2eef,2026_03_TEN_NYG,2026,3,2026-09-27T17:00:00Z,spreads,HOME,2026-09-27T12:45:25.295673Z,2026-09-27T12:45:22.019645Z,2026-09-22T18:51:43.097248Z,3ecdbfbaf3290a1d0f9b9aee517e61634d37a7bdde41367b8b77ffdf6363f311,81f8a01a258c38d6782c13b2c6fc78e9f2cde782baa7926c346edbcd368a5bf4,2026-09-27T12:45:16Z,2.5,-101,-109,0.49070156678599663,1.0240186626675236,2.5,0.4954529318156641,VALID,3,-1.522105796620707,0.0,2.5,0.48689161885684834,0.49070156678599663,0.4904176501920673,0.0005785932084729191,0.5090037565994598,MODELED_DEVELOPMENT_MARGIN_SHADOW_ONLY,SHADOW_ELIGIBLE,PASS,EXPERIMENTAL_SHADOW_NO_STAKES;SHADOW_ELIGIBLE,local:challenger+the-odds-api,2026-09-27T12:45:25.295673Z,2026-09-27T12:45:16Z,1.1.0,fcb090319390a94cc835e21d745f08dabfa6d5833e0a8400b65b50190606e951
30ffebafed2ea57ccbbc03d18c3bb651fea56309b2f74dd6a252b3c1f44b940a,challenger-0.2.0,5c8bf3ec348a261ab2c0ce94bd8cc315f754a8dc991c15c20d0d961d06997984,49fadb583b0dee0ba78c242826cb3e521cee0c4af2da837cfd5df18936598793,159ec87beb47e140832d992a80618f94b5cef5681c9d11c24e999ce1cad03b10,c8df716c912e3f6e3b11d508f2988b51a9d4b5a7,d4b87e91-991a-4aa9-bfef-bc8de675e276,555afd4a27aaa392662881cffa8f2eef,2026_03_TEN_NYG,2026,3,2026-09-27T17:00:00Z,totals,OVER,2026-09-23T13:00:24.484171Z,2026-09-23T13:00:21.551276Z,2026-09-22T18:51:43.097248Z,3ecdbfbaf3290a1d0f9b9aee517e61634d37a7bdde41367b8b77ffdf6363f311,81f8a01a258c38d6782c13b2c6fc78e9f2cde782baa7926c346edbcd368a5bf4,2026-09-23T13:00:20Z,39.5,-107,-107,0.5,1.0338164251207729,39.5,0.4988480895503364,VALID,3,6.91683097230446,0.0,39.5,0.4942364359118773,0.5,0.4969383235252601,0.006123352949479904,0.4969383235252601,MODELED_DEVELOPMENT_MARGIN_SHADOW_ONLY,SHADOW_ELIGIBLE,PASS,EXPERIMENTAL_SHADOW_NO_STAKES;SHADOW_ELIGIBLE,local:challenger+the-odds-api,2026-09-23T13:00:24.484171Z,2026-09-23T13:00:20Z,1.1.0,ee5fc50320e6a8d31cc43b9d65490ff1be2272982d08aa21f8bced1576cebe82
8384232daad1f94112aae9b30a91d0c03b059a7040619e0e56f34b95259499da,1.1.2,6590a4bbb77802175afa4c406de831d596569cbf2e1f596de7df0910f43e8fd5,e51f21289a5f63ada7c1746ad6385412db3f6a4e7fc3ba4e33e43fbdb6e9bf14,241bade8665d15f1855e8ed5cb5a8f8bc3dbb5e66c87d76b45ab5d76f1caa9f7,c8df716c912e3f6e3b11d508f2988b51a9d4b5a7,d4b87e91-991a-4aa9-bfef-bc8de675e276,555afd4a27aaa392662881cffa8f2eef,2026_03_TEN_NYG,2026,3,2026-09-27T17:00:00Z,totals,OVER,2026-09-23T13:00:21.951453Z,2026-09-23T13:00:21.551276Z,2026-09-22T18:51:43.097248Z,bb86d96ac8c5a37027060695827d4ca64ef6cc1d2ef5b5808941c85556f173d5,5a5c72ce13aacf63e4656ba00c3f8bc65f3a088247c14704d59269b618578ff2,2026-09-23T13:00:20Z,39.5,-107,-107,0.5,1.0338164251207729,39.5,0.4988480895503364,VALID,3,0.7385693986349826,0.1161508759454473,39.585785482597956,0.4909947931229129,0.4948708359688912,0.4948708359688912,0.0,0.5051291640311089,UNAVAILABLE_FOR_BETTING,DIAGNOSTIC_EARLY_SNAPSHOT,PASS,MODEL_LOCKED_UNTESTED_2026;UNCERTAINTY_UNAVAILABLE_FOR_BETTING;DIAGNOSTIC_EARLY_SNAPSHOT,local:v11-prospective-observer,2026-09-23T13:00:21.951453Z,2026-09-23T13:00:20Z,1.1.0,c03e344fa3691ea23513dcbc8f58affd41b8ef8c9d22838d9928f153c1e07ffd
089a5104951cf1dc14678a5dfadc3e4e2547d1c6471c70dfe5ea0e5d26064017,1.1.2,6590a4bbb77802175afa4c406de831d596569cbf2e1f596de7df0910f43e8fd5,e51f21289a5f63ada7c1746ad6385412db3f6a4e7fc3ba4e33e43fbdb6e9bf14,241bade8665d15f1855e8ed5cb5a8f8bc3dbb5e66c87d76b45ab5d76f1caa9f7,dffe8acdbd3e011d12e5e45e08331fd300f3b67f,d842d1fe-0de3-48ea-8341-bb9cfc6a6383,555afd4a27aaa392662881cffa8f2eef,2026_03_TEN_NYG,2026,3,2026-09-27T17:00:00Z,totals,OVER,2026-09-24T16:00:22.882475Z,2026-09-24T16:00:22.454081Z,2026-09-22T18:51:43.097248Z,bb86d96ac8c5a37027060695827d4ca64ef6cc1d2ef5b5808941c85556f173d5,5a5c72ce13aacf63e4656ba00c3f8bc65f3a088247c14704d59269b618578ff2,2026-09-24T16:00:17Z,38.5,-107,-107,0.5,1.0338164251207729,38.5,0.5002846461674796,VALID,3,0.7385693986349826,0.1161508759454473,38.585785482597956,0.4909947931229129,0.4948708359688912,0.4948708359688912,0.0,0.5051291640311089,UNAVAILABLE_FOR_BETTING,DIAGNOSTIC_EARLY_SNAPSHOT,PASS,MODEL_LOCKED_UNTESTED_2026;UNCERTAINTY_UNAVAILABLE_FOR_BETTING;DIAGNOSTIC_EARLY_SNAPSHOT,local:v11-prospective-observer,2026-09-24T16:00:22.882475Z,2026-09-24T16:00:17Z,1.1.0,808ca5857ce76b82fcc4a1f7cac7f06bad88188c54394cf4a1a4c24dc510fc6f
ca9ad154e6308df335b1a3bbd48d6dc7d91e1e168941c49cbe5c063fe936b241,challenger-0.2.0,5c8bf3ec348a261ab2c0ce94bd8cc315f754a8dc991c15c20d0d961d06997984,49fadb583b0dee0ba78c242826cb3e521cee0c4af2da837cfd5df18936598793,159ec87beb47e140832d992a80618f94b5cef5681c9d11c24e999ce1cad03b10,dffe8acdbd3e011d12e5e45e08331fd300f3b67f,d842d1fe-0de3-48ea-8341-bb9cfc6a6383,555afd4a27aaa392662881cffa8f2eef,2026_03_TEN_NYG,2026,3,2026-09-27T17:00:00Z,totals,OVER,2026-09-24T16:00:25.607332Z,2026-09-24T16:00:22.454081Z,2026-09-22T18:51:43.097248Z,3ecdbfbaf3290a1d0f9b9aee517e61634d37a7bdde41367b8b77ffdf6363f311,81f8a01a258c38d6782c13b2c6fc78e9f2cde782baa7926c346edbcd368a5bf4,2026-09-24T16:00:17Z,38.5,-107,-107,0.5,1.0338164251207729,38.5,0.5002846461674796,VALID,3,7.91683097230446,0.0,38.5,0.4942364359118773,0.5,0.4969383235252601,0.006123352949479904,0.4969383235252601,MODELED_DEVELOPMENT_MARGIN_SHADOW_ONLY,SHADOW_ELIGIBLE,PASS,EXPERIMENTAL_SHADOW_NO_STAKES;SHADOW_ELIGIBLE,local:challenger+the-odds-api,2026-09-24T16:00:25.607332Z,2026-09-24T16:00:17Z,1.1.0,5bc0016511352df6d6a1241e930cc93e272fa6ac4a0e2a8f876dd1c333e01390
15aeeb74ce3ad94fe842a9f3fa560f6a3d864d8510096e6ac618c8aa64681a89,1.1.2,6590a4bbb77802175afa4c406de831d596569cbf2e1f596de7df0910f43e8fd5,e51f21289a5f63ada7c1746ad6385412db3f6a4e7fc3ba4e33e43fbdb6e9bf14,241bade8665d15f1855e8ed5cb5a8f8bc3dbb5e66c87d76b45ab5d76f1caa9f7,dffe8acdbd3e011d12e5e45e08331fd300f3b67f,b7f8819c-86a9-428f-bb46-debf3999015c,555afd4a27aaa392662881cffa8f2eef,2026_03_TEN_NYG,2026,3,2026-09-27T17:00:00Z,totals,OVER,2026-09-25T21:00:29.089372Z,2026-09-25T21:00:28.639096Z,2026-09-22T18:51:43.097248Z,bb86d96ac8c5a37027060695827d4ca64ef6cc1d2ef5b5808941c85556f173d5,5a5c72ce13aacf63e4656ba00c3f8bc65f3a088247c14704d59269b618578ff2,2026-09-25T20:59:58Z,38.5,-102,-112,0.4887000542397397,1.0332523818419577,38.5,0.49119487633217296,VALID,3,0.7385693986349826,0.1161508759454473,38.585785482597956,0.4909947931229129,0.4948708359688912,0.4948708359688912,0.0,0.5051291640311089,UNAVAILABLE_FOR_BETTING,DIAGNOSTIC_EARLY_SNAPSHOT,PASS,MODEL_LOCKED_UNTESTED_2026;UNCERTAINTY_UNAVAILABLE_FOR_BETTING;DIAGNOSTIC_EARLY_SNAPSHOT,local:v11-prospective-observer,2026-09-25T21:00:29.089372Z,2026-09-25T20:59:58Z,1.1.0,56fa013fe05ebe9512c45e96b12911c22c0a27c6ecaeeb1cefce7b54bd56cc0e
c7e1dcb0e8273e9051284573912f028ae782b96d523a7f6cae4bb336f5496b67,challenger-0.2.0,5c8bf3ec348a261ab2c0ce94bd8cc315f754a8dc991c15c20d0d961d06997984,49fadb583b0dee0ba78c242826cb3e521cee0c4af2da837cfd5df18936598793,159ec87beb47e140832d992a80618f94b5cef5681c9d11c24e999ce1cad03b10,dffe8acdbd3e011d12e5e45e08331fd300f3b67f,b7f8819c-86a9-428f-bb46-debf3999015c,555afd4a27aaa392662881cffa8f2eef,2026_03_TEN_NYG,2026,3,2026-09-27T17:00:00Z,totals,OVER,2026-09-25T21:00:31.801654Z,2026-09-25T21:00:28.639096Z,2026-09-22T18:51:43.097248Z,3ecdbfbaf3290a1d0f9b9aee517e61634d37a7bdde41367b8b77ffdf6363f311,81f8a01a258c38d6782c13b2c6fc78e9f2cde782baa7926c346edbcd368a5bf4,2026-09-25T20:59:58Z,38.5,-102,-112,0.4887000542397397,1.0332523818419577,38.5,0.49119487633217296,VALID,3,7.91683097230446,0.0,38.5,0.4942364359118773,0.4887000542397397,0.48570757132119985,0.006123352949479904,0.5081690757293204,MODELED_DEVELOPMENT_MARGIN_SHADOW_ONLY,SHADOW_ELIGIBLE,PASS,EXPERIMENTAL_SHADOW_NO_STAKES;SHADOW_ELIGIBLE,local:challenger+the-odds-api,2026-09-25T21:00:31.801654Z,2026-09-25T20:59:58Z,1.1.0,4a758ec69e97fccf476945c3c3eb4826e1cf82af54e948f09169ff08b9995f55
4e86e79461db22734feeebb28a31b64bbb9c684aaac9fb0c6b436f76100ec1af,challenger-0.2.0,5c8bf3ec348a261ab2c0ce94bd8cc315f754a8dc991c15c20d0d961d06997984,49fadb583b0dee0ba78c242826cb3e521cee0c4af2da837cfd5df18936598793,159ec87beb47e140832d992a80618f94b5cef5681c9d11c24e999ce1cad03b10,dffe8acdbd3e011d12e5e45e08331fd300f3b67f,8b8b5771-d3ca-480c-9980-dac450e82c42,555afd4a27aaa392662881cffa8f2eef,2026_03_TEN_NYG,2026,3,2026-09-27T17:00:00Z,totals,OVER,2026-09-26T13:00:30.675609Z,2026-09-26T13:00:27.208512Z,2026-09-22T18:51:43.097248Z,3ecdbfbaf3290a1d0f9b9aee517e61634d37a7bdde41367b8b77ffdf6363f311,81f8a01a258c38d6782c13b2c6fc78e9f2cde782baa7926c346edbcd368a5bf4,2026-09-26T13:00:05Z,38.5,103,-118,0.47646107444157887,1.0338952411081483,38.36666666666666,,INCOMPARABLE_POINTS,3,7.91683097230446,0.0,38.5,0.4942364359118773,0.47646107444157887,0.4735435351160847,0.006123352949479904,0.5203331119344354,MODELED_DEVELOPMENT_MARGIN_SHADOW_ONLY,SHADOW_ELIGIBLE,PASS,EXPERIMENTAL_SHADOW_NO_STAKES;SHADOW_ELIGIBLE,local:challenger+the-odds-api,2026-09-26T13:00:30.675609Z,2026-09-26T13:00:05Z,1.1.0,f1b11b0cce92610395abfe64f17723cd0513c04f1b2561672e9e874a0c1d7034
d3b7609bad01c8ef6b938a06970038cd34710a7964c2318bb94fbd1a62317101,1.1.2,6590a4bbb77802175afa4c406de831d596569cbf2e1f596de7df0910f43e8fd5,e51f21289a5f63ada7c1746ad6385412db3f6a4e7fc3ba4e33e43fbdb6e9bf14,241bade8665d15f1855e8ed5cb5a8f8bc3dbb5e66c87d76b45ab5d76f1caa9f7,dffe8acdbd3e011d12e5e45e08331fd300f3b67f,8b8b5771-d3ca-480c-9980-dac450e82c42,555afd4a27aaa392662881cffa8f2eef,2026_03_TEN_NYG,2026,3,2026-09-27T17:00:00Z,totals,OVER,2026-09-26T13:00:27.689180Z,2026-09-26T13:00:27.208512Z,2026-09-22T18:51:43.097248Z,bb86d96ac8c5a37027060695827d4ca64ef6cc1d2ef5b5808941c85556f173d5,5a5c72ce13aacf63e4656ba00c3f8bc65f3a088247c14704d59269b618578ff2,2026-09-26T13:00:05Z,38.5,103,-118,0.47646107444157887,1.0338952411081483,38.36666666666666,,INCOMPARABLE_POINTS,3,0.7385693986349826,0.1161508759454473,38.585785482597956,0.4909947931229129,0.4948708359688912,0.4948708359688912,0.0,0.5051291640311089,UNAVAILABLE_FOR_BETTING,DIAGNOSTIC_EARLY_SNAPSHOT,PASS,MODEL_LOCKED_UNTESTED_2026;UNCERTAINTY_UNAVAILABLE_FOR_BETTING;DIAGNOSTIC_EARLY_SNAPSHOT,local:v11-prospective-observer,2026-09-26T13:00:27.689180Z,2026-09-26T13:00:05Z,1.1.0,2e9cec6a689c850f74c7d6b16d0e3d4855888dc225d4f17a7a0fc9c0fcb85c96
85f1c7663ddd7f3d8ad784548f385dcff0d767ff4cb7b7f5a74ed6ec679778ec,1.1.2,6590a4bbb77802175afa4c406de831d596569cbf2e1f596de7df0910f43e8fd5,e51f21289a5f63ada7c1746ad6385412db3f6a4e7fc3ba4e33e43fbdb6e9bf14,241bade8665d15f1855e8ed5cb5a8f8bc3dbb5e66c87d76b45ab5d76f1caa9f7,dffe8acdbd3e011d12e5e45e08331fd300f3b67f,d2d710b1-c436-4180-8c43-56a6e84b5e0f,555afd4a27aaa392662881cffa8f2eef,2026_03_TEN_NYG,2026,3,2026-09-27T17:00:00Z,totals,OVER,2026-09-26T21:00:26.360329Z,2026-09-26T21:00:25.892304Z,2026-09-22T18:51:43.097248Z,bb86d96ac8c5a37027060695827d4ca64ef6cc1d2ef5b5808941c85556f173d5,5a5c72ce13aacf63e4656ba00c3f8bc65f3a088247c14704d59269b618578ff2,2026-09-26T20:59:57Z,38.5,103,-118,0.47646107444157887,1.0338952411081483,38.099999999999994,,INCOMPARABLE_POINTS,3,0.7385693986349826,0.1161508759454473,38.585785482597956,0.4909947931229129,0.4948708359688912,0.4948708359688912,0.0,0.5051291640311089,UNAVAILABLE_FOR_BETTING,DIAGNOSTIC_EARLY_SNAPSHOT,PASS,MODEL_LOCKED_UNTESTED_2026;UNCERTAINTY_UNAVAILABLE_FOR_BETTING;DIAGNOSTIC_EARLY_SNAPSHOT,local:v11-prospective-observer,2026-09-26T21:00:26.360329Z,2026-09-26T20:59:57Z,1.1.0,74cb9ec6234c89ce7abdc1cf23dcc44dd7c94c150bad93b8692a6ee50d285377
fb11102abce94208779bd34349bfbbafb7dd7f3ee22af67424f6367bd9ed79e5,challenger-0.2.0,5c8bf3ec348a261ab2c0ce94bd8cc315f754a8dc991c15c20d0d961d06997984,49fadb583b0dee0ba78c242826cb3e521cee0c4af2da837cfd5df18936598793,159ec87beb47e140832d992a80618f94b5cef5681c9d11c24e999ce1cad03b10,dffe8acdbd3e011d12e5e45e08331fd300f3b67f,d2d710b1-c436-4180-8c43-56a6e84b5e0f,555afd4a27aaa392662881cffa8f2eef,2026_03_TEN_NYG,2026,3,2026-09-27T17:00:00Z,totals,OVER,2026-09-26T21:00:29.199963Z,2026-09-26T21:00:25.892304Z,2026-09-22T18:51:43.097248Z,3ecdbfbaf3290a1d0f9b9aee517e61634d37a7bdde41367b8b77ffdf6363f311,81f8a01a258c38d6782c13b2c6fc78e9f2cde782baa7926c346edbcd368a5bf4,2026-09-26T20:59:57Z,38.5,103,-118,0.47646107444157887,1.0338952411081483,38.099999999999994,,INCOMPARABLE_POINTS,3,7.91683097230446,0.0,38.5,0.4942364359118773,0.47646107444157887,0.4735435351160847,0.006123352949479904,0.5203331119344354,MODELED_DEVELOPMENT_MARGIN_SHADOW_ONLY,SHADOW_ELIGIBLE,PASS,EXPERIMENTAL_SHADOW_NO_STAKES;SHADOW_ELIGIBLE,local:challenger+the-odds-api,2026-09-26T21:00:29.199963Z,2026-09-26T20:59:57Z,1.1.0,ce80ca2073fbfbf379927b2ac3ab15564771aa82db0db087702da0c99f1cd091
802ef6dacd0b072f6737402caf6985ffe9cad0ecfa336a193d542c7806033b73,challenger-0.2.0,5c8bf3ec348a261ab2c0ce94bd8cc315f754a8dc991c15c20d0d961d06997984,49fadb583b0dee0ba78c242826cb3e521cee0c4af2da837cfd5df18936598793,159ec87beb47e140832d992a80618f94b5cef5681c9d11c24e999ce1cad03b10,dffe8acdbd3e011d12e5e45e08331fd300f3b67f,214053eb-5084-4022-8817-4ddbbf933e60,555afd4a27aaa392662881cffa8f2eef,2026_03_TEN_NYG,2026,3,2026-09-27T17:00:00Z,totals,OVER,2026-09-27T03:01:00.857309Z,2026-09-27T03:00:57.384540Z,2026-09-22T18:51:43.097248Z,3ecdbfbaf3290a1d0f9b9aee517e61634d37a7bdde41367b8b77ffdf6363f311,81f8a01a258c38d6782c13b2c6fc78e9f2cde782baa7926c346edbcd368a5bf4,2026-09-27T03:00:51Z,38.5,103,-118,0.47646107444157887,1.0338952411081483,38.099999999999994,,INCOMPARABLE_POINTS,3,7.91683097230446,0.0,38.5,0.4942364359118773,0.47646107444157887,0.4735435351160847,0.006123352949479904,0.5203331119344354,MODELED_DEVELOPMENT_MARGIN_SHADOW_ONLY,SHADOW_ELIGIBLE,PASS,EXPERIMENTAL_SHADOW_NO_STAKES;SHADOW_ELIGIBLE,local:challenger+the-odds-api,2026-09-27T03:01:00.857309Z,2026-09-27T03:00:51Z,1.1.0,e851c631956721affa469c1a3bfdbd95950c9da6142806a818ff5dd1b20cd43a
eb84b05c05d92e58cf2c22640764a38b960d9b7037695198384cc851738d3747,1.1.2,6590a4bbb77802175afa4c406de831d596569cbf2e1f596de7df0910f43e8fd5,e51f21289a5f63ada7c1746ad6385412db3f6a4e7fc3ba4e33e43fbdb6e9bf14,241bade8665d15f1855e8ed5cb5a8f8bc3dbb5e66c87d76b45ab5d76f1caa9f7,dffe8acdbd3e011d12e5e45e08331fd300f3b67f,214053eb-5084-4022-8817-4ddbbf933e60,555afd4a27aaa392662881cffa8f2eef,2026_03_TEN_NYG,2026,3,2026-09-27T17:00:00Z,totals,OVER,2026-09-27T03:00:57.907341Z,2026-09-27T03:00:57.384540Z,2026-09-22T18:51:43.097248Z,bb86d96ac8c5a37027060695827d4ca64ef6cc1d2ef5b5808941c85556f173d5,5a5c72ce13aacf63e4656ba00c3f8bc65f3a088247c14704d59269b618578ff2,2026-09-27T03:00:51Z,38.5,103,-118,0.47646107444157887,1.0338952411081483,38.099999999999994,,INCOMPARABLE_POINTS,3,0.7385693986349826,0.1161508759454473,38.585785482597956,0.4909947931229129,0.4948708359688912,0.4948708359688912,0.0,0.5051291640311089,UNAVAILABLE_FOR_BETTING,DIAGNOSTIC_EARLY_SNAPSHOT,PASS,MODEL_LOCKED_UNTESTED_2026;UNCERTAINTY_UNAVAILABLE_FOR_BETTING;DIAGNOSTIC_EARLY_SNAPSHOT,local:v11-prospective-observer,2026-09-27T03:00:57.907341Z,2026-09-27T03:00:51Z,1.1.0,a0fad297929f80f6f576809d174ae4aa92aac722b217c6284cf4957a27870fc6
3db4376667d687b8527031d7483a9d0a59b20fbdc200d287d4b19a3782352415,challenger-0.2.0,5c8bf3ec348a261ab2c0ce94bd8cc315f754a8dc991c15c20d0d961d06997984,49fadb583b0dee0ba78c242826cb3e521cee0c4af2da837cfd5df18936598793,159ec87beb47e140832d992a80618f94b5cef5681c9d11c24e999ce1cad03b10,b143eda428696625817bd7042b4cf3a453477386,e1878b61-7760-4e06-9ca0-bec5e38d131c,555afd4a27aaa392662881cffa8f2eef,2026_03_TEN_NYG,2026,3,2026-09-27T17:00:00Z,totals,OVER,2026-09-27T12:45:25.295673Z,2026-09-27T12:45:22.019645Z,2026-09-22T18:51:43.097248Z,3ecdbfbaf3290a1d0f9b9aee517e61634d37a7bdde41367b8b77ffdf6363f311,81f8a01a258c38d6782c13b2c6fc78e9f2cde782baa7926c346edbcd368a5bf4,2026-09-27T12:45:16Z,38.5,103,-116,0.47842650837246387,1.0296478744754607,38.099999999999994,,INCOMPARABLE_POINTS,3,7.91683097230446,0.0,38.5,0.4942364359118773,0.47842650837246387,0.475496934001312,0.006123352949479904,0.518379713049208,MODELED_DEVELOPMENT_MARGIN_SHADOW_ONLY,SHADOW_ELIGIBLE,PASS,EXPERIMENTAL_SHADOW_NO_STAKES;SHADOW_ELIGIBLE,local:challenger+the-odds-api,2026-09-27T12:45:25.295673Z,2026-09-27T12:45:16Z,1.1.0,b3dc658c2278ea5d8a2d01b0596f9b142527280dc85a79cc5f8f686e54eff3b0
b4ae6b35303b575be7bdb293ef3ffbd63d1dc867dba76f1b1ee84f9df5c2f1e3,1.1.2,6590a4bbb77802175afa4c406de831d596569cbf2e1f596de7df0910f43e8fd5,e51f21289a5f63ada7c1746ad6385412db3f6a4e7fc3ba4e33e43fbdb6e9bf14,241bade8665d15f1855e8ed5cb5a8f8bc3dbb5e66c87d76b45ab5d76f1caa9f7,b143eda428696625817bd7042b4cf3a453477386,e1878b61-7760-4e06-9ca0-bec5e38d131c,555afd4a27aaa392662881cffa8f2eef,2026_03_TEN_NYG,2026,3,2026-09-27T17:00:00Z,totals,OVER,2026-09-27T12:45:22.508290Z,2026-09-27T12:45:22.019645Z,2026-09-22T18:51:43.097248Z,bb86d96ac8c5a37027060695827d4ca64ef6cc1d2ef5b5808941c85556f173d5,5a5c72ce13aacf63e4656ba00c3f8bc65f3a088247c14704d59269b618578ff2,2026-09-27T12:45:16Z,38.5,103,-116,0.47842650837246387,1.0296478744754607,38.099999999999994,,INCOMPARABLE_POINTS,3,0.7385693986349826,0.1161508759454473,38.585785482597956,0.4909947931229129,0.4948708359688912,0.4948708359688912,0.0,0.5051291640311089,UNAVAILABLE_FOR_BETTING,DIAGNOSTIC_EARLY_SNAPSHOT,PASS,MODEL_LOCKED_UNTESTED_2026;UNCERTAINTY_UNAVAILABLE_FOR_BETTING;DIAGNOSTIC_EARLY_SNAPSHOT,local:v11-prospective-observer,2026-09-27T12:45:22.508290Z,2026-09-27T12:45:16Z,1.1.0,231f0a2b3b84427273c0054c57f3bf81cb2e77cef0d7e626edd96cc348f2db6d
3d35050c15134dcee860521477aa5f818ba545d581bd8f31bbe6a823aeb42e06,challenger-0.2.0,5c8bf3ec348a261ab2c0ce94bd8cc315f754a8dc991c15c20d0d961d06997984,49fadb583b0dee0ba78c242826cb3e521cee0c4af2da837cfd5df18936598793,159ec87beb47e140832d992a80618f94b5cef5681c9d11c24e999ce1cad03b10,c8df716c912e3f6e3b11d508f2988b51a9d4b5a7,d4b87e91-991a-4aa9-bfef-bc8de675e276,9d2b09e0f9b6dd5ce0d985894f4f98fa,2026_03_ARI_SF,2026,3,2026-09-27T20:05:00Z,spreads,HOME,2026-09-23T13:00:24.484171Z,2026-09-23T13:00:21.551276Z,2026-09-22T18:51:43.097248Z,3ecdbfbaf3290a1d0f9b9aee517e61634d37a7bdde41367b8b77ffdf6363f311,a3481207cd069c63dcb4a0f19546abd2a1f65170673fb9f9e67376c2de870eab,2026-09-23T13:00:20Z,8.5,-106,-106,0.5,1.029126213592233,8.5,0.4982627807999706,VALID,3,-0.17076121557642665,0.0,8.5,0.4141422372169064,0.5,0.4987142995483188,0.002571400903362362,0.4987142995483188,MODELED_DEVELOPMENT_MARGIN_SHADOW_ONLY,SHADOW_ELIGIBLE,PASS,EXPERIMENTAL_SHADOW_NO_STAKES;SHADOW_ELIGIBLE,local:challenger+the-odds-api,2026-09-23T13:00:24.484171Z,2026-09-23T13:00:20Z,1.1.0,cf6445062d4472a4ff52e3ac9fcf6f3135d7957df06f301bd96bbd1435e0ef5c
ba1df9e1a8737a2c7f8336d5998d99b5ad6669765aa1c39436de81ce268e562d,1.1.2,6590a4bbb77802175afa4c406de831d596569cbf2e1f596de7df0910f43e8fd5,e51f21289a5f63ada7c1746ad6385412db3f6a4e7fc3ba4e33e43fbdb6e9bf14,241bade8665d15f1855e8ed5cb5a8f8bc3dbb5e66c87d76b45ab5d76f1caa9f7,c8df716c912e3f6e3b11d508f2988b51a9d4b5a7,d4b87e91-991a-4aa9-bfef-bc8de675e276,9d2b09e0f9b6dd5ce0d985894f4f98fa,2026_03_ARI_SF,2026,3,2026-09-27T20:05:00Z,spreads,HOME,2026-09-23T13:00:21.951453Z,2026-09-23T13:00:21.551276Z,2026-09-22T18:51:43.097248Z,bb86d96ac8c5a37027060695827d4ca64ef6cc1d2ef5b5808941c85556f173d5,70ef2cb424e2979617ffb160537b32f5103cffec0f0b849d866097e1f2d4acd0,2026-09-23T13:00:20Z,8.5,-106,-106,0.5,1.029126213592233,8.5,0.4982627807999706,VALID,3,0.27561622194040075,0.0,8.5,0.4132336553140684,0.4773248232889265,0.4763504232365733,0.0020413772860989666,0.5216081994773278,UNAVAILABLE_FOR_BETTING,DIAGNOSTIC_EARLY_SNAPSHOT,PASS,MODEL_LOCKED_UNTESTED_2026;UNCERTAINTY_UNAVAILABLE_FOR_BETTING;DIAGNOSTIC_EARLY_SNAPSHOT,local:v11-prospective-observer,2026-09-23T13:00:21.951453Z,2026-09-23T13:00:20Z,1.1.0,fd6cbecfdf4f1ef6c8ba99c776e477f79334efcc9e965f9db8922746420319c8
815d4b7e8460baa1675aab50455f576f546f98c2aaec325a99ad2c7e0e1e28c1,1.1.2,6590a4bbb77802175afa4c406de831d596569cbf2e1f596de7df0910f43e8fd5,e51f21289a5f63ada7c1746ad6385412db3f6a4e7fc3ba4e33e43fbdb6e9bf14,241bade8665d15f1855e8ed5cb5a8f8bc3dbb5e66c87d76b45ab5d76f1caa9f7,dffe8acdbd3e011d12e5e45e08331fd300f3b67f,d842d1fe-0de3-48ea-8341-bb9cfc6a6383,9d2b09e0f9b6dd5ce0d985894f4f98fa,2026_03_ARI_SF,2026,3,2026-09-27T20:05:00Z,spreads,HOME,2026-09-24T16:00:22.882475Z,2026-09-24T16:00:22.454081Z,2026-09-22T18:51:43.097248Z,bb86d96ac8c5a37027060695827d4ca64ef6cc1d2ef5b5808941c85556f173d5,70ef2cb424e2979617ffb160537b32f5103cffec0f0b849d866097e1f2d4acd0,2026-09-24T16:00:17Z,8.5,-104,-108,0.49541956760718214,1.0290346907993966,8.5,0.4978263504713104,VALID,3,0.27561622194040075,0.0,8.5,0.4132336553140684,0.4773248232889265,0.4763504232365733,0.0020413772860989666,0.5216081994773278,UNAVAILABLE_FOR_BETTING,DIAGNOSTIC_EARLY_SNAPSHOT,PASS,MODEL_LOCKED_UNTESTED_2026;UNCERTAINTY_UNAVAILABLE_FOR_BETTING;DIAGNOSTIC_EARLY_SNAPSHOT,local:v11-prospective-observer,2026-09-24T16:00:22.882475Z,2026-09-24T16:00:17Z,1.1.0,40f96a5b5324aadb0636e7ec1e7d9ae3a246f1bde92a3542050d0d2809588972
85244002189a336042a0b0b4535ffeb7bb1a382a5bd19602256152a7d1913558,challenger-0.2.0,5c8bf3ec348a261ab2c0ce94bd8cc315f754a8dc991c15c20d0d961d06997984,49fadb583b0dee0ba78c242826cb3e521cee0c4af2da837cfd5df18936598793,159ec87beb47e140832d992a80618f94b5cef5681c9d11c24e999ce1cad03b10,dffe8acdbd3e011d12e5e45e08331fd300f3b67f,d842d1fe-0de3-48ea-8341-bb9cfc6a6383,9d2b09e0f9b6dd5ce0d985894f4f98fa,2026_03_ARI_SF,2026,3,2026-09-27T20:05:00Z,spreads,HOME,2026-09-24T16:00:25.607332Z,2026-09-24T16:00:22.454081Z,2026-09-22T18:51:43.097248Z,3ecdbfbaf3290a1d0f9b9aee517e61634d37a7bdde41367b8b77ffdf6363f311,a3481207cd069c63dcb4a0f19546abd2a1f65170673fb9f9e67376c2de870eab,2026-09-24T16:00:17Z,8.5,-104,-108,0.49541956760718214,1.0290346907993966,8.5,0.4978263504713104,VALID,3,-0.17076121557642665,0.0,8.5,0.4141422372169064,0.49541956760718214,0.49414564528349364,0.002571400903362362,0.5032829538131439,MODELED_DEVELOPMENT_MARGIN_SHADOW_ONLY,SHADOW_ELIGIBLE,PASS,EXPERIMENTAL_SHADOW_NO_STAKES;SHADOW_ELIGIBLE,local:challenger+the-odds-api,2026-09-24T16:00:25.607332Z,2026-09-24T16:00:17Z,1.1.0,7d7359e0ef7845501aca011b64bca8417646d752ea09cd1f94e52b777ac47d14
6ac3699110a9f2b2c5603b9b24c9cd7a6c40e7653803c076ec96022cf26ff093,challenger-0.2.0,5c8bf3ec348a261ab2c0ce94bd8cc315f754a8dc991c15c20d0d961d06997984,49fadb583b0dee0ba78c242826cb3e521cee0c4af2da837cfd5df18936598793,159ec87beb47e140832d992a80618f94b5cef5681c9d11c24e999ce1cad03b10,dffe8acdbd3e011d12e5e45e08331fd300f3b67f,b7f8819c-86a9-428f-bb46-debf3999015c,9d2b09e0f9b6dd5ce0d985894f4f98fa,2026_03_ARI_SF,2026,3,2026-09-27T20:05:00Z,spreads,HOME,2026-09-25T21:00:31.801654Z,2026-09-25T21:00:28.639096Z,2026-09-22T18:51:43.097248Z,3ecdbfbaf3290a1d0f9b9aee517e61634d37a7bdde41367b8b77ffdf6363f311,a3481207cd069c63dcb4a0f19546abd2a1f65170673fb9f9e67376c2de870eab,2026-09-25T20:59:58Z,8.5,101,-114,0.4829173624588166,1.0302227181847772,8.433333333333334,,INCOMPARABLE_POINTS,3,-0.17076121557642665,0.0,8.5,0.4141422372169064,0.4829173624588166,0.4816755883167406,0.002571400903362362,0.515753010779897,MODELED_DEVELOPMENT_MARGIN_SHADOW_ONLY,SHADOW_ELIGIBLE,PASS,EXPERIMENTAL_SHADOW_NO_STAKES;SHADOW_ELIGIBLE,local:challenger+the-odds-api,2026-09-25T21:00:31.801654Z,2026-09-25T20:59:58Z,1.1.0,7a6532d180747d1d0123fc374303e70e8ce9ad0a43a663c7f2bfbfa5be64b243
b178cf6fc2f97fe00b42f56a4a59098cc86367c2cb133de60fd2d268daa1ecb1,1.1.2,6590a4bbb77802175afa4c406de831d596569cbf2e1f596de7df0910f43e8fd5,e51f21289a5f63ada7c1746ad6385412db3f6a4e7fc3ba4e33e43fbdb6e9bf14,241bade8665d15f1855e8ed5cb5a8f8bc3dbb5e66c87d76b45ab5d76f1caa9f7,dffe8acdbd3e011d12e5e45e08331fd300f3b67f,b7f8819c-86a9-428f-bb46-debf3999015c,9d2b09e0f9b6dd5ce0d985894f4f98fa,2026_03_ARI_SF,2026,3,2026-09-27T20:05:00Z,spreads,HOME,2026-09-25T21:00:29.089372Z,2026-09-25T21:00:28.639096Z,2026-09-22T18:51:43.097248Z,bb86d96ac8c5a37027060695827d4ca64ef6cc1d2ef5b5808941c85556f173d5,70ef2cb424e2979617ffb160537b32f5103cffec0f0b849d866097e1f2d4acd0,2026-09-25T20:59:58Z,8.5,101,-114,0.4829173624588166,1.0302227181847772,8.433333333333334,,INCOMPARABLE_POINTS,3,0.27561622194040075,0.0,8.5,0.4132336553140684,0.4773248232889265,0.4763504232365733,0.0020413772860989666,0.5216081994773278,UNAVAILABLE_FOR_BETTING,DIAGNOSTIC_EARLY_SNAPSHOT,PASS,MODEL_LOCKED_UNTESTED_2026;UNCERTAINTY_UNAVAILABLE_FOR_BETTING;DIAGNOSTIC_EARLY_SNAPSHOT,local:v11-prospective-observer,2026-09-25T21:00:29.089372Z,2026-09-25T20:59:58Z,1.1.0,30f392ac33cf449822e5249bae3bb905040e059c9c5a8f8c1a436ad10db9c88d
23367b0a9b7170f6e4d519e139da4b03cd1edcfc1d101754c85c95a372204ae9,challenger-0.2.0,5c8bf3ec348a261ab2c0ce94bd8cc315f754a8dc991c15c20d0d961d06997984,49fadb583b0dee0ba78c242826cb3e521cee0c4af2da837cfd5df18936598793,159ec87beb47e140832d992a80618f94b5cef5681c9d11c24e999ce1cad03b10,dffe8acdbd3e011d12e5e45e08331fd300f3b67f,8b8b5771-d3ca-480c-9980-dac450e82c42,9d2b09e0f9b6dd5ce0d985894f4f98fa,2026_03_ARI_SF,2026,3,2026-09-27T20:05:00Z,spreads,HOME,2026-09-26T13:00:30.675609Z,2026-09-26T13:00:27.208512Z,2026-09-22T18:51:43.097248Z,3ecdbfbaf3290a1d0f9b9aee517e61634d37a7bdde41367b8b77ffdf6363f311,a3481207cd069c63dcb4a0f19546abd2a1f65170673fb9f9e67376c2de870eab,2026-09-26T13:00:05Z,8.5,101,-114,0.4829173624588166,1.0302227181847772,8.5,0.48859581638996497,VALID,3,-0.17076121557642665,0.0,8.5,0.4141422372169064,0.4829173624588166,0.4816755883167406,0.002571400903362362,0.515753010779897,MODELED_DEVELOPMENT_MARGIN_SHADOW_ONLY,SHADOW_ELIGIBLE,PASS,EXPERIMENTAL_SHADOW_NO_STAKES;SHADOW_ELIGIBLE,local:challenger+the-odds-api,2026-09-26T13:00:30.675609Z,2026-09-26T13:00:05Z,1.1.0,594be0bf9edc69df6ed77c162c1d8a4162da181cce2a6bf828170596fe55eace
c2dad5c2369646bbadb7f632c7fee60bcf3f749eb59f8d16fed95d34e39184b3,1.1.2,6590a4bbb77802175afa4c406de831d596569cbf2e1f596de7df0910f43e8fd5,e51f21289a5f63ada7c1746ad6385412db3f6a4e7fc3ba4e33e43fbdb6e9bf14,241bade8665d15f1855e8ed5cb5a8f8bc3dbb5e66c87d76b45ab5d76f1caa9f7,dffe8acdbd3e011d12e5e45e08331fd300f3b67f,8b8b5771-d3ca-480c-9980-dac450e82c42,9d2b09e0f9b6dd5ce0d985894f4f98fa,2026_03_ARI_SF,2026,3,2026-09-27T20:05:00Z,spreads,HOME,2026-09-26T13:00:27.689180Z,2026-09-26T13:00:27.208512Z,2026-09-22T18:51:43.097248Z,bb86d96ac8c5a37027060695827d4ca64ef6cc1d2ef5b5808941c85556f173d5,70ef2cb424e2979617ffb160537b32f5103cffec0f0b849d866097e1f2d4acd0,2026-09-26T13:00:05Z,8.5,101,-114,0.4829173624588166,1.0302227181847772,8.5,0.48859581638996497,VALID,3,0.27561622194040075,0.0,8.5,0.4132336553140684,0.4773248232889265,0.4763504232365733,0.0020413772860989666,0.5216081994773278,UNAVAILABLE_FOR_BETTING,DIAGNOSTIC_EARLY_SNAPSHOT,PASS,MODEL_LOCKED_UNTESTED_2026;UNCERTAINTY_UNAVAILABLE_FOR_BETTING;DIAGNOSTIC_EARLY_SNAPSHOT,local:v11-prospective-observer,2026-09-26T13:00:27.689180Z,2026-09-26T13:00:05Z,1.1.0,4df69cc12ac41d71243d9755ea97d7fe189530429d7cabad90fef2327bf334fc
77f9bf5d92f6abdfde230c9d269835ac9f689084ed59dc5085652c2ae1fd08c7,1.1.2,6590a4bbb77802175afa4c406de831d596569cbf2e1f596de7df0910f43e8fd5,e51f21289a5f63ada7c1746ad6385412db3f6a4e7fc3ba4e33e43fbdb6e9bf14,241bade8665d15f1855e8ed5cb5a8f8bc3dbb5e66c87d76b45ab5d76f1caa9f7,dffe8acdbd3e011d12e5e45e08331fd300f3b67f,d2d710b1-c436-4180-8c43-56a6e84b5e0f,9d2b09e0f9b6dd5ce0d985894f4f98fa,2026_03_ARI_SF,2026,3,2026-09-27T20:05:00Z,spreads,HOME,2026-09-26T21:00:26.360329Z,2026-09-26T21:00:25.892304Z,2026-09-22T18:51:43.097248Z,bb86d96ac8c5a37027060695827d4ca64ef6cc1d2ef5b5808941c85556f173d5,70ef2cb424e2979617ffb160537b32f5103cffec0f0b849d866097e1f2d4acd0,2026-09-26T20:59:57Z,8.5,101,-114,0.4829173624588166,1.0302227181847772,8.433333333333334,,INCOMPARABLE_POINTS,3,0.27561622194040075,0.0,8.5,0.4132336553140684,0.4773248232889265,0.4763504232365733,0.0020413772860989666,0.5216081994773278,UNAVAILABLE_FOR_BETTING,DIAGNOSTIC_EARLY_SNAPSHOT,PASS,MODEL_LOCKED_UNTESTED_2026;UNCERTAINTY_UNAVAILABLE_FOR_BETTING;DIAGNOSTIC_EARLY_SNAPSHOT,local:v11-prospective-observer,2026-09-26T21:00:26.360329Z,2026-09-26T20:59:57Z,1.1.0,d49f269dfb40061b2826401fd6b2be529d9e812f12796ebc232dab181b8eb34a
8a235d8ba2c6aa5c86d69f80c7c0b07d6ff2b681dfeadfdb7ee79ad390ad0b61,challenger-0.2.0,5c8bf3ec348a261ab2c0ce94bd8cc315f754a8dc991c15c20d0d961d06997984,49fadb583b0dee0ba78c242826cb3e521cee0c4af2da837cfd5df18936598793,159ec87beb47e140832d992a80618f94b5cef5681c9d11c24e999ce1cad03b10,dffe8acdbd3e011d12e5e45e08331fd300f3b67f,d2d710b1-c436-4180-8c43-56a6e84b5e0f,9d2b09e0f9b6dd5ce0d985894f4f98fa,2026_03_ARI_SF,2026,3,2026-09-27T20:05:00Z,spreads,HOME,2026-09-26T21:00:29.199963Z,2026-09-26T21:00:25.892304Z,2026-09-22T18:51:43.097248Z,3ecdbfbaf3290a1d0f9b9aee517e61634d37a7bdde41367b8b77ffdf6363f311,a3481207cd069c63dcb4a0f19546abd2a1f65170673fb9f9e67376c2de870eab,2026-09-26T20:59:57Z,8.5,101,-114,0.4829173624588166,1.0302227181847772,8.433333333333334,,INCOMPARABLE_POINTS,3,-0.17076121557642665,0.0,8.5,0.4141422372169064,0.4829173624588166,0.4816755883167406,0.002571400903362362,0.515753010779897,MODELED_DEVELOPMENT_MARGIN_SHADOW_ONLY,SHADOW_ELIGIBLE,PASS,EXPERIMENTAL_SHADOW_NO_STAKES;SHADOW_ELIGIBLE,local:challenger+the-odds-api,2026-09-26T21:00:29.199963Z,2026-09-26T20:59:57Z,1.1.0,48c6f2fc50f89cb903bcaf47fc6160e847276e3b511feaa39b5afa94578af818
1ed4c80ba8a8a00c7a58f3e1a03945503f1a58e5311c7db1f7cca986e3c07e9e,challenger-0.2.0,5c8bf3ec348a261ab2c0ce94bd8cc315f754a8dc991c15c20d0d961d06997984,49fadb583b0dee0ba78c242826cb3e521cee0c4af2da837cfd5df18936598793,159ec87beb47e140832d992a80618f94b5cef5681c9d11c24e999ce1cad03b10,dffe8acdbd3e011d12e5e45e08331fd300f3b67f,214053eb-5084-4022-8817-4ddbbf933e60,9d2b09e0f9b6dd5ce0d985894f4f98fa,2026_03_ARI_SF,2026,3,2026-09-27T20:05:00Z,spreads,HOME,2026-09-27T03:01:00.857309Z,2026-09-27T03:00:57.384540Z,2026-09-22T18:51:43.097248Z,3ecdbfbaf3290a1d0f9b9aee517e61634d37a7bdde41367b8b77ffdf6363f311,a3481207cd069c63dcb4a0f19546abd2a1f65170673fb9f9e67376c2de870eab,2026-09-27T03:00:51Z,8.5,111,-125,0.4603580562659846,1.0294892048446551,8.1,,INCOMPARABLE_POINTS,3,-0.17076121557642665,0.0,8.5,0.4141422372169064,0.4603580562659846,0.4591742911442321,0.002571400903362362,0.5382543079524056,MODELED_DEVELOPMENT_MARGIN_SHADOW_ONLY,SHADOW_ELIGIBLE,PASS,EXPERIMENTAL_SHADOW_NO_STAKES;SHADOW_ELIGIBLE,local:challenger+the-odds-api,2026-09-27T03:01:00.857309Z,2026-09-27T03:00:51Z,1.1.0,659ae7860f69d940c91d9a4802f3756d9d6b860eafd9edc101b10ba2248737ae
57b217a3cb32d6bf43a17d91916086dc7566f86819c336d2fac0cc139eb3fdbd,1.1.2,6590a4bbb77802175afa4c406de831d596569cbf2e1f596de7df0910f43e8fd5,e51f21289a5f63ada7c1746ad6385412db3f6a4e7fc3ba4e33e43fbdb6e9bf14,241bade8665d15f1855e8ed5cb5a8f8bc3dbb5e66c87d76b45ab5d76f1caa9f7,dffe8acdbd3e011d12e5e45e08331fd300f3b67f,214053eb-5084-4022-8817-4ddbbf933e60,9d2b09e0f9b6dd5ce0d985894f4f98fa,2026_03_ARI_SF,2026,3,2026-09-27T20:05:00Z,spreads,HOME,2026-09-27T03:00:57.907341Z,2026-09-27T03:00:57.384540Z,2026-09-22T18:51:43.097248Z,bb86d96ac8c5a37027060695827d4ca64ef6cc1d2ef5b5808941c85556f173d5,70ef2cb424e2979617ffb160537b32f5103cffec0f0b849d866097e1f2d4acd0,2026-09-27T03:00:51Z,8.5,111,-125,0.4603580562659846,1.0294892048446551,8.1,,INCOMPARABLE_POINTS,3,0.27561622194040075,0.0,8.5,0.4132336553140684,0.4773248232889265,0.4763504232365733,0.0020413772860989666,0.5216081994773278,UNAVAILABLE_FOR_BETTING,DIAGNOSTIC_EARLY_SNAPSHOT,PASS,MODEL_LOCKED_UNTESTED_2026;UNCERTAINTY_UNAVAILABLE_FOR_BETTING;DIAGNOSTIC_EARLY_SNAPSHOT,local:v11-prospective-observer,2026-09-27T03:00:57.907341Z,2026-09-27T03:00:51Z,1.1.0,86141bf67d3127df17b2c27a4a12c0b328b728478ac2c844c099b94c73e86b71
54c8506a897d600f8bd8eea8806e4e6665f203f47fe4ad43183b265c3d16096d,challenger-0.2.0,5c8bf3ec348a261ab2c0ce94bd8cc315f754a8dc991c15c20d0d961d06997984,49fadb583b0dee0ba78c242826cb3e521cee0c4af2da837cfd5df18936598793,159ec87beb47e140832d992a80618f94b5cef5681c9d11c24e999ce1cad03b10,b143eda428696625817bd7042b4cf3a453477386,e1878b61-7760-4e06-9ca0-bec5e38d131c,9d2b09e0f9b6dd5ce0d985894f4f98fa,2026_03_ARI_SF,2026,3,2026-09-27T20:05:00Z,spreads,HOME,2026-09-27T12:45:25.295673Z,2026-09-27T12:45:22.019645Z,2026-09-22T18:51:43.097248Z,3ecdbfbaf3290a1d0f9b9aee517e61634d37a7bdde41367b8b77ffdf6363f311,a3481207cd069c63dcb4a0f19546abd2a1f65170673fb9f9e67376c2de870eab,2026-09-27T12:45:16Z,7.5,-102,-108,0.4930284439486894,1.0241812642802741,7.5,0.4949471114513682,VALID,3,0.8292387844235733,0.0,7.5,0.4141422372169064,0.4930284439486894,0.4917606701625364,0.002571400903362362,0.5056679289341013,MODELED_DEVELOPMENT_MARGIN_SHADOW_ONLY,SHADOW_ELIGIBLE,PASS,EXPERIMENTAL_SHADOW_NO_STAKES;SHADOW_ELIGIBLE,local:challenger+the-odds-api,2026-09-27T12:45:25.295673Z,2026-09-27T12:45:16Z,1.1.0,12311040394a1849d2341a6e205c51fb18f498543b59fa1b53caade638084122
60f92630a06b7f237be1cd163713f606d5c45b1cd151380060a7e993a9741abf,1.1.2,6590a4bbb77802175afa4c406de831d596569cbf2e1f596de7df0910f43e8fd5,e51f21289a5f63ada7c1746ad6385412db3f6a4e7fc3ba4e33e43fbdb6e9bf14,241bade8665d15f1855e8ed5cb5a8f8bc3dbb5e66c87d76b45ab5d76f1caa9f7,b143eda428696625817bd7042b4cf3a453477386,e1878b61-7760-4e06-9ca0-bec5e38d131c,9d2b09e0f9b6dd5ce0d985894f4f98fa,2026_03_ARI_SF,2026,3,2026-09-27T20:05:00Z,spreads,HOME,2026-09-27T12:45:22.508290Z,2026-09-27T12:45:22.019645Z,2026-09-22T18:51:43.097248Z,bb86d96ac8c5a37027060695827d4ca64ef6cc1d2ef5b5808941c85556f173d5,70ef2cb424e2979617ffb160537b32f5103cffec0f0b849d866097e1f2d4acd0,2026-09-27T12:45:16Z,7.5,-102,-108,0.4930284439486894,1.0241812642802741,7.5,0.4949471114513682,VALID,3,0.27561622194040075,0.0,7.5,0.4132336553140684,0.4773248232889265,0.4763504232365733,0.0020413772860989666,0.5216081994773278,UNAVAILABLE_FOR_BETTING,DIAGNOSTIC_EARLY_SNAPSHOT,PASS,MODEL_LOCKED_UNTESTED_2026;UNCERTAINTY_UNAVAILABLE_FOR_BETTING;DIAGNOSTIC_EARLY_SNAPSHOT,local:v11-prospective-observer,2026-09-27T12:45:22.508290Z,2026-09-27T12:45:16Z,1.1.0,210e489b69d76908a098160f2773416feb1d8afeca24fe9e73f54ca4975c2386
54e9da833ac187af3333f27cec7d599e15bb19f807d664f57107ec4d534e05ff,challenger-0.2.0,5c8bf3ec348a261ab2c0ce94bd8cc315f754a8dc991c15c20d0d961d06997984,49fadb583b0dee0ba78c242826cb3e521cee0c4af2da837cfd5df18936598793,159ec87beb47e140832d992a80618f94b5cef5681c9d11c24e999ce1cad03b10,c8df716c912e3f6e3b11d508f2988b51a9d4b5a7,d4b87e91-991a-4aa9-bfef-bc8de675e276,9d2b09e0f9b6dd5ce0d985894f4f98fa,2026_03_ARI_SF,2026,3,2026-09-27T20:05:00Z,totals,OVER,2026-09-23T13:00:24.484171Z,2026-09-23T13:00:21.551276Z,2026-09-22T18:51:43.097248Z,3ecdbfbaf3290a1d0f9b9aee517e61634d37a7bdde41367b8b77ffdf6363f311,a3481207cd069c63dcb4a0f19546abd2a1f65170673fb9f9e67376c2de870eab,2026-09-23T13:00:20Z,47.5,-114,100,0.5158371040723981,1.0327102803738317,47.56666666666666,,INCOMPARABLE_POINTS,3,-0.27319770733489435,0.0,47.5,0.4939350888735808,0.5158371040723981,0.5115652648906612,0.008281372448805752,0.480153362660533,MODELED_DEVELOPMENT_MARGIN_SHADOW_ONLY,SHADOW_ELIGIBLE,PASS,EXPERIMENTAL_SHADOW_NO_STAKES;SHADOW_ELIGIBLE,local:challenger+the-odds-api,2026-09-23T13:00:24.484171Z,2026-09-23T13:00:20Z,1.1.0,030006b00ee8e1d5a7914d58d241b93796ece0c5bffe05102e713a5fb590b9f0
afcbc8f6760f36a3e4c1d95fc6aa2cfaa80e9c58e0a12ec3989d052590df6a4c,1.1.2,6590a4bbb77802175afa4c406de831d596569cbf2e1f596de7df0910f43e8fd5,e51f21289a5f63ada7c1746ad6385412db3f6a4e7fc3ba4e33e43fbdb6e9bf14,241bade8665d15f1855e8ed5cb5a8f8bc3dbb5e66c87d76b45ab5d76f1caa9f7,c8df716c912e3f6e3b11d508f2988b51a9d4b5a7,d4b87e91-991a-4aa9-bfef-bc8de675e276,9d2b09e0f9b6dd5ce0d985894f4f98fa,2026_03_ARI_SF,2026,3,2026-09-27T20:05:00Z,totals,OVER,2026-09-23T13:00:21.951453Z,2026-09-23T13:00:21.551276Z,2026-09-22T18:51:43.097248Z,bb86d96ac8c5a37027060695827d4ca64ef6cc1d2ef5b5808941c85556f173d5,70ef2cb424e2979617ffb160537b32f5103cffec0f0b849d866097e1f2d4acd0,2026-09-23T13:00:20Z,47.5,-114,100,0.5158371040723981,1.0327102803738317,47.56666666666666,,INCOMPARABLE_POINTS,3,0.7323408428136413,0.1161508759454473,47.58506203038343,0.4923952144738917,0.4976326480647574,0.4976326480647574,0.0,0.5023673519352426,UNAVAILABLE_FOR_BETTING,DIAGNOSTIC_EARLY_SNAPSHOT,PASS,MODEL_LOCKED_UNTESTED_2026;UNCERTAINTY_UNAVAILABLE_FOR_BETTING;DIAGNOSTIC_EARLY_SNAPSHOT,local:v11-prospective-observer,2026-09-23T13:00:21.951453Z,2026-09-23T13:00:20Z,1.1.0,7b3bbd4ff22a72ecb28d23e6de2055dbb1614d4d2914150f6a91e1b698191158
511894a2c8ffa15271dd916ae00a7d8bcdb4295c685c7db00aaceaa0c4fc68dc,1.1.2,6590a4bbb77802175afa4c406de831d596569cbf2e1f596de7df0910f43e8fd5,e51f21289a5f63ada7c1746ad6385412db3f6a4e7fc3ba4e33e43fbdb6e9bf14,241bade8665d15f1855e8ed5cb5a8f8bc3dbb5e66c87d76b45ab5d76f1caa9f7,dffe8acdbd3e011d12e5e45e08331fd300f3b67f,d842d1fe-0de3-48ea-8341-bb9cfc6a6383,9d2b09e0f9b6dd5ce0d985894f4f98fa,2026_03_ARI_SF,2026,3,2026-09-27T20:05:00Z,totals,OVER,2026-09-24T16:00:22.882475Z,2026-09-24T16:00:22.454081Z,2026-09-22T18:51:43.097248Z,bb86d96ac8c5a37027060695827d4ca64ef6cc1d2ef5b5808941c85556f173d5,70ef2cb424e2979617ffb160537b32f5103cffec0f0b849d866097e1f2d4acd0,2026-09-24T16:00:17Z,47.5,-115,101,0.5180992939594308,1.0323961587411778,47.5,0.5150982336906686,VALID,3,0.7323408428136413,0.1161508759454473,47.58506203038343,0.4923952144738917,0.4976326480647574,0.4976326480647574,0.0,0.5023673519352426,UNAVAILABLE_FOR_BETTING,DIAGNOSTIC_EARLY_SNAPSHOT,PASS,MODEL_LOCKED_UNTESTED_2026;UNCERTAINTY_UNAVAILABLE_FOR_BETTING;DIAGNOSTIC_EARLY_SNAPSHOT,local:v11-prospective-observer,2026-09-24T16:00:22.882475Z,2026-09-24T16:00:17Z,1.1.0,d2065c25b5bbb9e8239a3761d5d44145d6540c2e6c259158fc25129daeb338cf
964628c623c52c0f320a0e25c7fffa62261c748e6e3983229f1e6461284b2049,challenger-0.2.0,5c8bf3ec348a261ab2c0ce94bd8cc315f754a8dc991c15c20d0d961d06997984,49fadb583b0dee0ba78c242826cb3e521cee0c4af2da837cfd5df18936598793,159ec87beb47e140832d992a80618f94b5cef5681c9d11c24e999ce1cad03b10,dffe8acdbd3e011d12e5e45e08331fd300f3b67f,d842d1fe-0de3-48ea-8341-bb9cfc6a6383,9d2b09e0f9b6dd5ce0d985894f4f98fa,2026_03_ARI_SF,2026,3,2026-09-27T20:05:00Z,totals,OVER,2026-09-24T16:00:25.607332Z,2026-09-24T16:00:22.454081Z,2026-09-22T18:51:43.097248Z,3ecdbfbaf3290a1d0f9b9aee517e61634d37a7bdde41367b8b77ffdf6363f311,a3481207cd069c63dcb4a0f19546abd2a1f65170673fb9f9e67376c2de870eab,2026-09-24T16:00:17Z,47.5,-115,101,0.5180992939594308,1.0323961587411778,47.5,0.5150982336906686,VALID,3,-0.27319770733489435,0.0,47.5,0.4939350888735808,0.5180992939594308,0.5138087207406894,0.008281372448805752,0.4779099068105048,MODELED_DEVELOPMENT_MARGIN_SHADOW_ONLY,SHADOW_ELIGIBLE,PASS,EXPERIMENTAL_SHADOW_NO_STAKES;SHADOW_ELIGIBLE,local:challenger+the-odds-api,2026-09-24T16:00:25.607332Z,2026-09-24T16:00:17Z,1.1.0,331375e94f0cc5a3c5f09aa9d0e96ab142448b352bf1f25fe46af627ebe34124
03b97f82f7613ad138e5fbd3ac79a533267ece862f8f3dd0485ac82e5494cc03,challenger-0.2.0,5c8bf3ec348a261ab2c0ce94bd8cc315f754a8dc991c15c20d0d961d06997984,49fadb583b0dee0ba78c242826cb3e521cee0c4af2da837cfd5df18936598793,159ec87beb47e140832d992a80618f94b5cef5681c9d11c24e999ce1cad03b10,dffe8acdbd3e011d12e5e45e08331fd300f3b67f,b7f8819c-86a9-428f-bb46-debf3999015c,9d2b09e0f9b6dd5ce0d985894f4f98fa,2026_03_ARI_SF,2026,3,2026-09-27T20:05:00Z,totals,OVER,2026-09-25T21:00:31.801654Z,2026-09-25T21:00:28.639096Z,2026-09-22T18:51:43.097248Z,3ecdbfbaf3290a1d0f9b9aee517e61634d37a7bdde41367b8b77ffdf6363f311,a3481207cd069c63dcb4a0f19546abd2a1f65170673fb9f9e67376c2de870eab,2026-09-25T20:59:58Z,47.5,-113,-102,0.5123451247979889,1.0354669269743875,47.56666666666666,,INCOMPARABLE_POINTS,3,-0.27319770733489435,0.0,47.5,0.4939350888735808,0.5123451247979889,0.5081022039972068,0.008281372448805752,0.4836164235539874,MODELED_DEVELOPMENT_MARGIN_SHADOW_ONLY,SHADOW_ELIGIBLE,PASS,EXPERIMENTAL_SHADOW_NO_STAKES;SHADOW_ELIGIBLE,local:challenger+the-odds-api,2026-09-25T21:00:31.801654Z,2026-09-25T20:59:58Z,1.1.0,dbce842a6a8570f8e922c19767b9ddae510fef370e28bc6d2fea2124fb5e051f
61baaf2da105f03ecdb4c41597fdec1565ae17b0b863f603804d2860bbe2af39,1.1.2,6590a4bbb77802175afa4c406de831d596569cbf2e1f596de7df0910f43e8fd5,e51f21289a5f63ada7c1746ad6385412db3f6a4e7fc3ba4e33e43fbdb6e9bf14,241bade8665d15f1855e8ed5cb5a8f8bc3dbb5e66c87d76b45ab5d76f1caa9f7,dffe8acdbd3e011d12e5e45e08331fd300f3b67f,b7f8819c-86a9-428f-bb46-debf3999015c,9d2b09e0f9b6dd5ce0d985894f4f98fa,2026_03_ARI_SF,2026,3,2026-09-27T20:05:00Z,totals,OVER,2026-09-25T21:00:29.089372Z,2026-09-25T21:00:28.639096Z,2026-09-22T18:51:43.097248Z,bb86d96ac8c5a37027060695827d4ca64ef6cc1d2ef5b5808941c85556f173d5,70ef2cb424e2979617ffb160537b32f5103cffec0f0b849d866097e1f2d4acd0,2026-09-25T20:59:58Z,47.5,-113,-102,0.5123451247979889,1.0354669269743875,47.56666666666666,,INCOMPARABLE_POINTS,3,0.7323408428136413,0.1161508759454473,47.58506203038343,0.4923952144738917,0.4976326480647574,0.4976326480647574,0.0,0.5023673519352426,UNAVAILABLE_FOR_BETTING,DIAGNOSTIC_EARLY_SNAPSHOT,PASS,MODEL_LOCKED_UNTESTED_2026;UNCERTAINTY_UNAVAILABLE_FOR_BETTING;DIAGNOSTIC_EARLY_SNAPSHOT,local:v11-prospective-observer,2026-09-25T21:00:29.089372Z,2026-09-25T20:59:58Z,1.1.0,0fb70a5efe3a9e66ee8a4daa23cad6ab09513a95038a79a1e657ed902efdc2f2
5166d8d65b7cdf457c76048fd46cff767a11db9122fb21197bb65b7977b7f7d3,1.1.2,6590a4bbb77802175afa4c406de831d596569cbf2e1f596de7df0910f43e8fd5,e51f21289a5f63ada7c1746ad6385412db3f6a4e7fc3ba4e33e43fbdb6e9bf14,241bade8665d15f1855e8ed5cb5a8f8bc3dbb5e66c87d76b45ab5d76f1caa9f7,dffe8acdbd3e011d12e5e45e08331fd300f3b67f,8b8b5771-d3ca-480c-9980-dac450e82c42,9d2b09e0f9b6dd5ce0d985894f4f98fa,2026_03_ARI_SF,2026,3,2026-09-27T20:05:00Z,totals,OVER,2026-09-26T13:00:27.689180Z,2026-09-26T13:00:27.208512Z,2026-09-22T18:51:43.097248Z,bb86d96ac8c5a37027060695827d4ca64ef6cc1d2ef5b5808941c85556f173d5,70ef2cb424e2979617ffb160537b32f5103cffec0f0b849d866097e1f2d4acd0,2026-09-26T13:00:05Z,47.5,-116,101,0.5191023243387657,1.0345494748479824,47.5,0.5151953050007331,VALID,3,0.7323408428136413,0.1161508759454473,47.58506203038343,0.4923952144738917,0.4976326480647574,0.4976326480647574,0.0,0.5023673519352426,UNAVAILABLE_FOR_BETTING,DIAGNOSTIC_EARLY_SNAPSHOT,PASS,MODEL_LOCKED_UNTESTED_2026;UNCERTAINTY_UNAVAILABLE_FOR_BETTING;DIAGNOSTIC_EARLY_SNAPSHOT,local:v11-prospective-observer,2026-09-26T13:00:27.689180Z,2026-09-26T13:00:05Z,1.1.0,08f0b41bfe80ab9ac286916499825e53724f1afd5b7254283ea8636eda66989c
f6de94125d7e4ac3e4a1fe9d4270984aa45d0ad3ce35379842b3c37c8baa5468,challenger-0.2.0,5c8bf3ec348a261ab2c0ce94bd8cc315f754a8dc991c15c20d0d961d06997984,49fadb583b0dee0ba78c242826cb3e521cee0c4af2da837cfd5df18936598793,159ec87beb47e140832d992a80618f94b5cef5681c9d11c24e999ce1cad03b10,dffe8acdbd3e011d12e5e45e08331fd300f3b67f,8b8b5771-d3ca-480c-9980-dac450e82c42,9d2b09e0f9b6dd5ce0d985894f4f98fa,2026_03_ARI_SF,2026,3,2026-09-27T20:05:00Z,totals,OVER,2026-09-26T13:00:30.675609Z,2026-09-26T13:00:27.208512Z,2026-09-22T18:51:43.097248Z,3ecdbfbaf3290a1d0f9b9aee517e61634d37a7bdde41367b8b77ffdf6363f311,a3481207cd069c63dcb4a0f19546abd2a1f65170673fb9f9e67376c2de870eab,2026-09-26T13:00:05Z,47.5,-116,101,0.5191023243387657,1.0345494748479824,47.5,0.5151953050007331,VALID,3,-0.27319770733489435,0.0,47.5,0.4939350888735808,0.5191023243387657,0.5148034446518756,0.008281372448805752,0.4769151828993186,MODELED_DEVELOPMENT_MARGIN_SHADOW_ONLY,SHADOW_ELIGIBLE,PASS,EXPERIMENTAL_SHADOW_NO_STAKES;SHADOW_ELIGIBLE,local:challenger+the-odds-api,2026-09-26T13:00:30.675609Z,2026-09-26T13:00:05Z,1.1.0,4117ebc352d203c0fb80b26691c552472b0a2e72f6c34719ddb3f01d6764bc11
0e24efef585c181334aed22ff33e9cb97092ebb585eba11be608804bce943b07,challenger-0.2.0,5c8bf3ec348a261ab2c0ce94bd8cc315f754a8dc991c15c20d0d961d06997984,49fadb583b0dee0ba78c242826cb3e521cee0c4af2da837cfd5df18936598793,159ec87beb47e140832d992a80618f94b5cef5681c9d11c24e999ce1cad03b10,dffe8acdbd3e011d12e5e45e08331fd300f3b67f,d2d710b1-c436-4180-8c43-56a6e84b5e0f,9d2b09e0f9b6dd5ce0d985894f4f98fa,2026_03_ARI_SF,2026,3,2026-09-27T20:05:00Z,totals,OVER,2026-09-26T21:00:29.199963Z,2026-09-26T21:00:25.892304Z,2026-09-22T18:51:43.097248Z,3ecdbfbaf3290a1d0f9b9aee517e61634d37a7bdde41367b8b77ffdf6363f311,a3481207cd069c63dcb4a0f19546abd2a1f65170673fb9f9e67376c2de870eab,2026-09-26T20:59:57Z,47.5,-116,101,0.5191023243387657,1.0345494748479824,47.56666666666666,,INCOMPARABLE_POINTS,3,-0.27319770733489435,0.0,47.5,0.4939350888735808,0.5191023243387657,0.5148034446518756,0.008281372448805752,0.4769151828993186,MODELED_DEVELOPMENT_MARGIN_SHADOW_ONLY,SHADOW_ELIGIBLE,PASS,EXPERIMENTAL_SHADOW_NO_STAKES;SHADOW_ELIGIBLE,local:challenger+the-odds-api,2026-09-26T21:00:29.199963Z,2026-09-26T20:59:57Z,1.1.0,f9a0431b9f0b1fe6e48de3a10985be32abb2bb12916a552fccc853a7ff2e57c2
5399912b9eeb53fc57c390b3a49d2609ffe34c4eda97a8dc0f631d5ca09c67ae,1.1.2,6590a4bbb77802175afa4c406de831d596569cbf2e1f596de7df0910f43e8fd5,e51f21289a5f63ada7c1746ad6385412db3f6a4e7fc3ba4e33e43fbdb6e9bf14,241bade8665d15f1855e8ed5cb5a8f8bc3dbb5e66c87d76b45ab5d76f1caa9f7,dffe8acdbd3e011d12e5e45e08331fd300f3b67f,d2d710b1-c436-4180-8c43-56a6e84b5e0f,9d2b09e0f9b6dd5ce0d985894f4f98fa,2026_03_ARI_SF,2026,3,2026-09-27T20:05:00Z,totals,OVER,2026-09-26T21:00:26.360329Z,2026-09-26T21:00:25.892304Z,2026-09-22T18:51:43.097248Z,bb86d96ac8c5a37027060695827d4ca64ef6cc1d2ef5b5808941c85556f173d5,70ef2cb424e2979617ffb160537b32f5103cffec0f0b849d866097e1f2d4acd0,2026-09-26T20:59:57Z,47.5,-116,101,0.5191023243387657,1.0345494748479824,47.56666666666666,,INCOMPARABLE_POINTS,3,0.7323408428136413,0.1161508759454473,47.58506203038343,0.4923952144738917,0.4976326480647574,0.4976326480647574,0.0,0.5023673519352426,UNAVAILABLE_FOR_BETTING,DIAGNOSTIC_EARLY_SNAPSHOT,PASS,MODEL_LOCKED_UNTESTED_2026;UNCERTAINTY_UNAVAILABLE_FOR_BETTING;DIAGNOSTIC_EARLY_SNAPSHOT,local:v11-prospective-observer,2026-09-26T21:00:26.360329Z,2026-09-26T20:59:57Z,1.1.0,b6edea1324f902dff433f7af53eb95d014a3a6ccbc4aba162df60ecbea690c95
23a550399b28ed62ba6c9f9fc22b85ec8a2a178977a56af21654d463412ddad0,challenger-0.2.0,5c8bf3ec348a261ab2c0ce94bd8cc315f754a8dc991c15c20d0d961d06997984,49fadb583b0dee0ba78c242826cb3e521cee0c4af2da837cfd5df18936598793,159ec87beb47e140832d992a80618f94b5cef5681c9d11c24e999ce1cad03b10,dffe8acdbd3e011d12e5e45e08331fd300f3b67f,214053eb-5084-4022-8817-4ddbbf933e60,9d2b09e0f9b6dd5ce0d985894f4f98fa,2026_03_ARI_SF,2026,3,2026-09-27T20:05:00Z,totals,OVER,2026-09-27T03:01:00.857309Z,2026-09-27T03:00:57.384540Z,2026-09-22T18:51:43.097248Z,3ecdbfbaf3290a1d0f9b9aee517e61634d37a7bdde41367b8b77ffdf6363f311,a3481207cd069c63dcb4a0f19546abd2a1f65170673fb9f9e67376c2de870eab,2026-09-27T03:00:51Z,47.5,-116,102,0.5203410907798899,1.0320865419875322,47.56666666666666,,INCOMPARABLE_POINTS,3,-0.27319770733489435,0.0,47.5,0.4939350888735808,0.5203410907798899,0.5160319524067237,0.008281372448805752,0.47568667514447044,MODELED_DEVELOPMENT_MARGIN_SHADOW_ONLY,SHADOW_ELIGIBLE,PASS,EXPERIMENTAL_SHADOW_NO_STAKES;SHADOW_ELIGIBLE,local:challenger+the-odds-api,2026-09-27T03:01:00.857309Z,2026-09-27T03:00:51Z,1.1.0,a28b0758a8e5d7beebd386651044d66550dcc260ad1144256974ab1d2153a4b1
b43e22c63ba3d6f274a9c9ecd13115ea0aa5493b20d4522a6d93d810c3bde981,1.1.2,6590a4bbb77802175afa4c406de831d596569cbf2e1f596de7df0910f43e8fd5,e51f21289a5f63ada7c1746ad6385412db3f6a4e7fc3ba4e33e43fbdb6e9bf14,241bade8665d15f1855e8ed5cb5a8f8bc3dbb5e66c87d76b45ab5d76f1caa9f7,dffe8acdbd3e011d12e5e45e08331fd300f3b67f,214053eb-5084-4022-8817-4ddbbf933e60,9d2b09e0f9b6dd5ce0d985894f4f98fa,2026_03_ARI_SF,2026,3,2026-09-27T20:05:00Z,totals,OVER,2026-09-27T03:00:57.907341Z,2026-09-27T03:00:57.384540Z,2026-09-22T18:51:43.097248Z,bb86d96ac8c5a37027060695827d4ca64ef6cc1d2ef5b5808941c85556f173d5,70ef2cb424e2979617ffb160537b32f5103cffec0f0b849d866097e1f2d4acd0,2026-09-27T03:00:51Z,47.5,-116,102,0.5203410907798899,1.0320865419875322,47.56666666666666,,INCOMPARABLE_POINTS,3,0.7323408428136413,0.1161508759454473,47.58506203038343,0.4923952144738917,0.4976326480647574,0.4976326480647574,0.0,0.5023673519352426,UNAVAILABLE_FOR_BETTING,DIAGNOSTIC_EARLY_SNAPSHOT,PASS,MODEL_LOCKED_UNTESTED_2026;UNCERTAINTY_UNAVAILABLE_FOR_BETTING;DIAGNOSTIC_EARLY_SNAPSHOT,local:v11-prospective-observer,2026-09-27T03:00:57.907341Z,2026-09-27T03:00:51Z,1.1.0,4776bb7e28f8059deb98332456841ba5c56eb5a4de29892fb5898b2e408526c2
12104bd8faa0e20dbe8f752ff72fcf1ef7e245ae82e8837e94a83754fc58f0da,challenger-0.2.0,5c8bf3ec348a261ab2c0ce94bd8cc315f754a8dc991c15c20d0d961d06997984,49fadb583b0dee0ba78c242826cb3e521cee0c4af2da837cfd5df18936598793,159ec87beb47e140832d992a80618f94b5cef5681c9d11c24e999ce1cad03b10,b143eda428696625817bd7042b4cf3a453477386,e1878b61-7760-4e06-9ca0-bec5e38d131c,9d2b09e0f9b6dd5ce0d985894f4f98fa,2026_03_ARI_SF,2026,3,2026-09-27T20:05:00Z,totals,OVER,2026-09-27T12:45:25.295673Z,2026-09-27T12:45:22.019645Z,2026-09-22T18:51:43.097248Z,3ecdbfbaf3290a1d0f9b9aee517e61634d37a7bdde41367b8b77ffdf6363f311,a3481207cd069c63dcb4a0f19546abd2a1f65170673fb9f9e67376c2de870eab,2026-09-27T12:45:16Z,47.5,-118,105,0.5259839095455533,1.0290892817185053,47.7,,INCOMPARABLE_POINTS,3,-0.27319770733489435,0.0,47.5,0.4939350888735808,0.5259839095455533,0.5216280408885277,0.008281372448805752,0.4700905866626666,MODELED_DEVELOPMENT_MARGIN_SHADOW_ONLY,SHADOW_ELIGIBLE,PASS,EXPERIMENTAL_SHADOW_NO_STAKES;SHADOW_ELIGIBLE,local:challenger+the-odds-api,2026-09-27T12:45:25.295673Z,2026-09-27T12:45:16Z,1.1.0,e61c965b5fac2316559f5503c189598758d0777ceef973d59e87189c2b8d53f1
81f95e9310f18ab6aad66669418ffcd6ec649113804f5c7fcdc77068511b83c6,1.1.2,6590a4bbb77802175afa4c406de831d596569cbf2e1f596de7df0910f43e8fd5,e51f21289a5f63ada7c1746ad6385412db3f6a4e7fc3ba4e33e43fbdb6e9bf14,241bade8665d15f1855e8ed5cb5a8f8bc3dbb5e66c87d76b45ab5d76f1caa9f7,b143eda428696625817bd7042b4cf3a453477386,e1878b61-7760-4e06-9ca0-bec5e38d131c,9d2b09e0f9b6dd5ce0d985894f4f98fa,2026_03_ARI_SF,2026,3,2026-09-27T20:05:00Z,totals,OVER,2026-09-27T12:45:22.508290Z,2026-09-27T12:45:22.019645Z,2026-09-22T18:51:43.097248Z,bb86d96ac8c5a37027060695827d4ca64ef6cc1d2ef5b5808941c85556f173d5,70ef2cb424e2979617ffb160537b32f5103cffec0f0b849d866097e1f2d4acd0,2026-09-27T12:45:16Z,47.5,-118,105,0.5259839095455533,1.0290892817185053,47.7,,INCOMPARABLE_POINTS,3,0.7323408428136413,0.1161508759454473,47.58506203038343,0.4923952144738917,0.4976326480647574,0.4976326480647574,0.0,0.5023673519352426,UNAVAILABLE_FOR_BETTING,DIAGNOSTIC_EARLY_SNAPSHOT,PASS,MODEL_LOCKED_UNTESTED_2026;UNCERTAINTY_UNAVAILABLE_FOR_BETTING;DIAGNOSTIC_EARLY_SNAPSHOT,local:v11-prospective-observer,2026-09-27T12:45:22.508290Z,2026-09-27T12:45:16Z,1.1.0,27d4213e4cf38225b50fcf6bcfe97561daf27a1f103b14e0675c629d452d121e
60237bd9f27e67df44ddfbcd0edb0bec4089aa43824fa378b21270c7ee2c886d,challenger-0.2.0,5c8bf3ec348a261ab2c0ce94bd8cc315f754a8dc991c15c20d0d961d06997984,49fadb583b0dee0ba78c242826cb3e521cee0c4af2da837cfd5df18936598793,159ec87beb47e140832d992a80618f94b5cef5681c9d11c24e999ce1cad03b10,c8df716c912e3f6e3b11d508f2988b51a9d4b5a7,d4b87e91-991a-4aa9-bfef-bc8de675e276,f1724dead3eab61546033032fc782375,2026_03_MIN_TB,2026,3,2026-09-27T20:05:00Z,spreads,HOME,2026-09-23T13:00:24.484171Z,2026-09-23T13:00:21.551276Z,2026-09-22T18:51:43.097248Z,3ecdbfbaf3290a1d0f9b9aee517e61634d37a7bdde41367b8b77ffdf6363f311,6b8d295612dfbb4370177cfeecfe3f796b4f612907a36cead163024301fa0e1f,2026-09-23T13:00:20Z,-2.0,-116,103,0.5215734916275362,1.0296478744754607,-1.8,,INCOMPARABLE_POINTS,3,2.7767202392209844,0.0,-2.0,0.48689161885684834,0.5215734916275362,0.521271712747561,0.0005785932084729191,0.4781496940439661,MODELED_DEVELOPMENT_MARGIN_SHADOW_ONLY,SHADOW_ELIGIBLE,PASS,EXPERIMENTAL_SHADOW_NO_STAKES;SHADOW_ELIGIBLE,local:challenger+the-odds-api,2026-09-23T13:00:24.484171Z,2026-09-23T13:00:20Z,1.1.0,d065e0dacbf1941601e7d92e801f5c121b244bf2a14e5f7b91ff3d27b7de88cd
fd965fd8ac1c3170a4fd81ee23f2ecf40e1a2ade75f616fa536e6d76b6542453,1.1.2,6590a4bbb77802175afa4c406de831d596569cbf2e1f596de7df0910f43e8fd5,e51f21289a5f63ada7c1746ad6385412db3f6a4e7fc3ba4e33e43fbdb6e9bf14,241bade8665d15f1855e8ed5cb5a8f8bc3dbb5e66c87d76b45ab5d76f1caa9f7,c8df716c912e3f6e3b11d508f2988b51a9d4b5a7,d4b87e91-991a-4aa9-bfef-bc8de675e276,f1724dead3eab61546033032fc782375,2026_03_MIN_TB,2026,3,2026-09-27T20:05:00Z,spreads,HOME,2026-09-23T13:00:21.951453Z,2026-09-23T13:00:21.551276Z,2026-09-22T18:51:43.097248Z,bb86d96ac8c5a37027060695827d4ca64ef6cc1d2ef5b5808941c85556f173d5,8e55b5dc81703e904245969bfb9cbc82f9ec05de2bc55ecff2d6d5758e64a3ca,2026-09-23T13:00:20Z,-2.0,-116,103,0.5215734916275362,1.0296478744754607,-1.8,,INCOMPARABLE_POINTS,3,0.36487546258690884,0.0,-2.0,0.49228045165888856,0.4893212527975112,0.4888096735103024,0.001045487569330002,0.5101448389203675,UNAVAILABLE_FOR_BETTING,DIAGNOSTIC_EARLY_SNAPSHOT,PASS,MODEL_LOCKED_UNTESTED_2026;UNCERTAINTY_UNAVAILABLE_FOR_BETTING;DIAGNOSTIC_EARLY_SNAPSHOT,local:v11-prospective-observer,2026-09-23T13:00:21.951453Z,2026-09-23T13:00:20Z,1.1.0,2a1b3e6411f23cd2473573063d73d73f71b73a1e18d3f4a6d5dfe9ad11987268
16d08aead4ad6076d25656937795cab6ea4f908706c181ac6d343af120fc0434,challenger-0.2.0,5c8bf3ec348a261ab2c0ce94bd8cc315f754a8dc991c15c20d0d961d06997984,49fadb583b0dee0ba78c242826cb3e521cee0c4af2da837cfd5df18936598793,159ec87beb47e140832d992a80618f94b5cef5681c9d11c24e999ce1cad03b10,dffe8acdbd3e011d12e5e45e08331fd300f3b67f,d842d1fe-0de3-48ea-8341-bb9cfc6a6383,f1724dead3eab61546033032fc782375,2026_03_MIN_TB,2026,3,2026-09-27T20:05:00Z,spreads,HOME,2026-09-24T16:00:25.607332Z,2026-09-24T16:00:22.454081Z,2026-09-22T18:51:43.097248Z,3ecdbfbaf3290a1d0f9b9aee517e61634d37a7bdde41367b8b77ffdf6363f311,6b8d295612dfbb4370177cfeecfe3f796b4f612907a36cead163024301fa0e1f,2026-09-24T16:00:17Z,-2.0,-116,103,0.5215734916275362,1.0296478744754607,-1.8,,INCOMPARABLE_POINTS,3,2.7767202392209844,0.0,-2.0,0.48689161885684834,0.5215734916275362,0.521271712747561,0.0005785932084729191,0.4781496940439661,MODELED_DEVELOPMENT_MARGIN_SHADOW_ONLY,SHADOW_ELIGIBLE,PASS,EXPERIMENTAL_SHADOW_NO_STAKES;SHADOW_ELIGIBLE,local:challenger+the-odds-api,2026-09-24T16:00:25.607332Z,2026-09-24T16:00:17Z,1.1.0,61775c48fc343c190d34d5b1ccb43bf1180445a68036df38e7b102217ff4e49f
239c3bf8cfa33124e16853450f1d62c763736e4d0a97867e39c7104f5cfc413f,1.1.2,6590a4bbb77802175afa4c406de831d596569cbf2e1f596de7df0910f43e8fd5,e51f21289a5f63ada7c1746ad6385412db3f6a4e7fc3ba4e33e43fbdb6e9bf14,241bade8665d15f1855e8ed5cb5a8f8bc3dbb5e66c87d76b45ab5d76f1caa9f7,dffe8acdbd3e011d12e5e45e08331fd300f3b67f,d842d1fe-0de3-48ea-8341-bb9cfc6a6383,f1724dead3eab61546033032fc782375,2026_03_MIN_TB,2026,3,2026-09-27T20:05:00Z,spreads,HOME,2026-09-24T16:00:22.882475Z,2026-09-24T16:00:22.454081Z,2026-09-22T18:51:43.097248Z,bb86d96ac8c5a37027060695827d4ca64ef6cc1d2ef5b5808941c85556f173d5,8e55b5dc81703e904245969bfb9cbc82f9ec05de2bc55ecff2d6d5758e64a3ca,2026-09-24T16:00:17Z,-2.0,-116,103,0.5215734916275362,1.0296478744754607,-1.8,,INCOMPARABLE_POINTS,3,0.36487546258690884,0.0,-2.0,0.49228045165888856,0.4893212527975112,0.4888096735103024,0.001045487569330002,0.5101448389203675,UNAVAILABLE_FOR_BETTING,DIAGNOSTIC_EARLY_SNAPSHOT,PASS,MODEL_LOCKED_UNTESTED_2026;UNCERTAINTY_UNAVAILABLE_FOR_BETTING;DIAGNOSTIC_EARLY_SNAPSHOT,local:v11-prospective-observer,2026-09-24T16:00:22.882475Z,2026-09-24T16:00:17Z,1.1.0,1fe35e711e165ac8cc907eea39ec50abdc358369de9ac03c0866f26b84f082a0
119dab9f73f19cd907a4542933a9dd424a20924c71fd65eefa8587547a4ba956,1.1.2,6590a4bbb77802175afa4c406de831d596569cbf2e1f596de7df0910f43e8fd5,e51f21289a5f63ada7c1746ad6385412db3f6a4e7fc3ba4e33e43fbdb6e9bf14,241bade8665d15f1855e8ed5cb5a8f8bc3dbb5e66c87d76b45ab5d76f1caa9f7,dffe8acdbd3e011d12e5e45e08331fd300f3b67f,b7f8819c-86a9-428f-bb46-debf3999015c,f1724dead3eab61546033032fc782375,2026_03_MIN_TB,2026,3,2026-09-27T20:05:00Z,spreads,HOME,2026-09-25T21:00:29.089372Z,2026-09-25T21:00:28.639096Z,2026-09-22T18:51:43.097248Z,bb86d96ac8c5a37027060695827d4ca64ef6cc1d2ef5b5808941c85556f173d5,8e55b5dc81703e904245969bfb9cbc82f9ec05de2bc55ecff2d6d5758e64a3ca,2026-09-25T20:59:58Z,-2.0,-117,104,0.5237886235955056,1.029366585343815,-1.8,,INCOMPARABLE_POINTS,3,0.36487546258690884,0.0,-2.0,0.49228045165888856,0.4893212527975112,0.4888096735103024,0.001045487569330002,0.5101448389203675,UNAVAILABLE_FOR_BETTING,DIAGNOSTIC_EARLY_SNAPSHOT,PASS,MODEL_LOCKED_UNTESTED_2026;UNCERTAINTY_UNAVAILABLE_FOR_BETTING;DIAGNOSTIC_EARLY_SNAPSHOT,local:v11-prospective-observer,2026-09-25T21:00:29.089372Z,2026-09-25T20:59:58Z,1.1.0,cba8619c882a1269e463fb93b560807a59189d2f089642574911d0e98cae4a7f
d21c30cf678d34f99b19159b1ac969834f5379642e0c15388f332a7376001c18,challenger-0.2.0,5c8bf3ec348a261ab2c0ce94bd8cc315f754a8dc991c15c20d0d961d06997984,49fadb583b0dee0ba78c242826cb3e521cee0c4af2da837cfd5df18936598793,159ec87beb47e140832d992a80618f94b5cef5681c9d11c24e999ce1cad03b10,dffe8acdbd3e011d12e5e45e08331fd300f3b67f,b7f8819c-86a9-428f-bb46-debf3999015c,f1724dead3eab61546033032fc782375,2026_03_MIN_TB,2026,3,2026-09-27T20:05:00Z,spreads,HOME,2026-09-25T21:00:31.801654Z,2026-09-25T21:00:28.639096Z,2026-09-22T18:51:43.097248Z,3ecdbfbaf3290a1d0f9b9aee517e61634d37a7bdde41367b8b77ffdf6363f311,6b8d295612dfbb4370177cfeecfe3f796b4f612907a36cead163024301fa0e1f,2026-09-25T20:59:58Z,-2.0,-117,104,0.5237886235955056,1.029366585343815,-1.8,,INCOMPARABLE_POINTS,3,2.7767202392209844,0.0,-2.0,0.48689161885684834,0.5237886235955056,0.5234855630552179,0.0005785932084729191,0.47593584373630926,MODELED_DEVELOPMENT_MARGIN_SHADOW_ONLY,SHADOW_ELIGIBLE,PASS,EXPERIMENTAL_SHADOW_NO_STAKES;SHADOW_ELIGIBLE,local:challenger+the-odds-api,2026-09-25T21:00:31.801654Z,2026-09-25T20:59:58Z,1.1.0,2ce38090d1abb777233351931766a8ae31a02fcc8e94e0356f713765cee73971
c67fc80a1900c1bae827fbc9d4841bb978689093d20b2c5f074f6109334f07a7,challenger-0.2.0,5c8bf3ec348a261ab2c0ce94bd8cc315f754a8dc991c15c20d0d961d06997984,49fadb583b0dee0ba78c242826cb3e521cee0c4af2da837cfd5df18936598793,159ec87beb47e140832d992a80618f94b5cef5681c9d11c24e999ce1cad03b10,dffe8acdbd3e011d12e5e45e08331fd300f3b67f,8b8b5771-d3ca-480c-9980-dac450e82c42,f1724dead3eab61546033032fc782375,2026_03_MIN_TB,2026,3,2026-09-27T20:05:00Z,spreads,HOME,2026-09-26T13:00:30.675609Z,2026-09-26T13:00:27.208512Z,2026-09-22T18:51:43.097248Z,3ecdbfbaf3290a1d0f9b9aee517e61634d37a7bdde41367b8b77ffdf6363f311,6b8d295612dfbb4370177cfeecfe3f796b4f612907a36cead163024301fa0e1f,2026-09-26T13:00:05Z,-2.0,-117,104,0.5237886235955056,1.029366585343815,-1.8,,INCOMPARABLE_POINTS,3,2.7767202392209844,0.0,-2.0,0.48689161885684834,0.5237886235955056,0.5234855630552179,0.0005785932084729191,0.47593584373630926,MODELED_DEVELOPMENT_MARGIN_SHADOW_ONLY,SHADOW_ELIGIBLE,PASS,EXPERIMENTAL_SHADOW_NO_STAKES;SHADOW_ELIGIBLE,local:challenger+the-odds-api,2026-09-26T13:00:30.675609Z,2026-09-26T13:00:05Z,1.1.0,242b73311d495489366c1735b328800fdc27fbc08598f85622ef11474870b8b1
c7c0c22a3ed64cb2f5794e799f7db5334dbd7e4ecee5bf6cef1f2bf12d5e684b,1.1.2,6590a4bbb77802175afa4c406de831d596569cbf2e1f596de7df0910f43e8fd5,e51f21289a5f63ada7c1746ad6385412db3f6a4e7fc3ba4e33e43fbdb6e9bf14,241bade8665d15f1855e8ed5cb5a8f8bc3dbb5e66c87d76b45ab5d76f1caa9f7,dffe8acdbd3e011d12e5e45e08331fd300f3b67f,8b8b5771-d3ca-480c-9980-dac450e82c42,f1724dead3eab61546033032fc782375,2026_03_MIN_TB,2026,3,2026-09-27T20:05:00Z,spreads,HOME,2026-09-26T13:00:27.689180Z,2026-09-26T13:00:27.208512Z,2026-09-22T18:51:43.097248Z,bb86d96ac8c5a37027060695827d4ca64ef6cc1d2ef5b5808941c85556f173d5,8e55b5dc81703e904245969bfb9cbc82f9ec05de2bc55ecff2d6d5758e64a3ca,2026-09-26T13:00:05Z,-2.0,-117,104,0.5237886235955056,1.029366585343815,-1.8,,INCOMPARABLE_POINTS,3,0.36487546258690884,0.0,-2.0,0.49228045165888856,0.4893212527975112,0.4888096735103024,0.001045487569330002,0.5101448389203675,UNAVAILABLE_FOR_BETTING,DIAGNOSTIC_EARLY_SNAPSHOT,PASS,MODEL_LOCKED_UNTESTED_2026;UNCERTAINTY_UNAVAILABLE_FOR_BETTING;DIAGNOSTIC_EARLY_SNAPSHOT,local:v11-prospective-observer,2026-09-26T13:00:27.689180Z,2026-09-26T13:00:05Z,1.1.0,0c6e1f918f8c5f1e1cb9b683687e30f740f5a533ef2f2c2184e717302a82b1fc
26dc0099bc929158fcad23ee407ae63217a500d755d2be029f22aa40ec41a034,1.1.2,6590a4bbb77802175afa4c406de831d596569cbf2e1f596de7df0910f43e8fd5,e51f21289a5f63ada7c1746ad6385412db3f6a4e7fc3ba4e33e43fbdb6e9bf14,241bade8665d15f1855e8ed5cb5a8f8bc3dbb5e66c87d76b45ab5d76f1caa9f7,dffe8acdbd3e011d12e5e45e08331fd300f3b67f,d2d710b1-c436-4180-8c43-56a6e84b5e0f,f1724dead3eab61546033032fc782375,2026_03_MIN_TB,2026,3,2026-09-27T20:05:00Z,spreads,HOME,2026-09-26T21:00:26.360329Z,2026-09-26T21:00:25.892304Z,2026-09-22T18:51:43.097248Z,bb86d96ac8c5a37027060695827d4ca64ef6cc1d2ef5b5808941c85556f173d5,8e55b5dc81703e904245969bfb9cbc82f9ec05de2bc55ecff2d6d5758e64a3ca,2026-09-26T20:59:57Z,-2.0,-117,104,0.5237886235955056,1.029366585343815,-1.7333333333333334,,INCOMPARABLE_POINTS,3,0.36487546258690884,0.0,-2.0,0.49228045165888856,0.4893212527975112,0.4888096735103024,0.001045487569330002,0.5101448389203675,UNAVAILABLE_FOR_BETTING,DIAGNOSTIC_EARLY_SNAPSHOT,PASS,MODEL_LOCKED_UNTESTED_2026;UNCERTAINTY_UNAVAILABLE_FOR_BETTING;DIAGNOSTIC_EARLY_SNAPSHOT,local:v11-prospective-observer,2026-09-26T21:00:26.360329Z,2026-09-26T20:59:57Z,1.1.0,80d81da3869cbd1992a4c2c3b7ec21dd483f6d9644ef5475baad35fb30135b2b
8f2b385e6d73245bdf8b048d6bb7c82d9d515f26ad794dadd8407503b6490092,challenger-0.2.0,5c8bf3ec348a261ab2c0ce94bd8cc315f754a8dc991c15c20d0d961d06997984,49fadb583b0dee0ba78c242826cb3e521cee0c4af2da837cfd5df18936598793,159ec87beb47e140832d992a80618f94b5cef5681c9d11c24e999ce1cad03b10,dffe8acdbd3e011d12e5e45e08331fd300f3b67f,d2d710b1-c436-4180-8c43-56a6e84b5e0f,f1724dead3eab61546033032fc782375,2026_03_MIN_TB,2026,3,2026-09-27T20:05:00Z,spreads,HOME,2026-09-26T21:00:29.199963Z,2026-09-26T21:00:25.892304Z,2026-09-22T18:51:43.097248Z,3ecdbfbaf3290a1d0f9b9aee517e61634d37a7bdde41367b8b77ffdf6363f311,6b8d295612dfbb4370177cfeecfe3f796b4f612907a36cead163024301fa0e1f,2026-09-26T20:59:57Z,-2.0,-117,104,0.5237886235955056,1.029366585343815,-1.7333333333333334,,INCOMPARABLE_POINTS,3,2.7767202392209844,0.0,-2.0,0.48689161885684834,0.5237886235955056,0.5234855630552179,0.0005785932084729191,0.47593584373630926,MODELED_DEVELOPMENT_MARGIN_SHADOW_ONLY,SHADOW_ELIGIBLE,PASS,EXPERIMENTAL_SHADOW_NO_STAKES;SHADOW_ELIGIBLE,local:challenger+the-odds-api,2026-09-26T21:00:29.199963Z,2026-09-26T20:59:57Z,1.1.0,d456a769321ae97f840cfbd9d96420002a3e7fcc91a4d45ae65106a704817241
1bd476ca0e1aa43ecf5a9cd3a7624e1030dcad1262b45c539469b7bd2e65c841,1.1.2,6590a4bbb77802175afa4c406de831d596569cbf2e1f596de7df0910f43e8fd5,e51f21289a5f63ada7c1746ad6385412db3f6a4e7fc3ba4e33e43fbdb6e9bf14,241bade8665d15f1855e8ed5cb5a8f8bc3dbb5e66c87d76b45ab5d76f1caa9f7,dffe8acdbd3e011d12e5e45e08331fd300f3b67f,214053eb-5084-4022-8817-4ddbbf933e60,f1724dead3eab61546033032fc782375,2026_03_MIN_TB,2026,3,2026-09-27T20:05:00Z,spreads,HOME,2026-09-27T03:00:57.907341Z,2026-09-27T03:00:57.384540Z,2026-09-22T18:51:43.097248Z,bb86d96ac8c5a37027060695827d4ca64ef6cc1d2ef5b5808941c85556f173d5,8e55b5dc81703e904245969bfb9cbc82f9ec05de2bc55ecff2d6d5758e64a3ca,2026-09-27T03:00:51Z,-1.0,-106,-106,0.5,1.029126213592233,-1.1333333333333333,,INCOMPARABLE_POINTS,3,0.36487546258690884,0.0,-1.0,0.49228045165888856,0.4893212527975112,0.4888096735103024,0.001045487569330002,0.5101448389203675,UNAVAILABLE_FOR_BETTING,DIAGNOSTIC_EARLY_SNAPSHOT,PASS,MODEL_LOCKED_UNTESTED_2026;UNCERTAINTY_UNAVAILABLE_FOR_BETTING;DIAGNOSTIC_EARLY_SNAPSHOT,local:v11-prospective-observer,2026-09-27T03:00:57.907341Z,2026-09-27T03:00:51Z,1.1.0,1d2e95c444637c04e890ec32f786625d60a3c7af63e50d31b3c4cb7141eb0bf0
d4e31926b52907168179811f0b50ce418dfc85b88bb7d17fff080170d7ab1c72,challenger-0.2.0,5c8bf3ec348a261ab2c0ce94bd8cc315f754a8dc991c15c20d0d961d06997984,49fadb583b0dee0ba78c242826cb3e521cee0c4af2da837cfd5df18936598793,159ec87beb47e140832d992a80618f94b5cef5681c9d11c24e999ce1cad03b10,dffe8acdbd3e011d12e5e45e08331fd300f3b67f,214053eb-5084-4022-8817-4ddbbf933e60,f1724dead3eab61546033032fc782375,2026_03_MIN_TB,2026,3,2026-09-27T20:05:00Z,spreads,HOME,2026-09-27T03:01:00.857309Z,2026-09-27T03:00:57.384540Z,2026-09-22T18:51:43.097248Z,3ecdbfbaf3290a1d0f9b9aee517e61634d37a7bdde41367b8b77ffdf6363f311,6b8d295612dfbb4370177cfeecfe3f796b4f612907a36cead163024301fa0e1f,2026-09-27T03:00:51Z,-1.0,-106,-106,0.5,1.029126213592233,-1.1333333333333333,,INCOMPARABLE_POINTS,3,1.7767202392209844,0.0,-1.0,0.48689161885684834,0.5,0.49971070339576357,0.0005785932084729191,0.49971070339576357,MODELED_DEVELOPMENT_MARGIN_SHADOW_ONLY,SHADOW_ELIGIBLE,PASS,EXPERIMENTAL_SHADOW_NO_STAKES;SHADOW_ELIGIBLE,local:challenger+the-odds-api,2026-09-27T03:01:00.857309Z,2026-09-27T03:00:51Z,1.1.0,c60d52b395e837115b91d53fc23293fbf46a7879ec3f7a7af2f510a311c3ab7a
1c0be0432283413e0db6f0b1bbc7911f963f4005cd81efc1d78b1a8bb97bb6b0,1.1.2,6590a4bbb77802175afa4c406de831d596569cbf2e1f596de7df0910f43e8fd5,e51f21289a5f63ada7c1746ad6385412db3f6a4e7fc3ba4e33e43fbdb6e9bf14,241bade8665d15f1855e8ed5cb5a8f8bc3dbb5e66c87d76b45ab5d76f1caa9f7,b143eda428696625817bd7042b4cf3a453477386,e1878b61-7760-4e06-9ca0-bec5e38d131c,f1724dead3eab61546033032fc782375,2026_03_MIN_TB,2026,3,2026-09-27T20:05:00Z,spreads,HOME,2026-09-27T12:45:22.508290Z,2026-09-27T12:45:22.019645Z,2026-09-22T18:51:43.097248Z,bb86d96ac8c5a37027060695827d4ca64ef6cc1d2ef5b5808941c85556f173d5,8e55b5dc81703e904245969bfb9cbc82f9ec05de2bc55ecff2d6d5758e64a3ca,2026-09-27T12:45:16Z,-1.0,-106,-104,0.5023229882921391,1.024367028364744,-1.1333333333333333,,INCOMPARABLE_POINTS,3,0.36487546258690884,0.0,-1.0,0.49228045165888856,0.4893212527975112,0.4888096735103024,0.001045487569330002,0.5101448389203675,UNAVAILABLE_FOR_BETTING,DIAGNOSTIC_EARLY_SNAPSHOT,PASS,MODEL_LOCKED_UNTESTED_2026;UNCERTAINTY_UNAVAILABLE_FOR_BETTING;DIAGNOSTIC_EARLY_SNAPSHOT,local:v11-prospective-observer,2026-09-27T12:45:22.508290Z,2026-09-27T12:45:16Z,1.1.0,1cd853fe398bbf9d1a906983db1ec0bc1cbc619f3d0d7c28c3ea89e21329207f
e027edb6f830129c2ebb64aea49dc6a3615a4ffe7a2fb63e947bcf2cd6683a96,challenger-0.2.0,5c8bf3ec348a261ab2c0ce94bd8cc315f754a8dc991c15c20d0d961d06997984,49fadb583b0dee0ba78c242826cb3e521cee0c4af2da837cfd5df18936598793,159ec87beb47e140832d992a80618f94b5cef5681c9d11c24e999ce1cad03b10,b143eda428696625817bd7042b4cf3a453477386,e1878b61-7760-4e06-9ca0-bec5e38d131c,f1724dead3eab61546033032fc782375,2026_03_MIN_TB,2026,3,2026-09-27T20:05:00Z,spreads,HOME,2026-09-27T12:45:25.295673Z,2026-09-27T12:45:22.019645Z,2026-09-22T18:51:43.097248Z,3ecdbfbaf3290a1d0f9b9aee517e61634d37a7bdde41367b8b77ffdf6363f311,6b8d295612dfbb4370177cfeecfe3f796b4f612907a36cead163024301fa0e1f,2026-09-27T12:45:16Z,-1.0,-106,-104,0.5023229882921391,1.024367028364744,-1.1333333333333333,,INCOMPARABLE_POINTS,3,1.7767202392209844,0.0,-1.0,0.48689161885684834,0.5023229882921391,0.5020323476226535,0.0005785932084729191,0.4973890591688737,MODELED_DEVELOPMENT_MARGIN_SHADOW_ONLY,SHADOW_ELIGIBLE,PASS,EXPERIMENTAL_SHADOW_NO_STAKES;SHADOW_ELIGIBLE,local:challenger+the-odds-api,2026-09-27T12:45:25.295673Z,2026-09-27T12:45:16Z,1.1.0,e8c3a6824ad052cbc79bb957d19ff6b4fc4ac8549f77d077980a33321795973e
24113dba602242891770e30dc7e865d2abcce50f4ad58d112fb30151741781f4,challenger-0.2.0,5c8bf3ec348a261ab2c0ce94bd8cc315f754a8dc991c15c20d0d961d06997984,49fadb583b0dee0ba78c242826cb3e521cee0c4af2da837cfd5df18936598793,159ec87beb47e140832d992a80618f94b5cef5681c9d11c24e999ce1cad03b10,c8df716c912e3f6e3b11d508f2988b51a9d4b5a7,d4b87e91-991a-4aa9-bfef-bc8de675e276,f1724dead3eab61546033032fc782375,2026_03_MIN_TB,2026,3,2026-09-27T20:05:00Z,totals,OVER,2026-09-23T13:00:24.484171Z,2026-09-23T13:00:21.551276Z,2026-09-22T18:51:43.097248Z,3ecdbfbaf3290a1d0f9b9aee517e61634d37a7bdde41367b8b77ffdf6363f311,6b8d295612dfbb4370177cfeecfe3f796b4f612907a36cead163024301fa0e1f,2026-09-23T13:00:20Z,43.0,103,-118,0.47646107444157887,1.0338952411081483,42.8,,INCOMPARABLE_POINTS,3,-3.424842560018938,0.0,43.0,0.4856689348927987,0.47646107444157887,0.4727874436277913,0.0077102433144053545,0.5195023130578033,MODELED_DEVELOPMENT_MARGIN_SHADOW_ONLY,SHADOW_ELIGIBLE,PASS,EXPERIMENTAL_SHADOW_NO_STAKES;SHADOW_ELIGIBLE,local:challenger+the-odds-api,2026-09-23T13:00:24.484171Z,2026-09-23T13:00:20Z,1.1.0,d1c88f275f628311dae19b5c8eaca7950470ad846b3f3ac57b2e9532e497304d
bb5af1626cbb97bc0f9e2d967bc096056b0c61f751d6c6c7458fc78e95a66c71,1.1.2,6590a4bbb77802175afa4c406de831d596569cbf2e1f596de7df0910f43e8fd5,e51f21289a5f63ada7c1746ad6385412db3f6a4e7fc3ba4e33e43fbdb6e9bf14,241bade8665d15f1855e8ed5cb5a8f8bc3dbb5e66c87d76b45ab5d76f1caa9f7,c8df716c912e3f6e3b11d508f2988b51a9d4b5a7,d4b87e91-991a-4aa9-bfef-bc8de675e276,f1724dead3eab61546033032fc782375,2026_03_MIN_TB,2026,3,2026-09-27T20:05:00Z,totals,OVER,2026-09-23T13:00:21.951453Z,2026-09-23T13:00:21.551276Z,2026-09-22T18:51:43.097248Z,bb86d96ac8c5a37027060695827d4ca64ef6cc1d2ef5b5808941c85556f173d5,8e55b5dc81703e904245969bfb9cbc82f9ec05de2bc55ecff2d6d5758e64a3ca,2026-09-23T13:00:20Z,43.0,103,-118,0.47646107444157887,1.0338952411081483,42.8,,INCOMPARABLE_POINTS,3,-0.8218477817108147,0.1161508759454473,42.90454166026046,0.4878606435003719,0.4886901988846397,0.4886901988846397,0.0,0.5113098011153603,UNAVAILABLE_FOR_BETTING,DIAGNOSTIC_EARLY_SNAPSHOT,PASS,MODEL_LOCKED_UNTESTED_2026;UNCERTAINTY_UNAVAILABLE_FOR_BETTING;DIAGNOSTIC_EARLY_SNAPSHOT,local:v11-prospective-observer,2026-09-23T13:00:21.951453Z,2026-09-23T13:00:20Z,1.1.0,4f8b904500422d2edc5011aeb28cf3a61954f27c54040f81642debbcb23c452a
1ac296bc6a3cb50d6a2858d5ea280dc81bc27a9c20fbf95acdbd9c347172d957,challenger-0.2.0,5c8bf3ec348a261ab2c0ce94bd8cc315f754a8dc991c15c20d0d961d06997984,49fadb583b0dee0ba78c242826cb3e521cee0c4af2da837cfd5df18936598793,159ec87beb47e140832d992a80618f94b5cef5681c9d11c24e999ce1cad03b10,dffe8acdbd3e011d12e5e45e08331fd300f3b67f,d842d1fe-0de3-48ea-8341-bb9cfc6a6383,f1724dead3eab61546033032fc782375,2026_03_MIN_TB,2026,3,2026-09-27T20:05:00Z,totals,OVER,2026-09-24T16:00:25.607332Z,2026-09-24T16:00:22.454081Z,2026-09-22T18:51:43.097248Z,3ecdbfbaf3290a1d0f9b9aee517e61634d37a7bdde41367b8b77ffdf6363f311,6b8d295612dfbb4370177cfeecfe3f796b4f612907a36cead163024301fa0e1f,2026-09-24T16:00:17Z,43.0,103,-118,0.47646107444157887,1.0338952411081483,42.8,,INCOMPARABLE_POINTS,3,-3.424842560018938,0.0,43.0,0.4856689348927987,0.47646107444157887,0.4727874436277913,0.0077102433144053545,0.5195023130578033,MODELED_DEVELOPMENT_MARGIN_SHADOW_ONLY,SHADOW_ELIGIBLE,PASS,EXPERIMENTAL_SHADOW_NO_STAKES;SHADOW_ELIGIBLE,local:challenger+the-odds-api,2026-09-24T16:00:25.607332Z,2026-09-24T16:00:17Z,1.1.0,462d5a165f76d7780b09ed7ed5617f87ce95cad748dea4f7ed8baabac5d1f816
28edb23d9110ddabca60f31367b7f6c01a32e305847605707dcb084837b2bb7f,1.1.2,6590a4bbb77802175afa4c406de831d596569cbf2e1f596de7df0910f43e8fd5,e51f21289a5f63ada7c1746ad6385412db3f6a4e7fc3ba4e33e43fbdb6e9bf14,241bade8665d15f1855e8ed5cb5a8f8bc3dbb5e66c87d76b45ab5d76f1caa9f7,dffe8acdbd3e011d12e5e45e08331fd300f3b67f,d842d1fe-0de3-48ea-8341-bb9cfc6a6383,f1724dead3eab61546033032fc782375,2026_03_MIN_TB,2026,3,2026-09-27T20:05:00Z,totals,OVER,2026-09-24T16:00:22.882475Z,2026-09-24T16:00:22.454081Z,2026-09-22T18:51:43.097248Z,bb86d96ac8c5a37027060695827d4ca64ef6cc1d2ef5b5808941c85556f173d5,8e55b5dc81703e904245969bfb9cbc82f9ec05de2bc55ecff2d6d5758e64a3ca,2026-09-24T16:00:17Z,43.0,103,-118,0.47646107444157887,1.0338952411081483,42.8,,INCOMPARABLE_POINTS,3,-0.8218477817108147,0.1161508759454473,42.90454166026046,0.4878606435003719,0.4886901988846397,0.4886901988846397,0.0,0.5113098011153603,UNAVAILABLE_FOR_BETTING,DIAGNOSTIC_EARLY_SNAPSHOT,PASS,MODEL_LOCKED_UNTESTED_2026;UNCERTAINTY_UNAVAILABLE_FOR_BETTING;DIAGNOSTIC_EARLY_SNAPSHOT,local:v11-prospective-observer,2026-09-24T16:00:22.882475Z,2026-09-24T16:00:17Z,1.1.0,81e3ad611ab4978097d990ebb665f625584471ea4db25f710384a9ea17932527
4dac6755638f060fb1c766a0ab5f01f856c50a7d691232718d3f8767facce7b8,1.1.2,6590a4bbb77802175afa4c406de831d596569cbf2e1f596de7df0910f43e8fd5,e51f21289a5f63ada7c1746ad6385412db3f6a4e7fc3ba4e33e43fbdb6e9bf14,241bade8665d15f1855e8ed5cb5a8f8bc3dbb5e66c87d76b45ab5d76f1caa9f7,dffe8acdbd3e011d12e5e45e08331fd300f3b67f,b7f8819c-86a9-428f-bb46-debf3999015c,f1724dead3eab61546033032fc782375,2026_03_MIN_TB,2026,3,2026-09-27T20:05:00Z,totals,OVER,2026-09-25T21:00:29.089372Z,2026-09-25T21:00:28.639096Z,2026-09-22T18:51:43.097248Z,bb86d96ac8c5a37027060695827d4ca64ef6cc1d2ef5b5808941c85556f173d5,8e55b5dc81703e904245969bfb9cbc82f9ec05de2bc55ecff2d6d5758e64a3ca,2026-09-25T20:59:58Z,43.0,103,-118,0.47646107444157887,1.0338952411081483,42.8,,INCOMPARABLE_POINTS,3,-0.8218477817108147,0.1161508759454473,42.90454166026046,0.4878606435003719,0.4886901988846397,0.4886901988846397,0.0,0.5113098011153603,UNAVAILABLE_FOR_BETTING,DIAGNOSTIC_EARLY_SNAPSHOT,PASS,MODEL_LOCKED_UNTESTED_2026;UNCERTAINTY_UNAVAILABLE_FOR_BETTING;DIAGNOSTIC_EARLY_SNAPSHOT,local:v11-prospective-observer,2026-09-25T21:00:29.089372Z,2026-09-25T20:59:58Z,1.1.0,566983db53fc364e76da8e04e59e34404e0a71651de0a3d3496f1ec44d2c79a9
f2bf8edfe35207df97c4b0be9bbf5a0b70ac01e1e9e79009610237cfdb4604c6,challenger-0.2.0,5c8bf3ec348a261ab2c0ce94bd8cc315f754a8dc991c15c20d0d961d06997984,49fadb583b0dee0ba78c242826cb3e521cee0c4af2da837cfd5df18936598793,159ec87beb47e140832d992a80618f94b5cef5681c9d11c24e999ce1cad03b10,dffe8acdbd3e011d12e5e45e08331fd300f3b67f,b7f8819c-86a9-428f-bb46-debf3999015c,f1724dead3eab61546033032fc782375,2026_03_MIN_TB,2026,3,2026-09-27T20:05:00Z,totals,OVER,2026-09-25T21:00:31.801654Z,2026-09-25T21:00:28.639096Z,2026-09-22T18:51:43.097248Z,3ecdbfbaf3290a1d0f9b9aee517e61634d37a7bdde41367b8b77ffdf6363f311,6b8d295612dfbb4370177cfeecfe3f796b4f612907a36cead163024301fa0e1f,2026-09-25T20:59:58Z,43.0,103,-118,0.47646107444157887,1.0338952411081483,42.8,,INCOMPARABLE_POINTS,3,-3.424842560018938,0.0,43.0,0.4856689348927987,0.47646107444157887,0.4727874436277913,0.0077102433144053545,0.5195023130578033,MODELED_DEVELOPMENT_MARGIN_SHADOW_ONLY,SHADOW_ELIGIBLE,PASS,EXPERIMENTAL_SHADOW_NO_STAKES;SHADOW_ELIGIBLE,local:challenger+the-odds-api,2026-09-25T21:00:31.801654Z,2026-09-25T20:59:58Z,1.1.0,f8620fd35c50cbff8e1aeb3655d637f7965f43c8043849a27dcc795dedfcca3e
18d0c6b4f1c742d2bfbcc79f06321e6ed86d9af1ce9e3fde483cdd777af3a131,challenger-0.2.0,5c8bf3ec348a261ab2c0ce94bd8cc315f754a8dc991c15c20d0d961d06997984,49fadb583b0dee0ba78c242826cb3e521cee0c4af2da837cfd5df18936598793,159ec87beb47e140832d992a80618f94b5cef5681c9d11c24e999ce1cad03b10,dffe8acdbd3e011d12e5e45e08331fd300f3b67f,8b8b5771-d3ca-480c-9980-dac450e82c42,f1724dead3eab61546033032fc782375,2026_03_MIN_TB,2026,3,2026-09-27T20:05:00Z,totals,OVER,2026-09-26T13:00:30.675609Z,2026-09-26T13:00:27.208512Z,2026-09-22T18:51:43.097248Z,3ecdbfbaf3290a1d0f9b9aee517e61634d37a7bdde41367b8b77ffdf6363f311,6b8d295612dfbb4370177cfeecfe3f796b4f612907a36cead163024301fa0e1f,2026-09-26T13:00:05Z,43.0,103,-118,0.47646107444157887,1.0338952411081483,42.8,,INCOMPARABLE_POINTS,3,-3.424842560018938,0.0,43.0,0.4856689348927987,0.47646107444157887,0.4727874436277913,0.0077102433144053545,0.5195023130578033,MODELED_DEVELOPMENT_MARGIN_SHADOW_ONLY,SHADOW_ELIGIBLE,PASS,EXPERIMENTAL_SHADOW_NO_STAKES;SHADOW_ELIGIBLE,local:challenger+the-odds-api,2026-09-26T13:00:30.675609Z,2026-09-26T13:00:05Z,1.1.0,322fa0c5225344ed9f3975a12661e29134c3355caebd477d0c167e605fe33b4d
bcc4e232652a1b228cb54d3ca449aea07063e320cf78d128dd8df4be874dda53,1.1.2,6590a4bbb77802175afa4c406de831d596569cbf2e1f596de7df0910f43e8fd5,e51f21289a5f63ada7c1746ad6385412db3f6a4e7fc3ba4e33e43fbdb6e9bf14,241bade8665d15f1855e8ed5cb5a8f8bc3dbb5e66c87d76b45ab5d76f1caa9f7,dffe8acdbd3e011d12e5e45e08331fd300f3b67f,8b8b5771-d3ca-480c-9980-dac450e82c42,f1724dead3eab61546033032fc782375,2026_03_MIN_TB,2026,3,2026-09-27T20:05:00Z,totals,OVER,2026-09-26T13:00:27.689180Z,2026-09-26T13:00:27.208512Z,2026-09-22T18:51:43.097248Z,bb86d96ac8c5a37027060695827d4ca64ef6cc1d2ef5b5808941c85556f173d5,8e55b5dc81703e904245969bfb9cbc82f9ec05de2bc55ecff2d6d5758e64a3ca,2026-09-26T13:00:05Z,43.0,103,-118,0.47646107444157887,1.0338952411081483,42.8,,INCOMPARABLE_POINTS,3,-0.8218477817108147,0.1161508759454473,42.90454166026046,0.4878606435003719,0.4886901988846397,0.4886901988846397,0.0,0.5113098011153603,UNAVAILABLE_FOR_BETTING,DIAGNOSTIC_EARLY_SNAPSHOT,PASS,MODEL_LOCKED_UNTESTED_2026;UNCERTAINTY_UNAVAILABLE_FOR_BETTING;DIAGNOSTIC_EARLY_SNAPSHOT,local:v11-prospective-observer,2026-09-26T13:00:27.689180Z,2026-09-26T13:00:05Z,1.1.0,ba19b69a4432562b9c449fb128f94cec43c8ed2c6117c60d45abd1a79121df49
316e3d773735117e32d094085c0b96c2411659ca7d611fc7b3ac9ba41225b8e7,challenger-0.2.0,5c8bf3ec348a261ab2c0ce94bd8cc315f754a8dc991c15c20d0d961d06997984,49fadb583b0dee0ba78c242826cb3e521cee0c4af2da837cfd5df18936598793,159ec87beb47e140832d992a80618f94b5cef5681c9d11c24e999ce1cad03b10,dffe8acdbd3e011d12e5e45e08331fd300f3b67f,d2d710b1-c436-4180-8c43-56a6e84b5e0f,f1724dead3eab61546033032fc782375,2026_03_MIN_TB,2026,3,2026-09-27T20:05:00Z,totals,OVER,2026-09-26T21:00:29.199963Z,2026-09-26T21:00:25.892304Z,2026-09-22T18:51:43.097248Z,3ecdbfbaf3290a1d0f9b9aee517e61634d37a7bdde41367b8b77ffdf6363f311,6b8d295612dfbb4370177cfeecfe3f796b4f612907a36cead163024301fa0e1f,2026-09-26T20:59:57Z,43.0,103,-118,0.47646107444157887,1.0338952411081483,42.8,,INCOMPARABLE_POINTS,3,-3.424842560018938,0.0,43.0,0.4856689348927987,0.47646107444157887,0.4727874436277913,0.0077102433144053545,0.5195023130578033,MODELED_DEVELOPMENT_MARGIN_SHADOW_ONLY,SHADOW_ELIGIBLE,PASS,EXPERIMENTAL_SHADOW_NO_STAKES;SHADOW_ELIGIBLE,local:challenger+the-odds-api,2026-09-26T21:00:29.199963Z,2026-09-26T20:59:57Z,1.1.0,04ba208d6e2fc9e4027a2559acade124c21728eeb92726067e326155157fd092
a373e970638e43d6af86fe1b7a9f7bc54101e568d313ebd95260c7ca73bf5f2f,1.1.2,6590a4bbb77802175afa4c406de831d596569cbf2e1f596de7df0910f43e8fd5,e51f21289a5f63ada7c1746ad6385412db3f6a4e7fc3ba4e33e43fbdb6e9bf14,241bade8665d15f1855e8ed5cb5a8f8bc3dbb5e66c87d76b45ab5d76f1caa9f7,dffe8acdbd3e011d12e5e45e08331fd300f3b67f,d2d710b1-c436-4180-8c43-56a6e84b5e0f,f1724dead3eab61546033032fc782375,2026_03_MIN_TB,2026,3,2026-09-27T20:05:00Z,totals,OVER,2026-09-26T21:00:26.360329Z,2026-09-26T21:00:25.892304Z,2026-09-22T18:51:43.097248Z,bb86d96ac8c5a37027060695827d4ca64ef6cc1d2ef5b5808941c85556f173d5,8e55b5dc81703e904245969bfb9cbc82f9ec05de2bc55ecff2d6d5758e64a3ca,2026-09-26T20:59:57Z,43.0,103,-118,0.47646107444157887,1.0338952411081483,42.8,,INCOMPARABLE_POINTS,3,-0.8218477817108147,0.1161508759454473,42.90454166026046,0.4878606435003719,0.4886901988846397,0.4886901988846397,0.0,0.5113098011153603,UNAVAILABLE_FOR_BETTING,DIAGNOSTIC_EARLY_SNAPSHOT,PASS,MODEL_LOCKED_UNTESTED_2026;UNCERTAINTY_UNAVAILABLE_FOR_BETTING;DIAGNOSTIC_EARLY_SNAPSHOT,local:v11-prospective-observer,2026-09-26T21:00:26.360329Z,2026-09-26T20:59:57Z,1.1.0,5dc8c5841d269f91913464b220038aaac38dfa1c8dfc37b526347caf3e293bbf
09c1b8c941fefd980a835f3824706ea93dc9911639efe6f262cac6e98b5accdf,1.1.2,6590a4bbb77802175afa4c406de831d596569cbf2e1f596de7df0910f43e8fd5,e51f21289a5f63ada7c1746ad6385412db3f6a4e7fc3ba4e33e43fbdb6e9bf14,241bade8665d15f1855e8ed5cb5a8f8bc3dbb5e66c87d76b45ab5d76f1caa9f7,dffe8acdbd3e011d12e5e45e08331fd300f3b67f,214053eb-5084-4022-8817-4ddbbf933e60,f1724dead3eab61546033032fc782375,2026_03_MIN_TB,2026,3,2026-09-27T20:05:00Z,totals,OVER,2026-09-27T03:00:57.907341Z,2026-09-27T03:00:57.384540Z,2026-09-22T18:51:43.097248Z,bb86d96ac8c5a37027060695827d4ca64ef6cc1d2ef5b5808941c85556f173d5,8e55b5dc81703e904245969bfb9cbc82f9ec05de2bc55ecff2d6d5758e64a3ca,2026-09-27T03:00:51Z,43.0,103,-118,0.47646107444157887,1.0338952411081483,42.8,,INCOMPARABLE_POINTS,3,-0.8218477817108147,0.1161508759454473,42.90454166026046,0.4878606435003719,0.4886901988846397,0.4886901988846397,0.0,0.5113098011153603,UNAVAILABLE_FOR_BETTING,DIAGNOSTIC_EARLY_SNAPSHOT,PASS,MODEL_LOCKED_UNTESTED_2026;UNCERTAINTY_UNAVAILABLE_FOR_BETTING;DIAGNOSTIC_EARLY_SNAPSHOT,local:v11-prospective-observer,2026-09-27T03:00:57.907341Z,2026-09-27T03:00:51Z,1.1.0,253909c7927f8285c68755fffc5b88e874b71d8ecdb7c61bd18ccca29ad8702c
b33c8984c3d2b07929e043f6a7917616bb8cf4a43dfbf1bfbb75b772a4a273f1,challenger-0.2.0,5c8bf3ec348a261ab2c0ce94bd8cc315f754a8dc991c15c20d0d961d06997984,49fadb583b0dee0ba78c242826cb3e521cee0c4af2da837cfd5df18936598793,159ec87beb47e140832d992a80618f94b5cef5681c9d11c24e999ce1cad03b10,dffe8acdbd3e011d12e5e45e08331fd300f3b67f,214053eb-5084-4022-8817-4ddbbf933e60,f1724dead3eab61546033032fc782375,2026_03_MIN_TB,2026,3,2026-09-27T20:05:00Z,totals,OVER,2026-09-27T03:01:00.857309Z,2026-09-27T03:00:57.384540Z,2026-09-22T18:51:43.097248Z,3ecdbfbaf3290a1d0f9b9aee517e61634d37a7bdde41367b8b77ffdf6363f311,6b8d295612dfbb4370177cfeecfe3f796b4f612907a36cead163024301fa0e1f,2026-09-27T03:00:51Z,43.0,103,-118,0.47646107444157887,1.0338952411081483,42.8,,INCOMPARABLE_POINTS,3,-3.424842560018938,0.0,43.0,0.4856689348927987,0.47646107444157887,0.4727874436277913,0.0077102433144053545,0.5195023130578033,MODELED_DEVELOPMENT_MARGIN_SHADOW_ONLY,SHADOW_ELIGIBLE,PASS,EXPERIMENTAL_SHADOW_NO_STAKES;SHADOW_ELIGIBLE,local:challenger+the-odds-api,2026-09-27T03:01:00.857309Z,2026-09-27T03:00:51Z,1.1.0,1d879dab786fd7fbac4728ca8eef4285531b783fca8a951dca3c7e3f24644f93
440a1d04043094fe64a0cbe8ddfcea07e72824e474d191953ab598801cf23f7b,1.1.2,6590a4bbb77802175afa4c406de831d596569cbf2e1f596de7df0910f43e8fd5,e51f21289a5f63ada7c1746ad6385412db3f6a4e7fc3ba4e33e43fbdb6e9bf14,241bade8665d15f1855e8ed5cb5a8f8bc3dbb5e66c87d76b45ab5d76f1caa9f7,b143eda428696625817bd7042b4cf3a453477386,e1878b61-7760-4e06-9ca0-bec5e38d131c,f1724dead3eab61546033032fc782375,2026_03_MIN_TB,2026,3,2026-09-27T20:05:00Z,totals,OVER,2026-09-27T12:45:22.508290Z,2026-09-27T12:45:22.019645Z,2026-09-22T18:51:43.097248Z,bb86d96ac8c5a37027060695827d4ca64ef6cc1d2ef5b5808941c85556f173d5,8e55b5dc81703e904245969bfb9cbc82f9ec05de2bc55ecff2d6d5758e64a3ca,2026-09-27T12:45:16Z,43.0,104,-117,0.47621137640449435,1.029366585343815,42.8,,INCOMPARABLE_POINTS,3,-0.8218477817108147,0.1161508759454473,42.90454166026046,0.4878606435003719,0.4886901988846397,0.4886901988846397,0.0,0.5113098011153603,UNAVAILABLE_FOR_BETTING,DIAGNOSTIC_EARLY_SNAPSHOT,PASS,MODEL_LOCKED_UNTESTED_2026;UNCERTAINTY_UNAVAILABLE_FOR_BETTING;DIAGNOSTIC_EARLY_SNAPSHOT,local:v11-prospective-observer,2026-09-27T12:45:22.508290Z,2026-09-27T12:45:16Z,1.1.0,a9f7a099a662ffd20759101820884ab97f61bcb9cb81c97203a4c2bec77b373a
e6276ef56e796aa3a0c7a9a48d44d819aa4316d13f7a8c969f64bf63e913a045,challenger-0.2.0,5c8bf3ec348a261ab2c0ce94bd8cc315f754a8dc991c15c20d0d961d06997984,49fadb583b0dee0ba78c242826cb3e521cee0c4af2da837cfd5df18936598793,159ec87beb47e140832d992a80618f94b5cef5681c9d11c24e999ce1cad03b10,b143eda428696625817bd7042b4cf3a453477386,e1878b61-7760-4e06-9ca0-bec5e38d131c,f1724dead3eab61546033032fc782375,2026_03_MIN_TB,2026,3,2026-09-27T20:05:00Z,totals,OVER,2026-09-27T12:45:25.295673Z,2026-09-27T12:45:22.019645Z,2026-09-22T18:51:43.097248Z,3ecdbfbaf3290a1d0f9b9aee517e61634d37a7bdde41367b8b77ffdf6363f311,6b8d295612dfbb4370177cfeecfe3f796b4f612907a36cead163024301fa0e1f,2026-09-27T12:45:16Z,43.0,104,-117,0.47621137640449435,1.029366585343815,42.8,,INCOMPARABLE_POINTS,3,-3.424842560018938,0.0,43.0,0.4856689348927987,0.47621137640449435,0.4725396708233278,0.0077102433144053545,0.5197500858622668,MODELED_DEVELOPMENT_MARGIN_SHADOW_ONLY,SHADOW_ELIGIBLE,PASS,EXPERIMENTAL_SHADOW_NO_STAKES;SHADOW_ELIGIBLE,local:challenger+the-odds-api,2026-09-27T12:45:25.295673Z,2026-09-27T12:45:16Z,1.1.0,92a2fb69080db00e1a79ca5038a4396ffcdbb3d2cb906b2db11279fc5089de54
3df2d9f136f04c55b061e58d691b242b62d99ec2d41f4a6fe93ccd5247565a15,1.1.2,6590a4bbb77802175afa4c406de831d596569cbf2e1f596de7df0910f43e8fd5,e51f21289a5f63ada7c1746ad6385412db3f6a4e7fc3ba4e33e43fbdb6e9bf14,241bade8665d15f1855e8ed5cb5a8f8bc3dbb5e66c87d76b45ab5d76f1caa9f7,c8df716c912e3f6e3b11d508f2988b51a9d4b5a7,d4b87e91-991a-4aa9-bfef-bc8de675e276,84cfca14efc21363fd605508404cf1ff,2026_03_BAL_DAL,2026,3,2026-09-27T20:25:00Z,spreads,HOME,2026-09-23T13:00:21.951453Z,2026-09-23T13:00:21.551276Z,2026-09-22T18:51:43.097248Z,bb86d96ac8c5a37027060695827d4ca64ef6cc1d2ef5b5808941c85556f173d5,6f53c6da66bd935bd61bc26ad38b65b3e9dfa67e528e5354adeda41ed2421ce5,2026-09-23T13:00:20Z,-3.0,111,-125,0.4603580562659846,1.0294892048446551,-3.2,,INCOMPARABLE_POINTS,3,-0.4779842705123097,0.0,-3.0,0.530372745231012,0.49504906812277805,0.4590133874766894,0.07279213913629948,0.46819447338701115,UNAVAILABLE_FOR_BETTING,DIAGNOSTIC_EARLY_SNAPSHOT,PASS,MODEL_LOCKED_UNTESTED_2026;UNCERTAINTY_UNAVAILABLE_FOR_BETTING;DIAGNOSTIC_EARLY_SNAPSHOT,local:v11-prospective-observer,2026-09-23T13:00:21.951453Z,2026-09-23T13:00:20Z,1.1.0,294a1f9261703f5e6df42e7ba04ff8dfb30e8a4c792b61cd77ad04487a7aa5cb
b519ea82d90153684c49cf42ec6c99aee58570f793e87c8b1b58a6fc16fe805b,challenger-0.2.0,5c8bf3ec348a261ab2c0ce94bd8cc315f754a8dc991c15c20d0d961d06997984,49fadb583b0dee0ba78c242826cb3e521cee0c4af2da837cfd5df18936598793,159ec87beb47e140832d992a80618f94b5cef5681c9d11c24e999ce1cad03b10,c8df716c912e3f6e3b11d508f2988b51a9d4b5a7,d4b87e91-991a-4aa9-bfef-bc8de675e276,84cfca14efc21363fd605508404cf1ff,2026_03_BAL_DAL,2026,3,2026-09-27T20:25:00Z,spreads,HOME,2026-09-23T13:00:24.484171Z,2026-09-23T13:00:21.551276Z,2026-09-22T18:51:43.097248Z,3ecdbfbaf3290a1d0f9b9aee517e61634d37a7bdde41367b8b77ffdf6363f311,,2026-09-23T13:00:20Z,-3.0,111,-125,0.4603580562659846,1.0294892048446551,-3.2,,INCOMPARABLE_POINTS,3,,,,,,,,,MODELED_DEVELOPMENT_MARGIN_SHADOW_ONLY,INELIGIBLE_FEATURES,PASS,EXPERIMENTAL_SHADOW_NO_STAKES;INELIGIBLE_FEATURES;Challenger pregame model features are incomplete,local:challenger+the-odds-api,2026-09-23T13:00:24.484171Z,2026-09-23T13:00:20Z,1.1.0,606722990da1822861b71843d0fc294a806a829176a894906057b47fec290000
4166bcb810e20ab02b13c1b1c4bafbdea9062ff9cebd397b932fd8480248408b,1.1.2,6590a4bbb77802175afa4c406de831d596569cbf2e1f596de7df0910f43e8fd5,e51f21289a5f63ada7c1746ad6385412db3f6a4e7fc3ba4e33e43fbdb6e9bf14,241bade8665d15f1855e8ed5cb5a8f8bc3dbb5e66c87d76b45ab5d76f1caa9f7,dffe8acdbd3e011d12e5e45e08331fd300f3b67f,d842d1fe-0de3-48ea-8341-bb9cfc6a6383,84cfca14efc21363fd605508404cf1ff,2026_03_BAL_DAL,2026,3,2026-09-27T20:25:00Z,spreads,HOME,2026-09-24T16:00:22.882475Z,2026-09-24T16:00:22.454081Z,2026-09-22T18:51:43.097248Z,bb86d96ac8c5a37027060695827d4ca64ef6cc1d2ef5b5808941c85556f173d5,6f53c6da66bd935bd61bc26ad38b65b3e9dfa67e528e5354adeda41ed2421ce5,2026-09-24T16:00:17Z,-3.5,-110,-102,0.5091659028414299,1.0287600188590287,-3.5,0.5105467923611742,VALID,3,-0.4779842705123097,0.0,-3.5,0.5723847356389261,0.5014327422075912,0.5003210864338616,0.002216958886321089,0.4974619546798172,UNAVAILABLE_FOR_BETTING,DIAGNOSTIC_EARLY_SNAPSHOT,PASS,MODEL_LOCKED_UNTESTED_2026;UNCERTAINTY_UNAVAILABLE_FOR_BETTING;DIAGNOSTIC_EARLY_SNAPSHOT,local:v11-prospective-observer,2026-09-24T16:00:22.882475Z,2026-09-24T16:00:17Z,1.1.0,f11b90d6ed721bb0959c4d536d68682393d3077c12c7ad3086ef7e3e6543ea94
9adf4c8e64a633c781d4cb45cae020f77680f87124c8f2b0a7b2cc30723e5490,challenger-0.2.0,5c8bf3ec348a261ab2c0ce94bd8cc315f754a8dc991c15c20d0d961d06997984,49fadb583b0dee0ba78c242826cb3e521cee0c4af2da837cfd5df18936598793,159ec87beb47e140832d992a80618f94b5cef5681c9d11c24e999ce1cad03b10,dffe8acdbd3e011d12e5e45e08331fd300f3b67f,d842d1fe-0de3-48ea-8341-bb9cfc6a6383,84cfca14efc21363fd605508404cf1ff,2026_03_BAL_DAL,2026,3,2026-09-27T20:25:00Z,spreads,HOME,2026-09-24T16:00:25.607332Z,2026-09-24T16:00:22.454081Z,2026-09-22T18:51:43.097248Z,3ecdbfbaf3290a1d0f9b9aee517e61634d37a7bdde41367b8b77ffdf6363f311,,2026-09-24T16:00:17Z,-3.5,-110,-102,0.5091659028414299,1.0287600188590287,-3.5,0.5105467923611742,VALID,3,,,,,,,,,MODELED_DEVELOPMENT_MARGIN_SHADOW_ONLY,INELIGIBLE_FEATURES,PASS,EXPERIMENTAL_SHADOW_NO_STAKES;INELIGIBLE_FEATURES;Challenger pregame model features are incomplete,local:challenger+the-odds-api,2026-09-24T16:00:25.607332Z,2026-09-24T16:00:17Z,1.1.0,42b9acbf45ab44fe07695cf23cbf158231a4510d3b424bb6a8014edfef9e76db
d6532d402607017980f753efb94b97aec1480cb75adf84296cd9a9f02dc34331,1.1.2,6590a4bbb77802175afa4c406de831d596569cbf2e1f596de7df0910f43e8fd5,e51f21289a5f63ada7c1746ad6385412db3f6a4e7fc3ba4e33e43fbdb6e9bf14,241bade8665d15f1855e8ed5cb5a8f8bc3dbb5e66c87d76b45ab5d76f1caa9f7,dffe8acdbd3e011d12e5e45e08331fd300f3b67f,b7f8819c-86a9-428f-bb46-debf3999015c,84cfca14efc21363fd605508404cf1ff,2026_03_BAL_DAL,2026,3,2026-09-27T20:25:00Z,spreads,HOME,2026-09-25T21:00:29.089372Z,2026-09-25T21:00:28.639096Z,2026-09-22T18:51:43.097248Z,bb86d96ac8c5a37027060695827d4ca64ef6cc1d2ef5b5808941c85556f173d5,6f53c6da66bd935bd61bc26ad38b65b3e9dfa67e528e5354adeda41ed2421ce5,2026-09-25T20:59:58Z,-3.5,-110,-102,0.5091659028414299,1.0287600188590287,-3.5,0.5099727894712148,VALID,3,-0.4779842705123097,0.0,-3.5,0.5723847356389261,0.5014327422075912,0.5003210864338616,0.002216958886321089,0.4974619546798172,UNAVAILABLE_FOR_BETTING,DIAGNOSTIC_EARLY_SNAPSHOT,PASS,MODEL_LOCKED_UNTESTED_2026;UNCERTAINTY_UNAVAILABLE_FOR_BETTING;DIAGNOSTIC_EARLY_SNAPSHOT,local:v11-prospective-observer,2026-09-25T21:00:29.089372Z,2026-09-25T20:59:58Z,1.1.0,5324c027c0c0df72ff4141591a510a7ac0bd90cd01455ac122dff73be58b27e5
db0f0b55c97f033d80d1203c5ff5734feb78beaa7a9a437d36e780dd89eba4e6,challenger-0.2.0,5c8bf3ec348a261ab2c0ce94bd8cc315f754a8dc991c15c20d0d961d06997984,49fadb583b0dee0ba78c242826cb3e521cee0c4af2da837cfd5df18936598793,159ec87beb47e140832d992a80618f94b5cef5681c9d11c24e999ce1cad03b10,dffe8acdbd3e011d12e5e45e08331fd300f3b67f,b7f8819c-86a9-428f-bb46-debf3999015c,84cfca14efc21363fd605508404cf1ff,2026_03_BAL_DAL,2026,3,2026-09-27T20:25:00Z,spreads,HOME,2026-09-25T21:00:31.801654Z,2026-09-25T21:00:28.639096Z,2026-09-22T18:51:43.097248Z,3ecdbfbaf3290a1d0f9b9aee517e61634d37a7bdde41367b8b77ffdf6363f311,,2026-09-25T20:59:58Z,-3.5,-110,-102,0.5091659028414299,1.0287600188590287,-3.5,0.5099727894712148,VALID,3,,,,,,,,,MODELED_DEVELOPMENT_MARGIN_SHADOW_ONLY,INELIGIBLE_FEATURES,PASS,EXPERIMENTAL_SHADOW_NO_STAKES;INELIGIBLE_FEATURES;Challenger pregame model features are incomplete,local:challenger+the-odds-api,2026-09-25T21:00:31.801654Z,2026-09-25T20:59:58Z,1.1.0,d837b2e8299741115f51970031526de59ee5b2380f1b06161ff32e9b7c22c512
a8850d89d9dc9d883bc6dc9d37eed650b698bca3be14c6d6d0cc63f9aa57ad5b,1.1.2,6590a4bbb77802175afa4c406de831d596569cbf2e1f596de7df0910f43e8fd5,e51f21289a5f63ada7c1746ad6385412db3f6a4e7fc3ba4e33e43fbdb6e9bf14,241bade8665d15f1855e8ed5cb5a8f8bc3dbb5e66c87d76b45ab5d76f1caa9f7,dffe8acdbd3e011d12e5e45e08331fd300f3b67f,8b8b5771-d3ca-480c-9980-dac450e82c42,84cfca14efc21363fd605508404cf1ff,2026_03_BAL_DAL,2026,3,2026-09-27T20:25:00Z,spreads,HOME,2026-09-26T13:00:27.689180Z,2026-09-26T13:00:27.208512Z,2026-09-22T18:51:43.097248Z,bb86d96ac8c5a37027060695827d4ca64ef6cc1d2ef5b5808941c85556f173d5,6f53c6da66bd935bd61bc26ad38b65b3e9dfa67e528e5354adeda41ed2421ce5,2026-09-26T13:00:05Z,-3.5,-114,101,0.5170826375411832,1.0302227181847772,-3.5,0.5168767072464928,VALID,3,-0.4779842705123097,0.0,-3.5,0.5723847356389261,0.5014327422075912,0.5003210864338616,0.002216958886321089,0.4974619546798172,UNAVAILABLE_FOR_BETTING,DIAGNOSTIC_EARLY_SNAPSHOT,PASS,MODEL_LOCKED_UNTESTED_2026;UNCERTAINTY_UNAVAILABLE_FOR_BETTING;DIAGNOSTIC_EARLY_SNAPSHOT,local:v11-prospective-observer,2026-09-26T13:00:27.689180Z,2026-09-26T13:00:05Z,1.1.0,fd3e47bf641e2676071306a30d35f010280ca479348352e0303f8f7da08e10c8
a97714475e0e251867ad888601c098c942d0fd0ffe26bd7e017ed181cd65d723,challenger-0.2.0,5c8bf3ec348a261ab2c0ce94bd8cc315f754a8dc991c15c20d0d961d06997984,49fadb583b0dee0ba78c242826cb3e521cee0c4af2da837cfd5df18936598793,159ec87beb47e140832d992a80618f94b5cef5681c9d11c24e999ce1cad03b10,dffe8acdbd3e011d12e5e45e08331fd300f3b67f,8b8b5771-d3ca-480c-9980-dac450e82c42,84cfca14efc21363fd605508404cf1ff,2026_03_BAL_DAL,2026,3,2026-09-27T20:25:00Z,spreads,HOME,2026-09-26T13:00:30.675609Z,2026-09-26T13:00:27.208512Z,2026-09-22T18:51:43.097248Z,3ecdbfbaf3290a1d0f9b9aee517e61634d37a7bdde41367b8b77ffdf6363f311,,2026-09-26T13:00:05Z,-3.5,-114,101,0.5170826375411832,1.0302227181847772,-3.5,0.5168767072464928,VALID,3,,,,,,,,,MODELED_DEVELOPMENT_MARGIN_SHADOW_ONLY,INELIGIBLE_FEATURES,PASS,EXPERIMENTAL_SHADOW_NO_STAKES;INELIGIBLE_FEATURES;Challenger pregame model features are incomplete,local:challenger+the-odds-api,2026-09-26T13:00:30.675609Z,2026-09-26T13:00:05Z,1.1.0,b7e91426909e8875f6f9a1d5d1b53d2e54d1f45b341d116cb539d4e656eb7521
02a6385d8f7d016057d2a245b00ead709d3a06629728ba16b373ae56cb8b24a0,challenger-0.2.0,5c8bf3ec348a261ab2c0ce94bd8cc315f754a8dc991c15c20d0d961d06997984,49fadb583b0dee0ba78c242826cb3e521cee0c4af2da837cfd5df18936598793,159ec87beb47e140832d992a80618f94b5cef5681c9d11c24e999ce1cad03b10,dffe8acdbd3e011d12e5e45e08331fd300f3b67f,d2d710b1-c436-4180-8c43-56a6e84b5e0f,84cfca14efc21363fd605508404cf1ff,2026_03_BAL_DAL,2026,3,2026-09-27T20:25:00Z,spreads,HOME,2026-09-26T21:00:29.199963Z,2026-09-26T21:00:25.892304Z,2026-09-22T18:51:43.097248Z,3ecdbfbaf3290a1d0f9b9aee517e61634d37a7bdde41367b8b77ffdf6363f311,,2026-09-26T20:59:57Z,-3.5,-116,103,0.5215734916275362,1.0296478744754607,-3.4333333333333336,,INCOMPARABLE_POINTS,3,,,,,,,,,MODELED_DEVELOPMENT_MARGIN_SHADOW_ONLY,INELIGIBLE_FEATURES,PASS,EXPERIMENTAL_SHADOW_NO_STAKES;INELIGIBLE_FEATURES;Challenger pregame model features are incomplete,local:challenger+the-odds-api,2026-09-26T21:00:29.199963Z,2026-09-26T20:59:57Z,1.1.0,7998e51c7ea8583505ada255320eb8ed9591d81878d2feb964572a1816394db1
9da142fd6e28abf9d7c4feae9a3341509f988abbbd1fd35b9300c1196fdc3aa7,1.1.2,6590a4bbb77802175afa4c406de831d596569cbf2e1f596de7df0910f43e8fd5,e51f21289a5f63ada7c1746ad6385412db3f6a4e7fc3ba4e33e43fbdb6e9bf14,241bade8665d15f1855e8ed5cb5a8f8bc3dbb5e66c87d76b45ab5d76f1caa9f7,dffe8acdbd3e011d12e5e45e08331fd300f3b67f,d2d710b1-c436-4180-8c43-56a6e84b5e0f,84cfca14efc21363fd605508404cf1ff,2026_03_BAL_DAL,2026,3,2026-09-27T20:25:00Z,spreads,HOME,2026-09-26T21:00:26.360329Z,2026-09-26T21:00:25.892304Z,2026-09-22T18:51:43.097248Z,bb86d96ac8c5a37027060695827d4ca64ef6cc1d2ef5b5808941c85556f173d5,6f53c6da66bd935bd61bc26ad38b65b3e9dfa67e528e5354adeda41ed2421ce5,2026-09-26T20:59:57Z,-3.5,-116,103,0.5215734916275362,1.0296478744754607,-3.4333333333333336,,INCOMPARABLE_POINTS,3,-0.4779842705123097,0.0,-3.5,0.5723847356389261,0.5014327422075912,0.5003210864338616,0.002216958886321089,0.4974619546798172,UNAVAILABLE_FOR_BETTING,DIAGNOSTIC_EARLY_SNAPSHOT,PASS,MODEL_LOCKED_UNTESTED_2026;UNCERTAINTY_UNAVAILABLE_FOR_BETTING;DIAGNOSTIC_EARLY_SNAPSHOT,local:v11-prospective-observer,2026-09-26T21:00:26.360329Z,2026-09-26T20:59:57Z,1.1.0,e19bf9aac502fabed40f15e7dda881154bf04e3b073d9c53475faf86a26d71eb
3552e5baa85075c12f7907e3c3f3db5d13d3b18b899a3912439b6aa3cfc6c486,challenger-0.2.0,5c8bf3ec348a261ab2c0ce94bd8cc315f754a8dc991c15c20d0d961d06997984,49fadb583b0dee0ba78c242826cb3e521cee0c4af2da837cfd5df18936598793,159ec87beb47e140832d992a80618f94b5cef5681c9d11c24e999ce1cad03b10,dffe8acdbd3e011d12e5e45e08331fd300f3b67f,214053eb-5084-4022-8817-4ddbbf933e60,84cfca14efc21363fd605508404cf1ff,2026_03_BAL_DAL,2026,3,2026-09-27T20:25:00Z,spreads,HOME,2026-09-27T03:01:00.857309Z,2026-09-27T03:00:57.384540Z,2026-09-22T18:51:43.097248Z,3ecdbfbaf3290a1d0f9b9aee517e61634d37a7bdde41367b8b77ffdf6363f311,,2026-09-27T03:00:51Z,-3.5,-117,104,0.5237886235955056,1.029366585343815,-3.4333333333333336,,INCOMPARABLE_POINTS,3,,,,,,,,,MODELED_DEVELOPMENT_MARGIN_SHADOW_ONLY,INELIGIBLE_FEATURES,PASS,EXPERIMENTAL_SHADOW_NO_STAKES;INELIGIBLE_FEATURES;Challenger pregame model features are incomplete,local:challenger+the-odds-api,2026-09-27T03:01:00.857309Z,2026-09-27T03:00:51Z,1.1.0,106720def09245b7433e54b5c0d2c4a6ee30e37852c3d77179f62d8ff9e65fa4
d5ac02be78afc3aa5dca86bcd8d51e280a2b1e211f9824e50c42b1ede8f8b20e,1.1.2,6590a4bbb77802175afa4c406de831d596569cbf2e1f596de7df0910f43e8fd5,e51f21289a5f63ada7c1746ad6385412db3f6a4e7fc3ba4e33e43fbdb6e9bf14,241bade8665d15f1855e8ed5cb5a8f8bc3dbb5e66c87d76b45ab5d76f1caa9f7,dffe8acdbd3e011d12e5e45e08331fd300f3b67f,214053eb-5084-4022-8817-4ddbbf933e60,84cfca14efc21363fd605508404cf1ff,2026_03_BAL_DAL,2026,3,2026-09-27T20:25:00Z,spreads,HOME,2026-09-27T03:00:57.907341Z,2026-09-27T03:00:57.384540Z,2026-09-22T18:51:43.097248Z,bb86d96ac8c5a37027060695827d4ca64ef6cc1d2ef5b5808941c85556f173d5,6f53c6da66bd935bd61bc26ad38b65b3e9dfa67e528e5354adeda41ed2421ce5,2026-09-27T03:00:51Z,-3.5,-117,104,0.5237886235955056,1.029366585343815,-3.4333333333333336,,INCOMPARABLE_POINTS,3,-0.4779842705123097,0.0,-3.5,0.5723847356389261,0.5014327422075912,0.5003210864338616,0.002216958886321089,0.4974619546798172,UNAVAILABLE_FOR_BETTING,DIAGNOSTIC_EARLY_SNAPSHOT,PASS,MODEL_LOCKED_UNTESTED_2026;UNCERTAINTY_UNAVAILABLE_FOR_BETTING;DIAGNOSTIC_EARLY_SNAPSHOT,local:v11-prospective-observer,2026-09-27T03:00:57.907341Z,2026-09-27T03:00:51Z,1.1.0,0453a724ece37207ec01def65a6088c66d60adbf4a18f76771ef8f2d5593db22
611a8774f39c93e3694495170f1b54073cddbf7af7077bc60854f8764bf4d6a3,challenger-0.2.0,5c8bf3ec348a261ab2c0ce94bd8cc315f754a8dc991c15c20d0d961d06997984,49fadb583b0dee0ba78c242826cb3e521cee0c4af2da837cfd5df18936598793,159ec87beb47e140832d992a80618f94b5cef5681c9d11c24e999ce1cad03b10,b143eda428696625817bd7042b4cf3a453477386,e1878b61-7760-4e06-9ca0-bec5e38d131c,84cfca14efc21363fd605508404cf1ff,2026_03_BAL_DAL,2026,3,2026-09-27T20:25:00Z,spreads,HOME,2026-09-27T12:45:25.295673Z,2026-09-27T12:45:22.019645Z,2026-09-22T18:51:43.097248Z,3ecdbfbaf3290a1d0f9b9aee517e61634d37a7bdde41367b8b77ffdf6363f311,,2026-09-27T12:45:16Z,-3.5,-117,106,0.5262215623771888,1.024607400116326,-3.5,0.5216672987891096,VALID,3,,,,,,,,,MODELED_DEVELOPMENT_MARGIN_SHADOW_ONLY,INELIGIBLE_FEATURES,PASS,EXPERIMENTAL_SHADOW_NO_STAKES;INELIGIBLE_FEATURES;Challenger pregame model features are incomplete,local:challenger+the-odds-api,2026-09-27T12:45:25.295673Z,2026-09-27T12:45:16Z,1.1.0,f120ee75f93a27d4658a34785f36cfd1ed6f9633331c1785f734ef71aa6a290c
8b310a41b91f36b396f6c5759d19c20ed2cb5f995bedd8cc0e8be91209e96cdf,1.1.2,6590a4bbb77802175afa4c406de831d596569cbf2e1f596de7df0910f43e8fd5,e51f21289a5f63ada7c1746ad6385412db3f6a4e7fc3ba4e33e43fbdb6e9bf14,241bade8665d15f1855e8ed5cb5a8f8bc3dbb5e66c87d76b45ab5d76f1caa9f7,b143eda428696625817bd7042b4cf3a453477386,e1878b61-7760-4e06-9ca0-bec5e38d131c,84cfca14efc21363fd605508404cf1ff,2026_03_BAL_DAL,2026,3,2026-09-27T20:25:00Z,spreads,HOME,2026-09-27T12:45:22.508290Z,2026-09-27T12:45:22.019645Z,2026-09-22T18:51:43.097248Z,bb86d96ac8c5a37027060695827d4ca64ef6cc1d2ef5b5808941c85556f173d5,6f53c6da66bd935bd61bc26ad38b65b3e9dfa67e528e5354adeda41ed2421ce5,2026-09-27T12:45:16Z,-3.5,-117,106,0.5262215623771888,1.024607400116326,-3.5,0.5216672987891096,VALID,3,-0.4779842705123097,0.0,-3.5,0.5723847356389261,0.5014327422075912,0.5003210864338616,0.002216958886321089,0.4974619546798172,UNAVAILABLE_FOR_BETTING,DIAGNOSTIC_EARLY_SNAPSHOT,PASS,MODEL_LOCKED_UNTESTED_2026;UNCERTAINTY_UNAVAILABLE_FOR_BETTING;DIAGNOSTIC_EARLY_SNAPSHOT,local:v11-prospective-observer,2026-09-27T12:45:22.508290Z,2026-09-27T12:45:16Z,1.1.0,144df15b9845880ad9b5d07eade7d1944f8cc4eee6b20f57f6a615cfbc0398c0
0f209cc871e9f36ec5bf137f61eed19e58aa4854be29af3c05cc1f8d416a8667,1.1.2,6590a4bbb77802175afa4c406de831d596569cbf2e1f596de7df0910f43e8fd5,e51f21289a5f63ada7c1746ad6385412db3f6a4e7fc3ba4e33e43fbdb6e9bf14,241bade8665d15f1855e8ed5cb5a8f8bc3dbb5e66c87d76b45ab5d76f1caa9f7,c8df716c912e3f6e3b11d508f2988b51a9d4b5a7,d4b87e91-991a-4aa9-bfef-bc8de675e276,84cfca14efc21363fd605508404cf1ff,2026_03_BAL_DAL,2026,3,2026-09-27T20:25:00Z,totals,OVER,2026-09-23T13:00:21.951453Z,2026-09-23T13:00:21.551276Z,2026-09-22T18:51:43.097248Z,bb86d96ac8c5a37027060695827d4ca64ef6cc1d2ef5b5808941c85556f173d5,6f53c6da66bd935bd61bc26ad38b65b3e9dfa67e528e5354adeda41ed2421ce5,2026-09-23T13:00:20Z,53.0,-102,-113,0.4876548752020112,1.0354669269743875,52.8,,INCOMPARABLE_POINTS,3,0.8541453945645356,0.1161508759454473,53.09920973576344,0.4923952144738917,0.4976326480647574,0.4976326480647574,0.0,0.5023673519352426,UNAVAILABLE_FOR_BETTING,DIAGNOSTIC_EARLY_SNAPSHOT,PASS,MODEL_LOCKED_UNTESTED_2026;UNCERTAINTY_UNAVAILABLE_FOR_BETTING;DIAGNOSTIC_EARLY_SNAPSHOT,local:v11-prospective-observer,2026-09-23T13:00:21.951453Z,2026-09-23T13:00:20Z,1.1.0,9253e4534282138f3c77c6e4d46afee1c7bd9e6a5145f3436fbaf7356cdd6af4
5b125904ff8abd478ae5706e66af3048c3992d7edc5e5d810be062d485b3083f,challenger-0.2.0,5c8bf3ec348a261ab2c0ce94bd8cc315f754a8dc991c15c20d0d961d06997984,49fadb583b0dee0ba78c242826cb3e521cee0c4af2da837cfd5df18936598793,159ec87beb47e140832d992a80618f94b5cef5681c9d11c24e999ce1cad03b10,c8df716c912e3f6e3b11d508f2988b51a9d4b5a7,d4b87e91-991a-4aa9-bfef-bc8de675e276,84cfca14efc21363fd605508404cf1ff,2026_03_BAL_DAL,2026,3,2026-09-27T20:25:00Z,totals,OVER,2026-09-23T13:00:24.484171Z,2026-09-23T13:00:21.551276Z,2026-09-22T18:51:43.097248Z,3ecdbfbaf3290a1d0f9b9aee517e61634d37a7bdde41367b8b77ffdf6363f311,,2026-09-23T13:00:20Z,53.0,-102,-113,0.4876548752020112,1.0354669269743875,52.8,,INCOMPARABLE_POINTS,3,,,,,,,,,MODELED_DEVELOPMENT_MARGIN_SHADOW_ONLY,INELIGIBLE_FEATURES,PASS,EXPERIMENTAL_SHADOW_NO_STAKES;INELIGIBLE_FEATURES;Challenger pregame model features are incomplete,local:challenger+the-odds-api,2026-09-23T13:00:24.484171Z,2026-09-23T13:00:20Z,1.1.0,5e834a3af5e15c736ed5cc5c812624b78dfb0032593aca5a68f22690ad1347b7
7eb03ff5ca9d61458b78f6f6f49a4c6f302095510b924de23f9a9dcaf22673a8,1.1.2,6590a4bbb77802175afa4c406de831d596569cbf2e1f596de7df0910f43e8fd5,e51f21289a5f63ada7c1746ad6385412db3f6a4e7fc3ba4e33e43fbdb6e9bf14,241bade8665d15f1855e8ed5cb5a8f8bc3dbb5e66c87d76b45ab5d76f1caa9f7,dffe8acdbd3e011d12e5e45e08331fd300f3b67f,d842d1fe-0de3-48ea-8341-bb9cfc6a6383,84cfca14efc21363fd605508404cf1ff,2026_03_BAL_DAL,2026,3,2026-09-27T20:25:00Z,totals,OVER,2026-09-24T16:00:22.882475Z,2026-09-24T16:00:22.454081Z,2026-09-22T18:51:43.097248Z,bb86d96ac8c5a37027060695827d4ca64ef6cc1d2ef5b5808941c85556f173d5,6f53c6da66bd935bd61bc26ad38b65b3e9dfa67e528e5354adeda41ed2421ce5,2026-09-24T16:00:17Z,53.0,100,-114,0.4841628959276018,1.0327102803738317,52.8,,INCOMPARABLE_POINTS,3,0.8541453945645356,0.1161508759454473,53.09920973576344,0.4923952144738917,0.4976326480647574,0.4976326480647574,0.0,0.5023673519352426,UNAVAILABLE_FOR_BETTING,DIAGNOSTIC_EARLY_SNAPSHOT,PASS,MODEL_LOCKED_UNTESTED_2026;UNCERTAINTY_UNAVAILABLE_FOR_BETTING;DIAGNOSTIC_EARLY_SNAPSHOT,local:v11-prospective-observer,2026-09-24T16:00:22.882475Z,2026-09-24T16:00:17Z,1.1.0,cf8e71d6574d4379f2149d757d97a2a6eab93ecc62b96887d7d1e45a1431d922
f415a31ef9b45fddfcf96dde84df280ece70430fd2698dac3227c0a861cf71ea,challenger-0.2.0,5c8bf3ec348a261ab2c0ce94bd8cc315f754a8dc991c15c20d0d961d06997984,49fadb583b0dee0ba78c242826cb3e521cee0c4af2da837cfd5df18936598793,159ec87beb47e140832d992a80618f94b5cef5681c9d11c24e999ce1cad03b10,dffe8acdbd3e011d12e5e45e08331fd300f3b67f,d842d1fe-0de3-48ea-8341-bb9cfc6a6383,84cfca14efc21363fd605508404cf1ff,2026_03_BAL_DAL,2026,3,2026-09-27T20:25:00Z,totals,OVER,2026-09-24T16:00:25.607332Z,2026-09-24T16:00:22.454081Z,2026-09-22T18:51:43.097248Z,3ecdbfbaf3290a1d0f9b9aee517e61634d37a7bdde41367b8b77ffdf6363f311,,2026-09-24T16:00:17Z,53.0,100,-114,0.4841628959276018,1.0327102803738317,52.8,,INCOMPARABLE_POINTS,3,,,,,,,,,MODELED_DEVELOPMENT_MARGIN_SHADOW_ONLY,INELIGIBLE_FEATURES,PASS,EXPERIMENTAL_SHADOW_NO_STAKES;INELIGIBLE_FEATURES;Challenger pregame model features are incomplete,local:challenger+the-odds-api,2026-09-24T16:00:25.607332Z,2026-09-24T16:00:17Z,1.1.0,80a30ba327943f158fc3a957d4dceb835632a61b923c1d59ab2b2dba6abe31ec
4846df122902e683454cb3ec23327e8d15b7497e92494e11cf9fd04de04201ea,1.1.2,6590a4bbb77802175afa4c406de831d596569cbf2e1f596de7df0910f43e8fd5,e51f21289a5f63ada7c1746ad6385412db3f6a4e7fc3ba4e33e43fbdb6e9bf14,241bade8665d15f1855e8ed5cb5a8f8bc3dbb5e66c87d76b45ab5d76f1caa9f7,dffe8acdbd3e011d12e5e45e08331fd300f3b67f,b7f8819c-86a9-428f-bb46-debf3999015c,84cfca14efc21363fd605508404cf1ff,2026_03_BAL_DAL,2026,3,2026-09-27T20:25:00Z,totals,OVER,2026-09-25T21:00:29.089372Z,2026-09-25T21:00:28.639096Z,2026-09-22T18:51:43.097248Z,bb86d96ac8c5a37027060695827d4ca64ef6cc1d2ef5b5808941c85556f173d5,6f53c6da66bd935bd61bc26ad38b65b3e9dfa67e528e5354adeda41ed2421ce5,2026-09-25T20:59:58Z,53.0,-111,-103,0.5090362806668774,1.033455513272477,53.0,,INCOMPARABLE_POINTS,3,0.8541453945645356,0.1161508759454473,53.09920973576344,0.4923952144738917,0.4976326480647574,0.4976326480647574,0.0,0.5023673519352426,UNAVAILABLE_FOR_BETTING,DIAGNOSTIC_EARLY_SNAPSHOT,PASS,MODEL_LOCKED_UNTESTED_2026;UNCERTAINTY_UNAVAILABLE_FOR_BETTING;DIAGNOSTIC_EARLY_SNAPSHOT,local:v11-prospective-observer,2026-09-25T21:00:29.089372Z,2026-09-25T20:59:58Z,1.1.0,c8d8576a4f99039b86ed4c16be8e67cb82c26b30cf739649d27bcc2bf8d0862e
4c708b47d83f4b63f0202530afe65dba77588faeba8b90b46e2e90608aa54baf,challenger-0.2.0,5c8bf3ec348a261ab2c0ce94bd8cc315f754a8dc991c15c20d0d961d06997984,49fadb583b0dee0ba78c242826cb3e521cee0c4af2da837cfd5df18936598793,159ec87beb47e140832d992a80618f94b5cef5681c9d11c24e999ce1cad03b10,dffe8acdbd3e011d12e5e45e08331fd300f3b67f,b7f8819c-86a9-428f-bb46-debf3999015c,84cfca14efc21363fd605508404cf1ff,2026_03_BAL_DAL,2026,3,2026-09-27T20:25:00Z,totals,OVER,2026-09-25T21:00:31.801654Z,2026-09-25T21:00:28.639096Z,2026-09-22T18:51:43.097248Z,3ecdbfbaf3290a1d0f9b9aee517e61634d37a7bdde41367b8b77ffdf6363f311,,2026-09-25T20:59:58Z,53.0,-111,-103,0.5090362806668774,1.033455513272477,53.0,,INCOMPARABLE_POINTS,3,,,,,,,,,MODELED_DEVELOPMENT_MARGIN_SHADOW_ONLY,INELIGIBLE_FEATURES,PASS,EXPERIMENTAL_SHADOW_NO_STAKES;INELIGIBLE_FEATURES;Challenger pregame model features are incomplete,local:challenger+the-odds-api,2026-09-25T21:00:31.801654Z,2026-09-25T20:59:58Z,1.1.0,5eac2d9b895466dadf253798a0cda3bdbc41eb2cde3db3efe9630c6e076336d4
591eabb5829b33c52034d78d7698d01f11a0053812e551438bb53dda8d227abe,challenger-0.2.0,5c8bf3ec348a261ab2c0ce94bd8cc315f754a8dc991c15c20d0d961d06997984,49fadb583b0dee0ba78c242826cb3e521cee0c4af2da837cfd5df18936598793,159ec87beb47e140832d992a80618f94b5cef5681c9d11c24e999ce1cad03b10,dffe8acdbd3e011d12e5e45e08331fd300f3b67f,8b8b5771-d3ca-480c-9980-dac450e82c42,84cfca14efc21363fd605508404cf1ff,2026_03_BAL_DAL,2026,3,2026-09-27T20:25:00Z,totals,OVER,2026-09-26T13:00:30.675609Z,2026-09-26T13:00:27.208512Z,2026-09-22T18:51:43.097248Z,3ecdbfbaf3290a1d0f9b9aee517e61634d37a7bdde41367b8b77ffdf6363f311,,2026-09-26T13:00:05Z,53.0,-114,100,0.5158371040723981,1.0327102803738317,53.06666666666666,,INCOMPARABLE_POINTS,3,,,,,,,,,MODELED_DEVELOPMENT_MARGIN_SHADOW_ONLY,INELIGIBLE_FEATURES,PASS,EXPERIMENTAL_SHADOW_NO_STAKES;INELIGIBLE_FEATURES;Challenger pregame model features are incomplete,local:challenger+the-odds-api,2026-09-26T13:00:30.675609Z,2026-09-26T13:00:05Z,1.1.0,5aa98a9f893505d9a313347ab2c17a629b26cc3f3847e78fda5327a4b82c5ef6
5943f754d9fe57faf3fbd7a10ce833a30c0da4ef0c7f0e4424592a59ce7847c5,1.1.2,6590a4bbb77802175afa4c406de831d596569cbf2e1f596de7df0910f43e8fd5,e51f21289a5f63ada7c1746ad6385412db3f6a4e7fc3ba4e33e43fbdb6e9bf14,241bade8665d15f1855e8ed5cb5a8f8bc3dbb5e66c87d76b45ab5d76f1caa9f7,dffe8acdbd3e011d12e5e45e08331fd300f3b67f,8b8b5771-d3ca-480c-9980-dac450e82c42,84cfca14efc21363fd605508404cf1ff,2026_03_BAL_DAL,2026,3,2026-09-27T20:25:00Z,totals,OVER,2026-09-26T13:00:27.689180Z,2026-09-26T13:00:27.208512Z,2026-09-22T18:51:43.097248Z,bb86d96ac8c5a37027060695827d4ca64ef6cc1d2ef5b5808941c85556f173d5,6f53c6da66bd935bd61bc26ad38b65b3e9dfa67e528e5354adeda41ed2421ce5,2026-09-26T13:00:05Z,53.0,-114,100,0.5158371040723981,1.0327102803738317,53.06666666666666,,INCOMPARABLE_POINTS,3,0.8541453945645356,0.1161508759454473,53.09920973576344,0.4923952144738917,0.4976326480647574,0.4976326480647574,0.0,0.5023673519352426,UNAVAILABLE_FOR_BETTING,DIAGNOSTIC_EARLY_SNAPSHOT,PASS,MODEL_LOCKED_UNTESTED_2026;UNCERTAINTY_UNAVAILABLE_FOR_BETTING;DIAGNOSTIC_EARLY_SNAPSHOT,local:v11-prospective-observer,2026-09-26T13:00:27.689180Z,2026-09-26T13:00:05Z,1.1.0,9d39d238a9cc3daf6cd6c758266b4f09f4b9ed6cca6d25995885aea0b86f4a08
163bb7ae19b56648dc1fa087175e1df09887c870039b5181531d8d21f873dc01,1.1.2,6590a4bbb77802175afa4c406de831d596569cbf2e1f596de7df0910f43e8fd5,e51f21289a5f63ada7c1746ad6385412db3f6a4e7fc3ba4e33e43fbdb6e9bf14,241bade8665d15f1855e8ed5cb5a8f8bc3dbb5e66c87d76b45ab5d76f1caa9f7,dffe8acdbd3e011d12e5e45e08331fd300f3b67f,d2d710b1-c436-4180-8c43-56a6e84b5e0f,84cfca14efc21363fd605508404cf1ff,2026_03_BAL_DAL,2026,3,2026-09-27T20:25:00Z,totals,OVER,2026-09-26T21:00:26.360329Z,2026-09-26T21:00:25.892304Z,2026-09-22T18:51:43.097248Z,bb86d96ac8c5a37027060695827d4ca64ef6cc1d2ef5b5808941c85556f173d5,6f53c6da66bd935bd61bc26ad38b65b3e9dfa67e528e5354adeda41ed2421ce5,2026-09-26T20:59:57Z,53.0,-114,100,0.5158371040723981,1.0327102803738317,53.06666666666666,,INCOMPARABLE_POINTS,3,0.8541453945645356,0.1161508759454473,53.09920973576344,0.4923952144738917,0.4976326480647574,0.4976326480647574,0.0,0.5023673519352426,UNAVAILABLE_FOR_BETTING,DIAGNOSTIC_EARLY_SNAPSHOT,PASS,MODEL_LOCKED_UNTESTED_2026;UNCERTAINTY_UNAVAILABLE_FOR_BETTING;DIAGNOSTIC_EARLY_SNAPSHOT,local:v11-prospective-observer,2026-09-26T21:00:26.360329Z,2026-09-26T20:59:57Z,1.1.0,f5c1be64dee50de19a2cba65c2585322ce7255e807690c297fba69b92c2b706e
e1f1ebdb7338c8fca8bd434ad126701d82f5e721e8056b0e728c504c045e9308,challenger-0.2.0,5c8bf3ec348a261ab2c0ce94bd8cc315f754a8dc991c15c20d0d961d06997984,49fadb583b0dee0ba78c242826cb3e521cee0c4af2da837cfd5df18936598793,159ec87beb47e140832d992a80618f94b5cef5681c9d11c24e999ce1cad03b10,dffe8acdbd3e011d12e5e45e08331fd300f3b67f,d2d710b1-c436-4180-8c43-56a6e84b5e0f,84cfca14efc21363fd605508404cf1ff,2026_03_BAL_DAL,2026,3,2026-09-27T20:25:00Z,totals,OVER,2026-09-26T21:00:29.199963Z,2026-09-26T21:00:25.892304Z,2026-09-22T18:51:43.097248Z,3ecdbfbaf3290a1d0f9b9aee517e61634d37a7bdde41367b8b77ffdf6363f311,,2026-09-26T20:59:57Z,53.0,-114,100,0.5158371040723981,1.0327102803738317,53.06666666666666,,INCOMPARABLE_POINTS,3,,,,,,,,,MODELED_DEVELOPMENT_MARGIN_SHADOW_ONLY,INELIGIBLE_FEATURES,PASS,EXPERIMENTAL_SHADOW_NO_STAKES;INELIGIBLE_FEATURES;Challenger pregame model features are incomplete,local:challenger+the-odds-api,2026-09-26T21:00:29.199963Z,2026-09-26T20:59:57Z,1.1.0,a573f1021b8455134366e754c5eaee6fd37b3a8d03aa3d18a2ca4f791fd7ef5e
3508d0ac47d0a445b27bb0324561f2ec614be3534ff6bc05e7cb3bb095125bbe,1.1.2,6590a4bbb77802175afa4c406de831d596569cbf2e1f596de7df0910f43e8fd5,e51f21289a5f63ada7c1746ad6385412db3f6a4e7fc3ba4e33e43fbdb6e9bf14,241bade8665d15f1855e8ed5cb5a8f8bc3dbb5e66c87d76b45ab5d76f1caa9f7,dffe8acdbd3e011d12e5e45e08331fd300f3b67f,214053eb-5084-4022-8817-4ddbbf933e60,84cfca14efc21363fd605508404cf1ff,2026_03_BAL_DAL,2026,3,2026-09-27T20:25:00Z,totals,OVER,2026-09-27T03:00:57.907341Z,2026-09-27T03:00:57.384540Z,2026-09-22T18:51:43.097248Z,bb86d96ac8c5a37027060695827d4ca64ef6cc1d2ef5b5808941c85556f173d5,6f53c6da66bd935bd61bc26ad38b65b3e9dfa67e528e5354adeda41ed2421ce5,2026-09-27T03:00:51Z,53.0,-112,-102,0.5112999457602604,1.0332523818419577,53.06666666666666,,INCOMPARABLE_POINTS,3,0.8541453945645356,0.1161508759454473,53.09920973576344,0.4923952144738917,0.4976326480647574,0.4976326480647574,0.0,0.5023673519352426,UNAVAILABLE_FOR_BETTING,DIAGNOSTIC_EARLY_SNAPSHOT,PASS,MODEL_LOCKED_UNTESTED_2026;UNCERTAINTY_UNAVAILABLE_FOR_BETTING;DIAGNOSTIC_EARLY_SNAPSHOT,local:v11-prospective-observer,2026-09-27T03:00:57.907341Z,2026-09-27T03:00:51Z,1.1.0,db8ef83e2294b02c9351d9a6fdd423c756dcf92998ee6fda86e750379f2842b2
63dfa3463205228921515910354856ee02ba06b9be4bf04ca5b1126d7469230c,challenger-0.2.0,5c8bf3ec348a261ab2c0ce94bd8cc315f754a8dc991c15c20d0d961d06997984,49fadb583b0dee0ba78c242826cb3e521cee0c4af2da837cfd5df18936598793,159ec87beb47e140832d992a80618f94b5cef5681c9d11c24e999ce1cad03b10,dffe8acdbd3e011d12e5e45e08331fd300f3b67f,214053eb-5084-4022-8817-4ddbbf933e60,84cfca14efc21363fd605508404cf1ff,2026_03_BAL_DAL,2026,3,2026-09-27T20:25:00Z,totals,OVER,2026-09-27T03:01:00.857309Z,2026-09-27T03:00:57.384540Z,2026-09-22T18:51:43.097248Z,3ecdbfbaf3290a1d0f9b9aee517e61634d37a7bdde41367b8b77ffdf6363f311,,2026-09-27T03:00:51Z,53.0,-112,-102,0.5112999457602604,1.0332523818419577,53.06666666666666,,INCOMPARABLE_POINTS,3,,,,,,,,,MODELED_DEVELOPMENT_MARGIN_SHADOW_ONLY,INELIGIBLE_FEATURES,PASS,EXPERIMENTAL_SHADOW_NO_STAKES;INELIGIBLE_FEATURES;Challenger pregame model features are incomplete,local:challenger+the-odds-api,2026-09-27T03:01:00.857309Z,2026-09-27T03:00:51Z,1.1.0,8d0d672d160c65144a0700b1efb767039cfc942f6a1e9f0d68901dc6b0ac15b6
8517d5c66799581b4ee91f148f3d45a202fe3c10c62d92a229f6b84b1c33e1a4,1.1.2,6590a4bbb77802175afa4c406de831d596569cbf2e1f596de7df0910f43e8fd5,e51f21289a5f63ada7c1746ad6385412db3f6a4e7fc3ba4e33e43fbdb6e9bf14,241bade8665d15f1855e8ed5cb5a8f8bc3dbb5e66c87d76b45ab5d76f1caa9f7,b143eda428696625817bd7042b4cf3a453477386,e1878b61-7760-4e06-9ca0-bec5e38d131c,84cfca14efc21363fd605508404cf1ff,2026_03_BAL_DAL,2026,3,2026-09-27T20:25:00Z,totals,OVER,2026-09-27T12:45:22.508290Z,2026-09-27T12:45:22.019645Z,2026-09-22T18:51:43.097248Z,bb86d96ac8c5a37027060695827d4ca64ef6cc1d2ef5b5808941c85556f173d5,6f53c6da66bd935bd61bc26ad38b65b3e9dfa67e528e5354adeda41ed2421ce5,2026-09-27T12:45:16Z,53.0,-111,-101,0.5114621062766493,1.0285539128999552,53.0,,INCOMPARABLE_POINTS,3,0.8541453945645356,0.1161508759454473,53.09920973576344,0.4923952144738917,0.4976326480647574,0.4976326480647574,0.0,0.5023673519352426,UNAVAILABLE_FOR_BETTING,DIAGNOSTIC_EARLY_SNAPSHOT,PASS,MODEL_LOCKED_UNTESTED_2026;UNCERTAINTY_UNAVAILABLE_FOR_BETTING;DIAGNOSTIC_EARLY_SNAPSHOT,local:v11-prospective-observer,2026-09-27T12:45:22.508290Z,2026-09-27T12:45:16Z,1.1.0,dab386ee75114ac2d035631c065af36164446001a2232a7467f322a2cd06682a
f0d268c18c43bbef929471c959ab7dfac2d0e380c08e93434315b45c296ba864,challenger-0.2.0,5c8bf3ec348a261ab2c0ce94bd8cc315f754a8dc991c15c20d0d961d06997984,49fadb583b0dee0ba78c242826cb3e521cee0c4af2da837cfd5df18936598793,159ec87beb47e140832d992a80618f94b5cef5681c9d11c24e999ce1cad03b10,b143eda428696625817bd7042b4cf3a453477386,e1878b61-7760-4e06-9ca0-bec5e38d131c,84cfca14efc21363fd605508404cf1ff,2026_03_BAL_DAL,2026,3,2026-09-27T20:25:00Z,totals,OVER,2026-09-27T12:45:25.295673Z,2026-09-27T12:45:22.019645Z,2026-09-22T18:51:43.097248Z,3ecdbfbaf3290a1d0f9b9aee517e61634d37a7bdde41367b8b77ffdf6363f311,,2026-09-27T12:45:16Z,53.0,-111,-101,0.5114621062766493,1.0285539128999552,53.0,,INCOMPARABLE_POINTS,3,,,,,,,,,MODELED_DEVELOPMENT_MARGIN_SHADOW_ONLY,INELIGIBLE_FEATURES,PASS,EXPERIMENTAL_SHADOW_NO_STAKES;INELIGIBLE_FEATURES;Challenger pregame model features are incomplete,local:challenger+the-odds-api,2026-09-27T12:45:25.295673Z,2026-09-27T12:45:16Z,1.1.0,27c9394a320aaff27faae512cb7099fae60bd8d149e5954c747b462076e58ca5
8016de5a72ef979897ae05afa7749424a5c6fad55eedf6f822260cc08d963737,1.1.2,6590a4bbb77802175afa4c406de831d596569cbf2e1f596de7df0910f43e8fd5,e51f21289a5f63ada7c1746ad6385412db3f6a4e7fc3ba4e33e43fbdb6e9bf14,241bade8665d15f1855e8ed5cb5a8f8bc3dbb5e66c87d76b45ab5d76f1caa9f7,c8df716c912e3f6e3b11d508f2988b51a9d4b5a7,d4b87e91-991a-4aa9-bfef-bc8de675e276,2e523fcb0497aa689473e290eb2b97de,2026_03_LV_NO,2026,3,2026-09-27T20:25:00Z,spreads,HOME,2026-09-23T13:00:21.951453Z,2026-09-23T13:00:21.551276Z,2026-09-22T18:51:43.097248Z,bb86d96ac8c5a37027060695827d4ca64ef6cc1d2ef5b5808941c85556f173d5,41573faf0eec8c08f5351c66e0585e4afab3f5580b4fe471f1b7a0384a648910,2026-09-23T13:00:20Z,3.5,106,-120,0.4708904109589041,1.030891438658429,3.3000000000000003,,INCOMPARABLE_POINTS,3,-0.9245763683625148,0.0,3.5,0.40537743235493595,0.47610684423131405,0.4750513349321571,0.002216958886321089,0.5227317061815216,UNAVAILABLE_FOR_BETTING,DIAGNOSTIC_EARLY_SNAPSHOT,PASS,MODEL_LOCKED_UNTESTED_2026;UNCERTAINTY_UNAVAILABLE_FOR_BETTING;DIAGNOSTIC_EARLY_SNAPSHOT,local:v11-prospective-observer,2026-09-23T13:00:21.951453Z,2026-09-23T13:00:20Z,1.1.0,a3c9a1827b7401f3c9dcd7ba4146ba08830ee649b39ddc4de97c93f08838b722
da24861c996e0de5386a632ea0c77e01adb3fbed6966f70b4bfc6648479c6dbb,challenger-0.2.0,5c8bf3ec348a261ab2c0ce94bd8cc315f754a8dc991c15c20d0d961d06997984,49fadb583b0dee0ba78c242826cb3e521cee0c4af2da837cfd5df18936598793,159ec87beb47e140832d992a80618f94b5cef5681c9d11c24e999ce1cad03b10,c8df716c912e3f6e3b11d508f2988b51a9d4b5a7,d4b87e91-991a-4aa9-bfef-bc8de675e276,2e523fcb0497aa689473e290eb2b97de,2026_03_LV_NO,2026,3,2026-09-27T20:25:00Z,spreads,HOME,2026-09-23T13:00:24.484171Z,2026-09-23T13:00:21.551276Z,2026-09-22T18:51:43.097248Z,3ecdbfbaf3290a1d0f9b9aee517e61634d37a7bdde41367b8b77ffdf6363f311,b0db9f9ebd32507b8ddfdcaf1c5d0ae8d0a7f88495c8d6c9334399d93d6bcb5a,2026-09-23T13:00:20Z,3.5,106,-120,0.4708904109589041,1.030891438658429,3.3000000000000003,,INCOMPARABLE_POINTS,3,-1.7328274776414285,0.0,3.5,0.42262550074111466,0.4708904109589041,0.46964923340406367,0.002635809789188394,0.527714956806748,MODELED_DEVELOPMENT_MARGIN_SHADOW_ONLY,SHADOW_ELIGIBLE,PASS,EXPERIMENTAL_SHADOW_NO_STAKES;SHADOW_ELIGIBLE,local:challenger+the-odds-api,2026-09-23T13:00:24.484171Z,2026-09-23T13:00:20Z,1.1.0,3724582fc2ce7612dafd777644c8f20eff475721d04aeceb353af6c3f36fcb7e
4bdd30abb13a569b41ce532b0736f3af8b5cc2dc1bd201035c4f8e532bfedb4f,1.1.2,6590a4bbb77802175afa4c406de831d596569cbf2e1f596de7df0910f43e8fd5,e51f21289a5f63ada7c1746ad6385412db3f6a4e7fc3ba4e33e43fbdb6e9bf14,241bade8665d15f1855e8ed5cb5a8f8bc3dbb5e66c87d76b45ab5d76f1caa9f7,dffe8acdbd3e011d12e5e45e08331fd300f3b67f,d842d1fe-0de3-48ea-8341-bb9cfc6a6383,2e523fcb0497aa689473e290eb2b97de,2026_03_LV_NO,2026,3,2026-09-27T20:25:00Z,spreads,HOME,2026-09-24T16:00:22.882475Z,2026-09-24T16:00:22.454081Z,2026-09-22T18:51:43.097248Z,bb86d96ac8c5a37027060695827d4ca64ef6cc1d2ef5b5808941c85556f173d5,41573faf0eec8c08f5351c66e0585e4afab3f5580b4fe471f1b7a0384a648910,2026-09-24T16:00:17Z,3.5,106,-119,0.47184039298487523,1.0288158886376735,3.3000000000000003,,INCOMPARABLE_POINTS,3,-0.9245763683625148,0.0,3.5,0.40537743235493595,0.47610684423131405,0.4750513349321571,0.002216958886321089,0.5227317061815216,UNAVAILABLE_FOR_BETTING,DIAGNOSTIC_EARLY_SNAPSHOT,PASS,MODEL_LOCKED_UNTESTED_2026;UNCERTAINTY_UNAVAILABLE_FOR_BETTING;DIAGNOSTIC_EARLY_SNAPSHOT,local:v11-prospective-observer,2026-09-24T16:00:22.882475Z,2026-09-24T16:00:17Z,1.1.0,0a33340c5f07082365a11e0331c846ce6b224cb2c9b61964e5cdddcaf073ce05
78aaf09d453a46fa406fe704c493569ac22779b74d4b992671a6dd9f7d12294f,challenger-0.2.0,5c8bf3ec348a261ab2c0ce94bd8cc315f754a8dc991c15c20d0d961d06997984,49fadb583b0dee0ba78c242826cb3e521cee0c4af2da837cfd5df18936598793,159ec87beb47e140832d992a80618f94b5cef5681c9d11c24e999ce1cad03b10,dffe8acdbd3e011d12e5e45e08331fd300f3b67f,d842d1fe-0de3-48ea-8341-bb9cfc6a6383,2e523fcb0497aa689473e290eb2b97de,2026_03_LV_NO,2026,3,2026-09-27T20:25:00Z,spreads,HOME,2026-09-24T16:00:25.607332Z,2026-09-24T16:00:22.454081Z,2026-09-22T18:51:43.097248Z,3ecdbfbaf3290a1d0f9b9aee517e61634d37a7bdde41367b8b77ffdf6363f311,b0db9f9ebd32507b8ddfdcaf1c5d0ae8d0a7f88495c8d6c9334399d93d6bcb5a,2026-09-24T16:00:17Z,3.5,106,-119,0.47184039298487523,1.0288158886376735,3.3000000000000003,,INCOMPARABLE_POINTS,3,-1.7328274776414285,0.0,3.5,0.42262550074111466,0.47184039298487523,0.47059671145811116,0.002635809789188394,0.5267674787527004,MODELED_DEVELOPMENT_MARGIN_SHADOW_ONLY,SHADOW_ELIGIBLE,PASS,EXPERIMENTAL_SHADOW_NO_STAKES;SHADOW_ELIGIBLE,local:challenger+the-odds-api,2026-09-24T16:00:25.607332Z,2026-09-24T16:00:17Z,1.1.0,58ab0745c4a20aeb23e19002abf16c9dc93bfb47b058ff629510e181014385d9
3d30d83c8242765b35fb3e17b10af996ca791dcc183d08ca693829a6ce03ec66,challenger-0.2.0,5c8bf3ec348a261ab2c0ce94bd8cc315f754a8dc991c15c20d0d961d06997984,49fadb583b0dee0ba78c242826cb3e521cee0c4af2da837cfd5df18936598793,159ec87beb47e140832d992a80618f94b5cef5681c9d11c24e999ce1cad03b10,dffe8acdbd3e011d12e5e45e08331fd300f3b67f,b7f8819c-86a9-428f-bb46-debf3999015c,2e523fcb0497aa689473e290eb2b97de,2026_03_LV_NO,2026,3,2026-09-27T20:25:00Z,spreads,HOME,2026-09-25T21:00:31.801654Z,2026-09-25T21:00:28.639096Z,2026-09-22T18:51:43.097248Z,3ecdbfbaf3290a1d0f9b9aee517e61634d37a7bdde41367b8b77ffdf6363f311,b0db9f9ebd32507b8ddfdcaf1c5d0ae8d0a7f88495c8d6c9334399d93d6bcb5a,2026-09-25T20:59:58Z,3.5,106,-119,0.47184039298487523,1.0288158886376735,3.3666666666666667,,INCOMPARABLE_POINTS,3,-1.7328274776414285,0.0,3.5,0.42262550074111466,0.47184039298487523,0.47059671145811116,0.002635809789188394,0.5267674787527004,MODELED_DEVELOPMENT_MARGIN_SHADOW_ONLY,SHADOW_ELIGIBLE,PASS,EXPERIMENTAL_SHADOW_NO_STAKES;SHADOW_ELIGIBLE,local:challenger+the-odds-api,2026-09-25T21:00:31.801654Z,2026-09-25T20:59:58Z,1.1.0,9a97228fbe39c6b002af97a8b23938fe7eddf73d82a4bd68897946335ea72a7d
f0cd056d2e66921d2f9695a169e23741a7a7c9786ecee2153ebad9bb4db0f6a1,1.1.2,6590a4bbb77802175afa4c406de831d596569cbf2e1f596de7df0910f43e8fd5,e51f21289a5f63ada7c1746ad6385412db3f6a4e7fc3ba4e33e43fbdb6e9bf14,241bade8665d15f1855e8ed5cb5a8f8bc3dbb5e66c87d76b45ab5d76f1caa9f7,dffe8acdbd3e011d12e5e45e08331fd300f3b67f,b7f8819c-86a9-428f-bb46-debf3999015c,2e523fcb0497aa689473e290eb2b97de,2026_03_LV_NO,2026,3,2026-09-27T20:25:00Z,spreads,HOME,2026-09-25T21:00:29.089372Z,2026-09-25T21:00:28.639096Z,2026-09-22T18:51:43.097248Z,bb86d96ac8c5a37027060695827d4ca64ef6cc1d2ef5b5808941c85556f173d5,41573faf0eec8c08f5351c66e0585e4afab3f5580b4fe471f1b7a0384a648910,2026-09-25T20:59:58Z,3.5,106,-119,0.47184039298487523,1.0288158886376735,3.3666666666666667,,INCOMPARABLE_POINTS,3,-0.9245763683625148,0.0,3.5,0.40537743235493595,0.47610684423131405,0.4750513349321571,0.002216958886321089,0.5227317061815216,UNAVAILABLE_FOR_BETTING,DIAGNOSTIC_EARLY_SNAPSHOT,PASS,MODEL_LOCKED_UNTESTED_2026;UNCERTAINTY_UNAVAILABLE_FOR_BETTING;DIAGNOSTIC_EARLY_SNAPSHOT,local:v11-prospective-observer,2026-09-25T21:00:29.089372Z,2026-09-25T20:59:58Z,1.1.0,215f16aa0b78b38941c986046b91fbaec94e4655cd63fc326349e4d3425b8c25
2f66dfe205ea6dbe5ec085de2598241ba7ba9e5a7e6d9c2e63f13a5f192c6488,challenger-0.2.0,5c8bf3ec348a261ab2c0ce94bd8cc315f754a8dc991c15c20d0d961d06997984,49fadb583b0dee0ba78c242826cb3e521cee0c4af2da837cfd5df18936598793,159ec87beb47e140832d992a80618f94b5cef5681c9d11c24e999ce1cad03b10,dffe8acdbd3e011d12e5e45e08331fd300f3b67f,8b8b5771-d3ca-480c-9980-dac450e82c42,2e523fcb0497aa689473e290eb2b97de,2026_03_LV_NO,2026,3,2026-09-27T20:25:00Z,spreads,HOME,2026-09-26T13:00:30.675609Z,2026-09-26T13:00:27.208512Z,2026-09-22T18:51:43.097248Z,3ecdbfbaf3290a1d0f9b9aee517e61634d37a7bdde41367b8b77ffdf6363f311,b0db9f9ebd32507b8ddfdcaf1c5d0ae8d0a7f88495c8d6c9334399d93d6bcb5a,2026-09-26T13:00:05Z,3.5,106,-119,0.47184039298487523,1.0288158886376735,3.3000000000000003,,INCOMPARABLE_POINTS,3,-1.7328274776414285,0.0,3.5,0.42262550074111466,0.47184039298487523,0.47059671145811116,0.002635809789188394,0.5267674787527004,MODELED_DEVELOPMENT_MARGIN_SHADOW_ONLY,SHADOW_ELIGIBLE,PASS,EXPERIMENTAL_SHADOW_NO_STAKES;SHADOW_ELIGIBLE,local:challenger+the-odds-api,2026-09-26T13:00:30.675609Z,2026-09-26T13:00:05Z,1.1.0,14498c3dc06bc91914c1db49e53e59815f3ca2975f816a6b32cebbaf10bf21bf
83894e79944d0b0d43a66fd07c90d759761fd959db9459d65672f086959ebe89,1.1.2,6590a4bbb77802175afa4c406de831d596569cbf2e1f596de7df0910f43e8fd5,e51f21289a5f63ada7c1746ad6385412db3f6a4e7fc3ba4e33e43fbdb6e9bf14,241bade8665d15f1855e8ed5cb5a8f8bc3dbb5e66c87d76b45ab5d76f1caa9f7,dffe8acdbd3e011d12e5e45e08331fd300f3b67f,8b8b5771-d3ca-480c-9980-dac450e82c42,2e523fcb0497aa689473e290eb2b97de,2026_03_LV_NO,2026,3,2026-09-27T20:25:00Z,spreads,HOME,2026-09-26T13:00:27.689180Z,2026-09-26T13:00:27.208512Z,2026-09-22T18:51:43.097248Z,bb86d96ac8c5a37027060695827d4ca64ef6cc1d2ef5b5808941c85556f173d5,41573faf0eec8c08f5351c66e0585e4afab3f5580b4fe471f1b7a0384a648910,2026-09-26T13:00:05Z,3.5,106,-119,0.47184039298487523,1.0288158886376735,3.3000000000000003,,INCOMPARABLE_POINTS,3,-0.9245763683625148,0.0,3.5,0.40537743235493595,0.47610684423131405,0.4750513349321571,0.002216958886321089,0.5227317061815216,UNAVAILABLE_FOR_BETTING,DIAGNOSTIC_EARLY_SNAPSHOT,PASS,MODEL_LOCKED_UNTESTED_2026;UNCERTAINTY_UNAVAILABLE_FOR_BETTING;DIAGNOSTIC_EARLY_SNAPSHOT,local:v11-prospective-observer,2026-09-26T13:00:27.689180Z,2026-09-26T13:00:05Z,1.1.0,69f003c2fd3ee4212257f865db24704712461d7608f94f4cede67f9064097e5a
2cc78a73c20ac31bf8e9a342a5fdd8ab011c6befd0787ca1109d455f3caef110,challenger-0.2.0,5c8bf3ec348a261ab2c0ce94bd8cc315f754a8dc991c15c20d0d961d06997984,49fadb583b0dee0ba78c242826cb3e521cee0c4af2da837cfd5df18936598793,159ec87beb47e140832d992a80618f94b5cef5681c9d11c24e999ce1cad03b10,dffe8acdbd3e011d12e5e45e08331fd300f3b67f,d2d710b1-c436-4180-8c43-56a6e84b5e0f,2e523fcb0497aa689473e290eb2b97de,2026_03_LV_NO,2026,3,2026-09-27T20:25:00Z,spreads,HOME,2026-09-26T21:00:29.199963Z,2026-09-26T21:00:25.892304Z,2026-09-22T18:51:43.097248Z,3ecdbfbaf3290a1d0f9b9aee517e61634d37a7bdde41367b8b77ffdf6363f311,b0db9f9ebd32507b8ddfdcaf1c5d0ae8d0a7f88495c8d6c9334399d93d6bcb5a,2026-09-26T20:59:57Z,3.5,106,-119,0.47184039298487523,1.0288158886376735,3.3000000000000003,,INCOMPARABLE_POINTS,3,-1.7328274776414285,0.0,3.5,0.42262550074111466,0.47184039298487523,0.47059671145811116,0.002635809789188394,0.5267674787527004,MODELED_DEVELOPMENT_MARGIN_SHADOW_ONLY,SHADOW_ELIGIBLE,PASS,EXPERIMENTAL_SHADOW_NO_STAKES;SHADOW_ELIGIBLE,local:challenger+the-odds-api,2026-09-26T21:00:29.199963Z,2026-09-26T20:59:57Z,1.1.0,2bab841579ae3f78c94020de25a2dcfe40cc67aa98e2a2b9c483611dc26688cf
654a60eda4832a58f6ee6d7c1d9656500b171aa7fd87fbceeacdd6367581207e,1.1.2,6590a4bbb77802175afa4c406de831d596569cbf2e1f596de7df0910f43e8fd5,e51f21289a5f63ada7c1746ad6385412db3f6a4e7fc3ba4e33e43fbdb6e9bf14,241bade8665d15f1855e8ed5cb5a8f8bc3dbb5e66c87d76b45ab5d76f1caa9f7,dffe8acdbd3e011d12e5e45e08331fd300f3b67f,d2d710b1-c436-4180-8c43-56a6e84b5e0f,2e523fcb0497aa689473e290eb2b97de,2026_03_LV_NO,2026,3,2026-09-27T20:25:00Z,spreads,HOME,2026-09-26T21:00:26.360329Z,2026-09-26T21:00:25.892304Z,2026-09-22T18:51:43.097248Z,bb86d96ac8c5a37027060695827d4ca64ef6cc1d2ef5b5808941c85556f173d5,41573faf0eec8c08f5351c66e0585e4afab3f5580b4fe471f1b7a0384a648910,2026-09-26T20:59:57Z,3.5,106,-119,0.47184039298487523,1.0288158886376735,3.3000000000000003,,INCOMPARABLE_POINTS,3,-0.9245763683625148,0.0,3.5,0.40537743235493595,0.47610684423131405,0.4750513349321571,0.002216958886321089,0.5227317061815216,UNAVAILABLE_FOR_BETTING,DIAGNOSTIC_EARLY_SNAPSHOT,PASS,MODEL_LOCKED_UNTESTED_2026;UNCERTAINTY_UNAVAILABLE_FOR_BETTING;DIAGNOSTIC_EARLY_SNAPSHOT,local:v11-prospective-observer,2026-09-26T21:00:26.360329Z,2026-09-26T20:59:57Z,1.1.0,6fb0de16b2d0cb93f5602a1effb86b09390cc53980e56fff5068f34e23b34b98
1f78161f64b2a5736c8294af687419aff504134c3c03530daa50467ba7601362,1.1.2,6590a4bbb77802175afa4c406de831d596569cbf2e1f596de7df0910f43e8fd5,e51f21289a5f63ada7c1746ad6385412db3f6a4e7fc3ba4e33e43fbdb6e9bf14,241bade8665d15f1855e8ed5cb5a8f8bc3dbb5e66c87d76b45ab5d76f1caa9f7,dffe8acdbd3e011d12e5e45e08331fd300f3b67f,214053eb-5084-4022-8817-4ddbbf933e60,2e523fcb0497aa689473e290eb2b97de,2026_03_LV_NO,2026,3,2026-09-27T20:25:00Z,spreads,HOME,2026-09-27T03:00:57.907341Z,2026-09-27T03:00:57.384540Z,2026-09-22T18:51:43.097248Z,bb86d96ac8c5a37027060695827d4ca64ef6cc1d2ef5b5808941c85556f173d5,41573faf0eec8c08f5351c66e0585e4afab3f5580b4fe471f1b7a0384a648910,2026-09-27T03:00:51Z,3.5,101,-114,0.4829173624588166,1.0302227181847772,3.3666666666666667,,INCOMPARABLE_POINTS,3,-0.9245763683625148,0.0,3.5,0.40537743235493595,0.47610684423131405,0.4750513349321571,0.002216958886321089,0.5227317061815216,UNAVAILABLE_FOR_BETTING,DIAGNOSTIC_EARLY_SNAPSHOT,PASS,MODEL_LOCKED_UNTESTED_2026;UNCERTAINTY_UNAVAILABLE_FOR_BETTING;DIAGNOSTIC_EARLY_SNAPSHOT,local:v11-prospective-observer,2026-09-27T03:00:57.907341Z,2026-09-27T03:00:51Z,1.1.0,948a2d994a08a4f6a39381c08855e525d0eb47c1e4135d57838afa2c30735262
f3db2b72091010e0a9ccf733beac0b141ebbb90df235bc39d05b0f26ad43d649,challenger-0.2.0,5c8bf3ec348a261ab2c0ce94bd8cc315f754a8dc991c15c20d0d961d06997984,49fadb583b0dee0ba78c242826cb3e521cee0c4af2da837cfd5df18936598793,159ec87beb47e140832d992a80618f94b5cef5681c9d11c24e999ce1cad03b10,dffe8acdbd3e011d12e5e45e08331fd300f3b67f,214053eb-5084-4022-8817-4ddbbf933e60,2e523fcb0497aa689473e290eb2b97de,2026_03_LV_NO,2026,3,2026-09-27T20:25:00Z,spreads,HOME,2026-09-27T03:01:00.857309Z,2026-09-27T03:00:57.384540Z,2026-09-22T18:51:43.097248Z,3ecdbfbaf3290a1d0f9b9aee517e61634d37a7bdde41367b8b77ffdf6363f311,b0db9f9ebd32507b8ddfdcaf1c5d0ae8d0a7f88495c8d6c9334399d93d6bcb5a,2026-09-27T03:00:51Z,3.5,101,-114,0.4829173624588166,1.0302227181847772,3.3666666666666667,,INCOMPARABLE_POINTS,3,-1.7328274776414285,0.0,3.5,0.42262550074111466,0.4829173624588166,0.4816444841474786,0.002635809789188394,0.5157197060633331,MODELED_DEVELOPMENT_MARGIN_SHADOW_ONLY,SHADOW_ELIGIBLE,PASS,EXPERIMENTAL_SHADOW_NO_STAKES;SHADOW_ELIGIBLE,local:challenger+the-odds-api,2026-09-27T03:01:00.857309Z,2026-09-27T03:00:51Z,1.1.0,594cc81b14e6f8fa2948c1ae035774e58babd8eb1474fab731a55df960efa1d7
444ba3d4cdf5abc191a65d155a588297497b35510c213bce8a6d1d551ec52be7,challenger-0.2.0,5c8bf3ec348a261ab2c0ce94bd8cc315f754a8dc991c15c20d0d961d06997984,49fadb583b0dee0ba78c242826cb3e521cee0c4af2da837cfd5df18936598793,159ec87beb47e140832d992a80618f94b5cef5681c9d11c24e999ce1cad03b10,b143eda428696625817bd7042b4cf3a453477386,e1878b61-7760-4e06-9ca0-bec5e38d131c,2e523fcb0497aa689473e290eb2b97de,2026_03_LV_NO,2026,3,2026-09-27T20:25:00Z,spreads,HOME,2026-09-27T12:45:25.295673Z,2026-09-27T12:45:22.019645Z,2026-09-22T18:51:43.097248Z,3ecdbfbaf3290a1d0f9b9aee517e61634d37a7bdde41367b8b77ffdf6363f311,b0db9f9ebd32507b8ddfdcaf1c5d0ae8d0a7f88495c8d6c9334399d93d6bcb5a,2026-09-27T12:45:16Z,3.5,103,-114,0.4804454222980557,1.0253211178122554,3.4333333333333336,,INCOMPARABLE_POINTS,3,-1.7328274776414285,0.0,3.5,0.42262550074111466,0.4804454222980557,0.4791790595507917,0.002635809789188394,0.5181851306600199,MODELED_DEVELOPMENT_MARGIN_SHADOW_ONLY,SHADOW_ELIGIBLE,PASS,EXPERIMENTAL_SHADOW_NO_STAKES;SHADOW_ELIGIBLE,local:challenger+the-odds-api,2026-09-27T12:45:25.295673Z,2026-09-27T12:45:16Z,1.1.0,633151ae681c12cc9306694f9e7e2453cb97df9419c808625fa59a612800e1bd
c6ccc37214ced716df85768d297a73462a363e3f5eafce1f058bdd3f2c14d261,1.1.2,6590a4bbb77802175afa4c406de831d596569cbf2e1f596de7df0910f43e8fd5,e51f21289a5f63ada7c1746ad6385412db3f6a4e7fc3ba4e33e43fbdb6e9bf14,241bade8665d15f1855e8ed5cb5a8f8bc3dbb5e66c87d76b45ab5d76f1caa9f7,b143eda428696625817bd7042b4cf3a453477386,e1878b61-7760-4e06-9ca0-bec5e38d131c,2e523fcb0497aa689473e290eb2b97de,2026_03_LV_NO,2026,3,2026-09-27T20:25:00Z,spreads,HOME,2026-09-27T12:45:22.508290Z,2026-09-27T12:45:22.019645Z,2026-09-22T18:51:43.097248Z,bb86d96ac8c5a37027060695827d4ca64ef6cc1d2ef5b5808941c85556f173d5,41573faf0eec8c08f5351c66e0585e4afab3f5580b4fe471f1b7a0384a648910,2026-09-27T12:45:16Z,3.5,103,-114,0.4804454222980557,1.0253211178122554,3.4333333333333336,,INCOMPARABLE_POINTS,3,-0.9245763683625148,0.0,3.5,0.40537743235493595,0.47610684423131405,0.4750513349321571,0.002216958886321089,0.5227317061815216,UNAVAILABLE_FOR_BETTING,DIAGNOSTIC_EARLY_SNAPSHOT,PASS,MODEL_LOCKED_UNTESTED_2026;UNCERTAINTY_UNAVAILABLE_FOR_BETTING;DIAGNOSTIC_EARLY_SNAPSHOT,local:v11-prospective-observer,2026-09-27T12:45:22.508290Z,2026-09-27T12:45:16Z,1.1.0,586ef6100869b2ee2cc8b6865c4729d1603d353ae51591e45c1eda8efb77236f
2a4c72c5964b1ff741ecb31cfaf053aea7e78119c649f8bad89fb8ad8db7f49b,challenger-0.2.0,5c8bf3ec348a261ab2c0ce94bd8cc315f754a8dc991c15c20d0d961d06997984,49fadb583b0dee0ba78c242826cb3e521cee0c4af2da837cfd5df18936598793,159ec87beb47e140832d992a80618f94b5cef5681c9d11c24e999ce1cad03b10,c8df716c912e3f6e3b11d508f2988b51a9d4b5a7,d4b87e91-991a-4aa9-bfef-bc8de675e276,2e523fcb0497aa689473e290eb2b97de,2026_03_LV_NO,2026,3,2026-09-27T20:25:00Z,totals,OVER,2026-09-23T13:00:24.484171Z,2026-09-23T13:00:21.551276Z,2026-09-22T18:51:43.097248Z,3ecdbfbaf3290a1d0f9b9aee517e61634d37a7bdde41367b8b77ffdf6363f311,b0db9f9ebd32507b8ddfdcaf1c5d0ae8d0a7f88495c8d6c9334399d93d6bcb5a,2026-09-23T13:00:20Z,44.0,-106,-108,0.49774245981578474,1.0337938760268857,44.0,,INCOMPARABLE_POINTS,3,2.709007640007698,0.0,44.0,0.4856689348927987,0.49774245981578474,0.4939047443426944,0.0077102433144053545,0.4983850123429003,MODELED_DEVELOPMENT_MARGIN_SHADOW_ONLY,SHADOW_ELIGIBLE,PASS,EXPERIMENTAL_SHADOW_NO_STAKES;SHADOW_ELIGIBLE,local:challenger+the-odds-api,2026-09-23T13:00:24.484171Z,2026-09-23T13:00:20Z,1.1.0,b7c59d77b4e649dd641f839493045306905939713c1a8e52ed45d882572243b7
5705f4f09961ff372e84f9144ddf081734da9be15e717f26e271ac2d2d9fb9b4,1.1.2,6590a4bbb77802175afa4c406de831d596569cbf2e1f596de7df0910f43e8fd5,e51f21289a5f63ada7c1746ad6385412db3f6a4e7fc3ba4e33e43fbdb6e9bf14,241bade8665d15f1855e8ed5cb5a8f8bc3dbb5e66c87d76b45ab5d76f1caa9f7,c8df716c912e3f6e3b11d508f2988b51a9d4b5a7,d4b87e91-991a-4aa9-bfef-bc8de675e276,2e523fcb0497aa689473e290eb2b97de,2026_03_LV_NO,2026,3,2026-09-27T20:25:00Z,totals,OVER,2026-09-23T13:00:21.951453Z,2026-09-23T13:00:21.551276Z,2026-09-22T18:51:43.097248Z,bb86d96ac8c5a37027060695827d4ca64ef6cc1d2ef5b5808941c85556f173d5,41573faf0eec8c08f5351c66e0585e4afab3f5580b4fe471f1b7a0384a648910,2026-09-23T13:00:20Z,44.0,-106,-108,0.49774245981578474,1.0337938760268857,44.0,,INCOMPARABLE_POINTS,3,1.301619345320964,0.1161508759454473,44.15118422710657,0.4896643906596669,0.49224714001190667,0.49224714001190667,0.0,0.5077528599880934,UNAVAILABLE_FOR_BETTING,DIAGNOSTIC_EARLY_SNAPSHOT,PASS,MODEL_LOCKED_UNTESTED_2026;UNCERTAINTY_UNAVAILABLE_FOR_BETTING;DIAGNOSTIC_EARLY_SNAPSHOT,local:v11-prospective-observer,2026-09-23T13:00:21.951453Z,2026-09-23T13:00:20Z,1.1.0,f917c875d470004f4ca057c3f690e867304ecc1db1546d80be68e28c9c19d62f
130da6acceecbcc757e5a0b25a91a971d22a13a4812d6b64480ee8c36224fff3,1.1.2,6590a4bbb77802175afa4c406de831d596569cbf2e1f596de7df0910f43e8fd5,e51f21289a5f63ada7c1746ad6385412db3f6a4e7fc3ba4e33e43fbdb6e9bf14,241bade8665d15f1855e8ed5cb5a8f8bc3dbb5e66c87d76b45ab5d76f1caa9f7,dffe8acdbd3e011d12e5e45e08331fd300f3b67f,d842d1fe-0de3-48ea-8341-bb9cfc6a6383,2e523fcb0497aa689473e290eb2b97de,2026_03_LV_NO,2026,3,2026-09-27T20:25:00Z,totals,OVER,2026-09-24T16:00:22.882475Z,2026-09-24T16:00:22.454081Z,2026-09-22T18:51:43.097248Z,bb86d96ac8c5a37027060695827d4ca64ef6cc1d2ef5b5808941c85556f173d5,41573faf0eec8c08f5351c66e0585e4afab3f5580b4fe471f1b7a0384a648910,2026-09-24T16:00:17Z,44.0,102,-117,0.47866943133189216,1.0342200118629374,43.8,,INCOMPARABLE_POINTS,3,1.301619345320964,0.1161508759454473,44.15118422710657,0.4896643906596669,0.49224714001190667,0.49224714001190667,0.0,0.5077528599880934,UNAVAILABLE_FOR_BETTING,DIAGNOSTIC_EARLY_SNAPSHOT,PASS,MODEL_LOCKED_UNTESTED_2026;UNCERTAINTY_UNAVAILABLE_FOR_BETTING;DIAGNOSTIC_EARLY_SNAPSHOT,local:v11-prospective-observer,2026-09-24T16:00:22.882475Z,2026-09-24T16:00:17Z,1.1.0,7653a2730916059a93cd36cfbc18a3434395ba70650e1f6de7dea68b69db7299
1feb640d97dd9852373b66e78c0e097dd3f533ff570f6a5cfde6b6f92e613b85,challenger-0.2.0,5c8bf3ec348a261ab2c0ce94bd8cc315f754a8dc991c15c20d0d961d06997984,49fadb583b0dee0ba78c242826cb3e521cee0c4af2da837cfd5df18936598793,159ec87beb47e140832d992a80618f94b5cef5681c9d11c24e999ce1cad03b10,dffe8acdbd3e011d12e5e45e08331fd300f3b67f,d842d1fe-0de3-48ea-8341-bb9cfc6a6383,2e523fcb0497aa689473e290eb2b97de,2026_03_LV_NO,2026,3,2026-09-27T20:25:00Z,totals,OVER,2026-09-24T16:00:25.607332Z,2026-09-24T16:00:22.454081Z,2026-09-22T18:51:43.097248Z,3ecdbfbaf3290a1d0f9b9aee517e61634d37a7bdde41367b8b77ffdf6363f311,b0db9f9ebd32507b8ddfdcaf1c5d0ae8d0a7f88495c8d6c9334399d93d6bcb5a,2026-09-24T16:00:17Z,44.0,102,-117,0.47866943133189216,1.0342200118629374,43.8,,INCOMPARABLE_POINTS,3,2.709007640007698,0.0,44.0,0.4856689348927987,0.47866943133189216,0.4749787735491552,0.0077102433144053545,0.5173109831364393,MODELED_DEVELOPMENT_MARGIN_SHADOW_ONLY,SHADOW_ELIGIBLE,PASS,EXPERIMENTAL_SHADOW_NO_STAKES;SHADOW_ELIGIBLE,local:challenger+the-odds-api,2026-09-24T16:00:25.607332Z,2026-09-24T16:00:17Z,1.1.0,7e45a33fdacf36c9c48d4edbe8170da1954d56f482fa91c5a28a0317189ae04d
553dc05cc295cdb81bc6743ae25d0b81f3810a26b9440d446fb99714a2d6ab8b,1.1.2,6590a4bbb77802175afa4c406de831d596569cbf2e1f596de7df0910f43e8fd5,e51f21289a5f63ada7c1746ad6385412db3f6a4e7fc3ba4e33e43fbdb6e9bf14,241bade8665d15f1855e8ed5cb5a8f8bc3dbb5e66c87d76b45ab5d76f1caa9f7,dffe8acdbd3e011d12e5e45e08331fd300f3b67f,b7f8819c-86a9-428f-bb46-debf3999015c,2e523fcb0497aa689473e290eb2b97de,2026_03_LV_NO,2026,3,2026-09-27T20:25:00Z,totals,OVER,2026-09-25T21:00:29.089372Z,2026-09-25T21:00:28.639096Z,2026-09-22T18:51:43.097248Z,bb86d96ac8c5a37027060695827d4ca64ef6cc1d2ef5b5808941c85556f173d5,41573faf0eec8c08f5351c66e0585e4afab3f5580b4fe471f1b7a0384a648910,2026-09-25T20:59:58Z,44.0,-102,-112,0.4887000542397397,1.0332523818419577,43.8,,INCOMPARABLE_POINTS,3,1.301619345320964,0.1161508759454473,44.15118422710657,0.4896643906596669,0.49224714001190667,0.49224714001190667,0.0,0.5077528599880934,UNAVAILABLE_FOR_BETTING,DIAGNOSTIC_EARLY_SNAPSHOT,PASS,MODEL_LOCKED_UNTESTED_2026;UNCERTAINTY_UNAVAILABLE_FOR_BETTING;DIAGNOSTIC_EARLY_SNAPSHOT,local:v11-prospective-observer,2026-09-25T21:00:29.089372Z,2026-09-25T20:59:58Z,1.1.0,7eb822d09ba5d47c8320d2018167da733798a71d2bf4fe4a945746e6e6ae5f7d
6ad3f3f7e29d50b319402582195fa338ca91049c020c09f5f2849fbb0a90d869,challenger-0.2.0,5c8bf3ec348a261ab2c0ce94bd8cc315f754a8dc991c15c20d0d961d06997984,49fadb583b0dee0ba78c242826cb3e521cee0c4af2da837cfd5df18936598793,159ec87beb47e140832d992a80618f94b5cef5681c9d11c24e999ce1cad03b10,dffe8acdbd3e011d12e5e45e08331fd300f3b67f,b7f8819c-86a9-428f-bb46-debf3999015c,2e523fcb0497aa689473e290eb2b97de,2026_03_LV_NO,2026,3,2026-09-27T20:25:00Z,totals,OVER,2026-09-25T21:00:31.801654Z,2026-09-25T21:00:28.639096Z,2026-09-22T18:51:43.097248Z,3ecdbfbaf3290a1d0f9b9aee517e61634d37a7bdde41367b8b77ffdf6363f311,b0db9f9ebd32507b8ddfdcaf1c5d0ae8d0a7f88495c8d6c9334399d93d6bcb5a,2026-09-25T20:59:58Z,44.0,-102,-112,0.4887000542397397,1.0332523818419577,43.8,,INCOMPARABLE_POINTS,3,2.709007640007698,0.0,44.0,0.4856689348927987,0.4887000542397397,0.48493205791378824,0.0077102433144053545,0.5073576987718064,MODELED_DEVELOPMENT_MARGIN_SHADOW_ONLY,SHADOW_ELIGIBLE,PASS,EXPERIMENTAL_SHADOW_NO_STAKES;SHADOW_ELIGIBLE,local:challenger+the-odds-api,2026-09-25T21:00:31.801654Z,2026-09-25T20:59:58Z,1.1.0,4f61626a3fd776c6e6636ffba7725222804a1fdc3116333df4992836adb1c75b
d26235aef15913a5a466252e9bd99fb2b3ea29aeb77acc2f19060071585c8a04,1.1.2,6590a4bbb77802175afa4c406de831d596569cbf2e1f596de7df0910f43e8fd5,e51f21289a5f63ada7c1746ad6385412db3f6a4e7fc3ba4e33e43fbdb6e9bf14,241bade8665d15f1855e8ed5cb5a8f8bc3dbb5e66c87d76b45ab5d76f1caa9f7,dffe8acdbd3e011d12e5e45e08331fd300f3b67f,8b8b5771-d3ca-480c-9980-dac450e82c42,2e523fcb0497aa689473e290eb2b97de,2026_03_LV_NO,2026,3,2026-09-27T20:25:00Z,totals,OVER,2026-09-26T13:00:27.689180Z,2026-09-26T13:00:27.208512Z,2026-09-22T18:51:43.097248Z,bb86d96ac8c5a37027060695827d4ca64ef6cc1d2ef5b5808941c85556f173d5,41573faf0eec8c08f5351c66e0585e4afab3f5580b4fe471f1b7a0384a648910,2026-09-26T13:00:05Z,44.0,101,-116,0.4808976756612343,1.0345494748479824,43.86666666666666,,INCOMPARABLE_POINTS,3,1.301619345320964,0.1161508759454473,44.15118422710657,0.4896643906596669,0.49224714001190667,0.49224714001190667,0.0,0.5077528599880934,UNAVAILABLE_FOR_BETTING,DIAGNOSTIC_EARLY_SNAPSHOT,PASS,MODEL_LOCKED_UNTESTED_2026;UNCERTAINTY_UNAVAILABLE_FOR_BETTING;DIAGNOSTIC_EARLY_SNAPSHOT,local:v11-prospective-observer,2026-09-26T13:00:27.689180Z,2026-09-26T13:00:05Z,1.1.0,7e103af179bdb9bb305551c087c8f1b6c44a69e998bfe8cd0d917c6004d27f14
e0a7d02cb213d2f51e8840bf70a313336099e79595f8191124924aaf45d62062,challenger-0.2.0,5c8bf3ec348a261ab2c0ce94bd8cc315f754a8dc991c15c20d0d961d06997984,49fadb583b0dee0ba78c242826cb3e521cee0c4af2da837cfd5df18936598793,159ec87beb47e140832d992a80618f94b5cef5681c9d11c24e999ce1cad03b10,dffe8acdbd3e011d12e5e45e08331fd300f3b67f,8b8b5771-d3ca-480c-9980-dac450e82c42,2e523fcb0497aa689473e290eb2b97de,2026_03_LV_NO,2026,3,2026-09-27T20:25:00Z,totals,OVER,2026-09-26T13:00:30.675609Z,2026-09-26T13:00:27.208512Z,2026-09-22T18:51:43.097248Z,3ecdbfbaf3290a1d0f9b9aee517e61634d37a7bdde41367b8b77ffdf6363f311,b0db9f9ebd32507b8ddfdcaf1c5d0ae8d0a7f88495c8d6c9334399d93d6bcb5a,2026-09-26T13:00:05Z,44.0,101,-116,0.4808976756612343,1.0345494748479824,43.86666666666666,,INCOMPARABLE_POINTS,3,2.709007640007698,0.0,44.0,0.4856689348927987,0.4808976756612343,0.4771898375725542,0.0077102433144053545,0.5150999191130404,MODELED_DEVELOPMENT_MARGIN_SHADOW_ONLY,SHADOW_ELIGIBLE,PASS,EXPERIMENTAL_SHADOW_NO_STAKES;SHADOW_ELIGIBLE,local:challenger+the-odds-api,2026-09-26T13:00:30.675609Z,2026-09-26T13:00:05Z,1.1.0,4c51d298eca58ab5eff17652e933b6394c03fff307f180eec91e3dbc29847627
3539d0e553ed663327c226a9d6ba242f8faaf3c9792843c39f729febb1a9cb06,1.1.2,6590a4bbb77802175afa4c406de831d596569cbf2e1f596de7df0910f43e8fd5,e51f21289a5f63ada7c1746ad6385412db3f6a4e7fc3ba4e33e43fbdb6e9bf14,241bade8665d15f1855e8ed5cb5a8f8bc3dbb5e66c87d76b45ab5d76f1caa9f7,dffe8acdbd3e011d12e5e45e08331fd300f3b67f,d2d710b1-c436-4180-8c43-56a6e84b5e0f,2e523fcb0497aa689473e290eb2b97de,2026_03_LV_NO,2026,3,2026-09-27T20:25:00Z,totals,OVER,2026-09-26T21:00:26.360329Z,2026-09-26T21:00:25.892304Z,2026-09-22T18:51:43.097248Z,bb86d96ac8c5a37027060695827d4ca64ef6cc1d2ef5b5808941c85556f173d5,41573faf0eec8c08f5351c66e0585e4afab3f5580b4fe471f1b7a0384a648910,2026-09-26T20:59:57Z,44.0,101,-116,0.4808976756612343,1.0345494748479824,43.86666666666666,,INCOMPARABLE_POINTS,3,1.301619345320964,0.1161508759454473,44.15118422710657,0.4896643906596669,0.49224714001190667,0.49224714001190667,0.0,0.5077528599880934,UNAVAILABLE_FOR_BETTING,DIAGNOSTIC_EARLY_SNAPSHOT,PASS,MODEL_LOCKED_UNTESTED_2026;UNCERTAINTY_UNAVAILABLE_FOR_BETTING;DIAGNOSTIC_EARLY_SNAPSHOT,local:v11-prospective-observer,2026-09-26T21:00:26.360329Z,2026-09-26T20:59:57Z,1.1.0,86c4f973e69cf46c7633b61b1d889300e94692d8dd052ebfd7399bcba9b76b3d
ad7b4a4488cec14a6fae7f668a863656580073f6deb0b61f03c2de9c7106b4f5,challenger-0.2.0,5c8bf3ec348a261ab2c0ce94bd8cc315f754a8dc991c15c20d0d961d06997984,49fadb583b0dee0ba78c242826cb3e521cee0c4af2da837cfd5df18936598793,159ec87beb47e140832d992a80618f94b5cef5681c9d11c24e999ce1cad03b10,dffe8acdbd3e011d12e5e45e08331fd300f3b67f,d2d710b1-c436-4180-8c43-56a6e84b5e0f,2e523fcb0497aa689473e290eb2b97de,2026_03_LV_NO,2026,3,2026-09-27T20:25:00Z,totals,OVER,2026-09-26T21:00:29.199963Z,2026-09-26T21:00:25.892304Z,2026-09-22T18:51:43.097248Z,3ecdbfbaf3290a1d0f9b9aee517e61634d37a7bdde41367b8b77ffdf6363f311,b0db9f9ebd32507b8ddfdcaf1c5d0ae8d0a7f88495c8d6c9334399d93d6bcb5a,2026-09-26T20:59:57Z,44.0,101,-116,0.4808976756612343,1.0345494748479824,43.86666666666666,,INCOMPARABLE_POINTS,3,2.709007640007698,0.0,44.0,0.4856689348927987,0.4808976756612343,0.4771898375725542,0.0077102433144053545,0.5150999191130404,MODELED_DEVELOPMENT_MARGIN_SHADOW_ONLY,SHADOW_ELIGIBLE,PASS,EXPERIMENTAL_SHADOW_NO_STAKES;SHADOW_ELIGIBLE,local:challenger+the-odds-api,2026-09-26T21:00:29.199963Z,2026-09-26T20:59:57Z,1.1.0,95fe7f0232fd8aed91b58214202ba7b084a005dc724285d3cbb8ed4613ccdc47
75158c4b1efab98f050b6decdb0bb552366446342de15f561b0ec1b62f0061f2,challenger-0.2.0,5c8bf3ec348a261ab2c0ce94bd8cc315f754a8dc991c15c20d0d961d06997984,49fadb583b0dee0ba78c242826cb3e521cee0c4af2da837cfd5df18936598793,159ec87beb47e140832d992a80618f94b5cef5681c9d11c24e999ce1cad03b10,dffe8acdbd3e011d12e5e45e08331fd300f3b67f,214053eb-5084-4022-8817-4ddbbf933e60,2e523fcb0497aa689473e290eb2b97de,2026_03_LV_NO,2026,3,2026-09-27T20:25:00Z,totals,OVER,2026-09-27T03:01:00.857309Z,2026-09-27T03:00:57.384540Z,2026-09-22T18:51:43.097248Z,3ecdbfbaf3290a1d0f9b9aee517e61634d37a7bdde41367b8b77ffdf6363f311,b0db9f9ebd32507b8ddfdcaf1c5d0ae8d0a7f88495c8d6c9334399d93d6bcb5a,2026-09-27T03:00:51Z,44.0,101,-116,0.4808976756612343,1.0345494748479824,43.8,,INCOMPARABLE_POINTS,3,2.709007640007698,0.0,44.0,0.4856689348927987,0.4808976756612343,0.4771898375725542,0.0077102433144053545,0.5150999191130404,MODELED_DEVELOPMENT_MARGIN_SHADOW_ONLY,SHADOW_ELIGIBLE,PASS,EXPERIMENTAL_SHADOW_NO_STAKES;SHADOW_ELIGIBLE,local:challenger+the-odds-api,2026-09-27T03:01:00.857309Z,2026-09-27T03:00:51Z,1.1.0,573c9a65b1c97de97e1fd2510ac9414d29865adf920addd90777994b0e1c6095
7fdce2bc2e3ee62d4432c463c8bd37206a34ddb6b02347ada48261670408b52d,1.1.2,6590a4bbb77802175afa4c406de831d596569cbf2e1f596de7df0910f43e8fd5,e51f21289a5f63ada7c1746ad6385412db3f6a4e7fc3ba4e33e43fbdb6e9bf14,241bade8665d15f1855e8ed5cb5a8f8bc3dbb5e66c87d76b45ab5d76f1caa9f7,dffe8acdbd3e011d12e5e45e08331fd300f3b67f,214053eb-5084-4022-8817-4ddbbf933e60,2e523fcb0497aa689473e290eb2b97de,2026_03_LV_NO,2026,3,2026-09-27T20:25:00Z,totals,OVER,2026-09-27T03:00:57.907341Z,2026-09-27T03:00:57.384540Z,2026-09-22T18:51:43.097248Z,bb86d96ac8c5a37027060695827d4ca64ef6cc1d2ef5b5808941c85556f173d5,41573faf0eec8c08f5351c66e0585e4afab3f5580b4fe471f1b7a0384a648910,2026-09-27T03:00:51Z,44.0,101,-116,0.4808976756612343,1.0345494748479824,43.8,,INCOMPARABLE_POINTS,3,1.301619345320964,0.1161508759454473,44.15118422710657,0.4896643906596669,0.49224714001190667,0.49224714001190667,0.0,0.5077528599880934,UNAVAILABLE_FOR_BETTING,DIAGNOSTIC_EARLY_SNAPSHOT,PASS,MODEL_LOCKED_UNTESTED_2026;UNCERTAINTY_UNAVAILABLE_FOR_BETTING;DIAGNOSTIC_EARLY_SNAPSHOT,local:v11-prospective-observer,2026-09-27T03:00:57.907341Z,2026-09-27T03:00:51Z,1.1.0,0d7dc4448d38b5f62c7d46dde873be68765f1bdb426fa9eb137de82359e6a165
b06da7919415645d260a718ac28f911449ff63bc83e1d1a27542e9e4c0ddd9a7,1.1.2,6590a4bbb77802175afa4c406de831d596569cbf2e1f596de7df0910f43e8fd5,e51f21289a5f63ada7c1746ad6385412db3f6a4e7fc3ba4e33e43fbdb6e9bf14,241bade8665d15f1855e8ed5cb5a8f8bc3dbb5e66c87d76b45ab5d76f1caa9f7,b143eda428696625817bd7042b4cf3a453477386,e1878b61-7760-4e06-9ca0-bec5e38d131c,2e523fcb0497aa689473e290eb2b97de,2026_03_LV_NO,2026,3,2026-09-27T20:25:00Z,totals,OVER,2026-09-27T12:45:22.508290Z,2026-09-27T12:45:22.019645Z,2026-09-22T18:51:43.097248Z,bb86d96ac8c5a37027060695827d4ca64ef6cc1d2ef5b5808941c85556f173d5,41573faf0eec8c08f5351c66e0585e4afab3f5580b4fe471f1b7a0384a648910,2026-09-27T12:45:16Z,44.0,101,-114,0.4829173624588166,1.0302227181847772,43.8,,INCOMPARABLE_POINTS,3,1.301619345320964,0.1161508759454473,44.15118422710657,0.4896643906596669,0.49224714001190667,0.49224714001190667,0.0,0.5077528599880934,UNAVAILABLE_FOR_BETTING,DIAGNOSTIC_EARLY_SNAPSHOT,PASS,MODEL_LOCKED_UNTESTED_2026;UNCERTAINTY_UNAVAILABLE_FOR_BETTING;DIAGNOSTIC_EARLY_SNAPSHOT,local:v11-prospective-observer,2026-09-27T12:45:22.508290Z,2026-09-27T12:45:16Z,1.1.0,c518235810cf050cb374548d950551f3f3d134b6cb2939672c8f027eaf538b57
e90abe4da6eecaebe56077458689aa08d5e22a6de269f2b883cd51cdfd710405,challenger-0.2.0,5c8bf3ec348a261ab2c0ce94bd8cc315f754a8dc991c15c20d0d961d06997984,49fadb583b0dee0ba78c242826cb3e521cee0c4af2da837cfd5df18936598793,159ec87beb47e140832d992a80618f94b5cef5681c9d11c24e999ce1cad03b10,b143eda428696625817bd7042b4cf3a453477386,e1878b61-7760-4e06-9ca0-bec5e38d131c,2e523fcb0497aa689473e290eb2b97de,2026_03_LV_NO,2026,3,2026-09-27T20:25:00Z,totals,OVER,2026-09-27T12:45:25.295673Z,2026-09-27T12:45:22.019645Z,2026-09-22T18:51:43.097248Z,3ecdbfbaf3290a1d0f9b9aee517e61634d37a7bdde41367b8b77ffdf6363f311,b0db9f9ebd32507b8ddfdcaf1c5d0ae8d0a7f88495c8d6c9334399d93d6bcb5a,2026-09-27T12:45:16Z,44.0,101,-114,0.4829173624588166,1.0302227181847772,43.8,,INCOMPARABLE_POINTS,3,2.709007640007698,0.0,44.0,0.4856689348927987,0.4829173624588166,0.47919395209350824,0.0077102433144053545,0.5130958045920865,MODELED_DEVELOPMENT_MARGIN_SHADOW_ONLY,SHADOW_ELIGIBLE,PASS,EXPERIMENTAL_SHADOW_NO_STAKES;SHADOW_ELIGIBLE,local:challenger+the-odds-api,2026-09-27T12:45:25.295673Z,2026-09-27T12:45:16Z,1.1.0,db7ce28616a058dd4c18f3e056f7bdf9e53ead44d5fb2c26c23575c894726c5a
68438538e396096ac40a546b49c5ea5e800d87c13a2219b100165ea59f35eb50,challenger-0.2.0,5c8bf3ec348a261ab2c0ce94bd8cc315f754a8dc991c15c20d0d961d06997984,49fadb583b0dee0ba78c242826cb3e521cee0c4af2da837cfd5df18936598793,159ec87beb47e140832d992a80618f94b5cef5681c9d11c24e999ce1cad03b10,c8df716c912e3f6e3b11d508f2988b51a9d4b5a7,d4b87e91-991a-4aa9-bfef-bc8de675e276,3bfd8bfb4b8e9a365a0877879b73b16b,2026_03_LA_DEN,2026,3,2026-09-28T00:20:00Z,spreads,HOME,2026-09-23T13:00:24.484171Z,2026-09-23T13:00:21.551276Z,2026-09-22T18:51:43.097248Z,3ecdbfbaf3290a1d0f9b9aee517e61634d37a7bdde41367b8b77ffdf6363f311,afaedc64040317ad2b0e6c32c8e4f2a93439a830befd8fb6222f2559ef86a3aa,2026-09-23T13:00:20Z,-2.5,100,-112,0.4862385321100918,1.0283018867924527,-2.5,0.48811136140331707,VALID,3,4.011525074902485,0.0,-2.5,0.48689161885684834,0.4862385321100918,0.4859571977977151,0.0005785932084729191,0.5134642089938121,MODELED_DEVELOPMENT_MARGIN_SHADOW_ONLY,SHADOW_ELIGIBLE,PASS,EXPERIMENTAL_SHADOW_NO_STAKES;SHADOW_ELIGIBLE,local:challenger+the-odds-api,2026-09-23T13:00:24.484171Z,2026-09-23T13:00:20Z,1.1.0,3785b255011b020b6baf5afcf55d658723df128df36bd1043bd8eecfb29dd62c
95efd4067e7f038e81ccc3b79bb07084c85ed777aa55416bcf26f7f04b917f70,1.1.2,6590a4bbb77802175afa4c406de831d596569cbf2e1f596de7df0910f43e8fd5,e51f21289a5f63ada7c1746ad6385412db3f6a4e7fc3ba4e33e43fbdb6e9bf14,241bade8665d15f1855e8ed5cb5a8f8bc3dbb5e66c87d76b45ab5d76f1caa9f7,c8df716c912e3f6e3b11d508f2988b51a9d4b5a7,d4b87e91-991a-4aa9-bfef-bc8de675e276,3bfd8bfb4b8e9a365a0877879b73b16b,2026_03_LA_DEN,2026,3,2026-09-28T00:20:00Z,spreads,HOME,2026-09-23T13:00:21.951453Z,2026-09-23T13:00:21.551276Z,2026-09-22T18:51:43.097248Z,bb86d96ac8c5a37027060695827d4ca64ef6cc1d2ef5b5808941c85556f173d5,0c3751a79313fefb00d8494e505b88d2560b70529c09ed5981239ab5afbd4ac3,2026-09-23T13:00:20Z,-2.5,100,-112,0.4862385321100918,1.0283018867924527,-2.5,0.48811136140331707,VALID,3,-0.1445286862855618,0.0,-2.5,0.49228045165888856,0.4893212527975112,0.4888096735103024,0.001045487569330002,0.5101448389203675,UNAVAILABLE_FOR_BETTING,DIAGNOSTIC_EARLY_SNAPSHOT,PASS,MODEL_LOCKED_UNTESTED_2026;UNCERTAINTY_UNAVAILABLE_FOR_BETTING;DIAGNOSTIC_EARLY_SNAPSHOT,local:v11-prospective-observer,2026-09-23T13:00:21.951453Z,2026-09-23T13:00:20Z,1.1.0,7aded7bc5eb247c7455b19b4be203650799a33bd49bee36c7d4e1792ee2db303
623f91fb1a9ee64322d8e435604b93e7f57d83b15432160d3ee434cc94e23f15,1.1.2,6590a4bbb77802175afa4c406de831d596569cbf2e1f596de7df0910f43e8fd5,e51f21289a5f63ada7c1746ad6385412db3f6a4e7fc3ba4e33e43fbdb6e9bf14,241bade8665d15f1855e8ed5cb5a8f8bc3dbb5e66c87d76b45ab5d76f1caa9f7,dffe8acdbd3e011d12e5e45e08331fd300f3b67f,d842d1fe-0de3-48ea-8341-bb9cfc6a6383,3bfd8bfb4b8e9a365a0877879b73b16b,2026_03_LA_DEN,2026,3,2026-09-28T00:20:00Z,spreads,HOME,2026-09-24T16:00:22.882475Z,2026-09-24T16:00:22.454081Z,2026-09-22T18:51:43.097248Z,bb86d96ac8c5a37027060695827d4ca64ef6cc1d2ef5b5808941c85556f173d5,0c3751a79313fefb00d8494e505b88d2560b70529c09ed5981239ab5afbd4ac3,2026-09-24T16:00:17Z,-2.5,-108,-104,0.5045804323928179,1.0290346907993966,-2.5,0.5005610663977993,VALID,3,-0.1445286862855618,0.0,-2.5,0.49228045165888856,0.4893212527975112,0.4888096735103024,0.001045487569330002,0.5101448389203675,UNAVAILABLE_FOR_BETTING,DIAGNOSTIC_EARLY_SNAPSHOT,PASS,MODEL_LOCKED_UNTESTED_2026;UNCERTAINTY_UNAVAILABLE_FOR_BETTING;DIAGNOSTIC_EARLY_SNAPSHOT,local:v11-prospective-observer,2026-09-24T16:00:22.882475Z,2026-09-24T16:00:17Z,1.1.0,c9dc9892b46f34622717867ac62b886aa6a887b1e609dec2bddf3439f48733d5
919e3b7433660112a9183eea3607859e227f3d3f983485ed08740d777aff2be7,challenger-0.2.0,5c8bf3ec348a261ab2c0ce94bd8cc315f754a8dc991c15c20d0d961d06997984,49fadb583b0dee0ba78c242826cb3e521cee0c4af2da837cfd5df18936598793,159ec87beb47e140832d992a80618f94b5cef5681c9d11c24e999ce1cad03b10,dffe8acdbd3e011d12e5e45e08331fd300f3b67f,d842d1fe-0de3-48ea-8341-bb9cfc6a6383,3bfd8bfb4b8e9a365a0877879b73b16b,2026_03_LA_DEN,2026,3,2026-09-28T00:20:00Z,spreads,HOME,2026-09-24T16:00:25.607332Z,2026-09-24T16:00:22.454081Z,2026-09-22T18:51:43.097248Z,3ecdbfbaf3290a1d0f9b9aee517e61634d37a7bdde41367b8b77ffdf6363f311,afaedc64040317ad2b0e6c32c8e4f2a93439a830befd8fb6222f2559ef86a3aa,2026-09-24T16:00:17Z,-2.5,-108,-104,0.5045804323928179,1.0290346907993966,-2.5,0.5005610663977993,VALID,3,4.011525074902485,0.0,-2.5,0.48689161885684834,0.5045804323928179,0.5042884855815071,0.0005785932084729191,0.49513292121002,MODELED_DEVELOPMENT_MARGIN_SHADOW_ONLY,SHADOW_ELIGIBLE,PASS,EXPERIMENTAL_SHADOW_NO_STAKES;SHADOW_ELIGIBLE,local:challenger+the-odds-api,2026-09-24T16:00:25.607332Z,2026-09-24T16:00:17Z,1.1.0,a0f1210a611524d69f56881471b7378211c70ee210ae637117f99edaee968c3e
0429cb327af665a08ea4533358e244c330a32388f62574b4c7e24ac3c54cd2f2,challenger-0.2.0,5c8bf3ec348a261ab2c0ce94bd8cc315f754a8dc991c15c20d0d961d06997984,49fadb583b0dee0ba78c242826cb3e521cee0c4af2da837cfd5df18936598793,159ec87beb47e140832d992a80618f94b5cef5681c9d11c24e999ce1cad03b10,dffe8acdbd3e011d12e5e45e08331fd300f3b67f,b7f8819c-86a9-428f-bb46-debf3999015c,3bfd8bfb4b8e9a365a0877879b73b16b,2026_03_LA_DEN,2026,3,2026-09-28T00:20:00Z,spreads,HOME,2026-09-25T21:00:31.801654Z,2026-09-25T21:00:28.639096Z,2026-09-22T18:51:43.097248Z,3ecdbfbaf3290a1d0f9b9aee517e61634d37a7bdde41367b8b77ffdf6363f311,afaedc64040317ad2b0e6c32c8e4f2a93439a830befd8fb6222f2559ef86a3aa,2026-09-25T20:59:58Z,-2.5,-111,-102,0.5102403058438012,1.0310168457604054,-2.4333333333333336,,INCOMPARABLE_POINTS,3,4.011525074902485,0.0,-2.5,0.48689161885684834,0.5102403058438012,0.5099450842681509,0.0005785932084729191,0.48947632252337625,MODELED_DEVELOPMENT_MARGIN_SHADOW_ONLY,SHADOW_ELIGIBLE,PASS,EXPERIMENTAL_SHADOW_NO_STAKES;SHADOW_ELIGIBLE,local:challenger+the-odds-api,2026-09-25T21:00:31.801654Z,2026-09-25T20:59:58Z,1.1.0,7787a03d0b1bc536d9ea1d32332b52e328c8c5b4f47771c8c1ac14d8b54bae28
8f3423f6ab8c9b0f2deace01697511d48f96cf747b7b4ce29fd4e2c16d196ded,1.1.2,6590a4bbb77802175afa4c406de831d596569cbf2e1f596de7df0910f43e8fd5,e51f21289a5f63ada7c1746ad6385412db3f6a4e7fc3ba4e33e43fbdb6e9bf14,241bade8665d15f1855e8ed5cb5a8f8bc3dbb5e66c87d76b45ab5d76f1caa9f7,dffe8acdbd3e011d12e5e45e08331fd300f3b67f,b7f8819c-86a9-428f-bb46-debf3999015c,3bfd8bfb4b8e9a365a0877879b73b16b,2026_03_LA_DEN,2026,3,2026-09-28T00:20:00Z,spreads,HOME,2026-09-25T21:00:29.089372Z,2026-09-25T21:00:28.639096Z,2026-09-22T18:51:43.097248Z,bb86d96ac8c5a37027060695827d4ca64ef6cc1d2ef5b5808941c85556f173d5,0c3751a79313fefb00d8494e505b88d2560b70529c09ed5981239ab5afbd4ac3,2026-09-25T20:59:58Z,-2.5,-111,-102,0.5102403058438012,1.0310168457604054,-2.4333333333333336,,INCOMPARABLE_POINTS,3,-0.1445286862855618,0.0,-2.5,0.49228045165888856,0.4893212527975112,0.4888096735103024,0.001045487569330002,0.5101448389203675,UNAVAILABLE_FOR_BETTING,DIAGNOSTIC_EARLY_SNAPSHOT,PASS,MODEL_LOCKED_UNTESTED_2026;UNCERTAINTY_UNAVAILABLE_FOR_BETTING;DIAGNOSTIC_EARLY_SNAPSHOT,local:v11-prospective-observer,2026-09-25T21:00:29.089372Z,2026-09-25T20:59:58Z,1.1.0,7815dce06a128e0628b0d9df6a3fa4eea285bbb4975783d74e173f46415c5ceb
0e18b69e89514f15ff0437ee3fa5d1be4607bf06b2630e92b5bcf43fbba6ef7e,1.1.2,6590a4bbb77802175afa4c406de831d596569cbf2e1f596de7df0910f43e8fd5,e51f21289a5f63ada7c1746ad6385412db3f6a4e7fc3ba4e33e43fbdb6e9bf14,241bade8665d15f1855e8ed5cb5a8f8bc3dbb5e66c87d76b45ab5d76f1caa9f7,dffe8acdbd3e011d12e5e45e08331fd300f3b67f,8b8b5771-d3ca-480c-9980-dac450e82c42,3bfd8bfb4b8e9a365a0877879b73b16b,2026_03_LA_DEN,2026,3,2026-09-28T00:20:00Z,spreads,HOME,2026-09-26T13:00:27.689180Z,2026-09-26T13:00:27.208512Z,2026-09-22T18:51:43.097248Z,bb86d96ac8c5a37027060695827d4ca64ef6cc1d2ef5b5808941c85556f173d5,0c3751a79313fefb00d8494e505b88d2560b70529c09ed5981239ab5afbd4ac3,2026-09-26T13:00:05Z,-2.5,-110,-102,0.5091659028414299,1.0287600188590287,-2.4333333333333336,,INCOMPARABLE_POINTS,3,-0.1445286862855618,0.0,-2.5,0.49228045165888856,0.4893212527975112,0.4888096735103024,0.001045487569330002,0.5101448389203675,UNAVAILABLE_FOR_BETTING,DIAGNOSTIC_EARLY_SNAPSHOT,PASS,MODEL_LOCKED_UNTESTED_2026;UNCERTAINTY_UNAVAILABLE_FOR_BETTING;DIAGNOSTIC_EARLY_SNAPSHOT,local:v11-prospective-observer,2026-09-26T13:00:27.689180Z,2026-09-26T13:00:05Z,1.1.0,e0a305f5a5ef6883f2c21fb08277186b7b37a09e754e82d8146805c027c0f5af
ce295d0999042fea79375c0fb3a4c709a955a3537a1c5f8a6df8ca7a371b3404,challenger-0.2.0,5c8bf3ec348a261ab2c0ce94bd8cc315f754a8dc991c15c20d0d961d06997984,49fadb583b0dee0ba78c242826cb3e521cee0c4af2da837cfd5df18936598793,159ec87beb47e140832d992a80618f94b5cef5681c9d11c24e999ce1cad03b10,dffe8acdbd3e011d12e5e45e08331fd300f3b67f,8b8b5771-d3ca-480c-9980-dac450e82c42,3bfd8bfb4b8e9a365a0877879b73b16b,2026_03_LA_DEN,2026,3,2026-09-28T00:20:00Z,spreads,HOME,2026-09-26T13:00:30.675609Z,2026-09-26T13:00:27.208512Z,2026-09-22T18:51:43.097248Z,3ecdbfbaf3290a1d0f9b9aee517e61634d37a7bdde41367b8b77ffdf6363f311,afaedc64040317ad2b0e6c32c8e4f2a93439a830befd8fb6222f2559ef86a3aa,2026-09-26T13:00:05Z,-2.5,-110,-102,0.5091659028414299,1.0287600188590287,-2.4333333333333336,,INCOMPARABLE_POINTS,3,4.011525074902485,0.0,-2.5,0.48689161885684834,0.5091659028414299,0.5088713029080599,0.0005785932084729191,0.4905501038834672,MODELED_DEVELOPMENT_MARGIN_SHADOW_ONLY,SHADOW_ELIGIBLE,PASS,EXPERIMENTAL_SHADOW_NO_STAKES;SHADOW_ELIGIBLE,local:challenger+the-odds-api,2026-09-26T13:00:30.675609Z,2026-09-26T13:00:05Z,1.1.0,024edfd994ccbcd06d21cbc45e092d5aa4800faebc5b5df34c66efbf23678cba
22266b81503dea7994c1d7e59e7c0ead90dd26288425d9b9906418e19f589b8f,challenger-0.2.0,5c8bf3ec348a261ab2c0ce94bd8cc315f754a8dc991c15c20d0d961d06997984,49fadb583b0dee0ba78c242826cb3e521cee0c4af2da837cfd5df18936598793,159ec87beb47e140832d992a80618f94b5cef5681c9d11c24e999ce1cad03b10,dffe8acdbd3e011d12e5e45e08331fd300f3b67f,d2d710b1-c436-4180-8c43-56a6e84b5e0f,3bfd8bfb4b8e9a365a0877879b73b16b,2026_03_LA_DEN,2026,3,2026-09-28T00:20:00Z,spreads,HOME,2026-09-26T21:00:29.199963Z,2026-09-26T21:00:25.892304Z,2026-09-22T18:51:43.097248Z,3ecdbfbaf3290a1d0f9b9aee517e61634d37a7bdde41367b8b77ffdf6363f311,afaedc64040317ad2b0e6c32c8e4f2a93439a830befd8fb6222f2559ef86a3aa,2026-09-26T20:59:57Z,-2.5,-110,-102,0.5091659028414299,1.0287600188590287,-2.4333333333333336,,INCOMPARABLE_POINTS,3,4.011525074902485,0.0,-2.5,0.48689161885684834,0.5091659028414299,0.5088713029080599,0.0005785932084729191,0.4905501038834672,MODELED_DEVELOPMENT_MARGIN_SHADOW_ONLY,SHADOW_ELIGIBLE,PASS,EXPERIMENTAL_SHADOW_NO_STAKES;SHADOW_ELIGIBLE,local:challenger+the-odds-api,2026-09-26T21:00:29.199963Z,2026-09-26T20:59:57Z,1.1.0,fb9217aa950b8523d4584bf8f0218a24485ce66d208b6221b5a513f0e7e89fd4
81bf827138c19b4a8e2633f4039049ce516ec82d087fef53120d22619eb618ad,1.1.2,6590a4bbb77802175afa4c406de831d596569cbf2e1f596de7df0910f43e8fd5,e51f21289a5f63ada7c1746ad6385412db3f6a4e7fc3ba4e33e43fbdb6e9bf14,241bade8665d15f1855e8ed5cb5a8f8bc3dbb5e66c87d76b45ab5d76f1caa9f7,dffe8acdbd3e011d12e5e45e08331fd300f3b67f,d2d710b1-c436-4180-8c43-56a6e84b5e0f,3bfd8bfb4b8e9a365a0877879b73b16b,2026_03_LA_DEN,2026,3,2026-09-28T00:20:00Z,spreads,HOME,2026-09-26T21:00:26.360329Z,2026-09-26T21:00:25.892304Z,2026-09-22T18:51:43.097248Z,bb86d96ac8c5a37027060695827d4ca64ef6cc1d2ef5b5808941c85556f173d5,0c3751a79313fefb00d8494e505b88d2560b70529c09ed5981239ab5afbd4ac3,2026-09-26T20:59:57Z,-2.5,-110,-102,0.5091659028414299,1.0287600188590287,-2.4333333333333336,,INCOMPARABLE_POINTS,3,-0.1445286862855618,0.0,-2.5,0.49228045165888856,0.4893212527975112,0.4888096735103024,0.001045487569330002,0.5101448389203675,UNAVAILABLE_FOR_BETTING,DIAGNOSTIC_EARLY_SNAPSHOT,PASS,MODEL_LOCKED_UNTESTED_2026;UNCERTAINTY_UNAVAILABLE_FOR_BETTING;DIAGNOSTIC_EARLY_SNAPSHOT,local:v11-prospective-observer,2026-09-26T21:00:26.360329Z,2026-09-26T20:59:57Z,1.1.0,500ea4ccd1b63f8c7eb803ede129f9c7156dfa885f1a975d7d03cbd6adfcfdb7
021a9947664a06b3635c80c734289c339284a0b46fb3d7af58439dbdbcd8806e,challenger-0.2.0,5c8bf3ec348a261ab2c0ce94bd8cc315f754a8dc991c15c20d0d961d06997984,49fadb583b0dee0ba78c242826cb3e521cee0c4af2da837cfd5df18936598793,159ec87beb47e140832d992a80618f94b5cef5681c9d11c24e999ce1cad03b10,dffe8acdbd3e011d12e5e45e08331fd300f3b67f,214053eb-5084-4022-8817-4ddbbf933e60,3bfd8bfb4b8e9a365a0877879b73b16b,2026_03_LA_DEN,2026,3,2026-09-28T00:20:00Z,spreads,HOME,2026-09-27T03:01:00.857309Z,2026-09-27T03:00:57.384540Z,2026-09-22T18:51:43.097248Z,3ecdbfbaf3290a1d0f9b9aee517e61634d37a7bdde41367b8b77ffdf6363f311,afaedc64040317ad2b0e6c32c8e4f2a93439a830befd8fb6222f2559ef86a3aa,2026-09-27T03:00:51Z,-2.5,-109,-103,0.506872222476749,1.0289202630400451,-2.4333333333333336,,INCOMPARABLE_POINTS,3,4.011525074902485,0.0,-2.5,0.48689161885684834,0.506872222476749,0.5065789496512604,0.0005785932084729191,0.4928424571402667,MODELED_DEVELOPMENT_MARGIN_SHADOW_ONLY,SHADOW_ELIGIBLE,PASS,EXPERIMENTAL_SHADOW_NO_STAKES;SHADOW_ELIGIBLE,local:challenger+the-odds-api,2026-09-27T03:01:00.857309Z,2026-09-27T03:00:51Z,1.1.0,4260c12b85e0566ba39859499be7b9159c02495eaa1ba54d95454c01c9f2380c
82b098b688623385301aa5f60f6ff5b8fdab7ad5b67969c2585e1de4ce35b89e,1.1.2,6590a4bbb77802175afa4c406de831d596569cbf2e1f596de7df0910f43e8fd5,e51f21289a5f63ada7c1746ad6385412db3f6a4e7fc3ba4e33e43fbdb6e9bf14,241bade8665d15f1855e8ed5cb5a8f8bc3dbb5e66c87d76b45ab5d76f1caa9f7,dffe8acdbd3e011d12e5e45e08331fd300f3b67f,214053eb-5084-4022-8817-4ddbbf933e60,3bfd8bfb4b8e9a365a0877879b73b16b,2026_03_LA_DEN,2026,3,2026-09-28T00:20:00Z,spreads,HOME,2026-09-27T03:00:57.907341Z,2026-09-27T03:00:57.384540Z,2026-09-22T18:51:43.097248Z,bb86d96ac8c5a37027060695827d4ca64ef6cc1d2ef5b5808941c85556f173d5,0c3751a79313fefb00d8494e505b88d2560b70529c09ed5981239ab5afbd4ac3,2026-09-27T03:00:51Z,-2.5,-109,-103,0.506872222476749,1.0289202630400451,-2.4333333333333336,,INCOMPARABLE_POINTS,3,-0.1445286862855618,0.0,-2.5,0.49228045165888856,0.4893212527975112,0.4888096735103024,0.001045487569330002,0.5101448389203675,UNAVAILABLE_FOR_BETTING,DIAGNOSTIC_EARLY_SNAPSHOT,PASS,MODEL_LOCKED_UNTESTED_2026;UNCERTAINTY_UNAVAILABLE_FOR_BETTING;DIAGNOSTIC_EARLY_SNAPSHOT,local:v11-prospective-observer,2026-09-27T03:00:57.907341Z,2026-09-27T03:00:51Z,1.1.0,6e7a0de326ee3708d94a5f661837bcc7bc55a6bd32c1ae9461f7b9a528a07469
56e37b1b6b2518dd246d4d84458ff772bfaa9754c8dd8ff62a699269c7154ea2,challenger-0.2.0,5c8bf3ec348a261ab2c0ce94bd8cc315f754a8dc991c15c20d0d961d06997984,49fadb583b0dee0ba78c242826cb3e521cee0c4af2da837cfd5df18936598793,159ec87beb47e140832d992a80618f94b5cef5681c9d11c24e999ce1cad03b10,b143eda428696625817bd7042b4cf3a453477386,e1878b61-7760-4e06-9ca0-bec5e38d131c,3bfd8bfb4b8e9a365a0877879b73b16b,2026_03_LA_DEN,2026,3,2026-09-28T00:20:00Z,spreads,HOME,2026-09-27T12:45:25.295673Z,2026-09-27T12:45:22.019645Z,2026-09-22T18:51:43.097248Z,3ecdbfbaf3290a1d0f9b9aee517e61634d37a7bdde41367b8b77ffdf6363f311,afaedc64040317ad2b0e6c32c8e4f2a93439a830befd8fb6222f2559ef86a3aa,2026-09-27T12:45:16Z,-1.5,-101,-109,0.49070156678599663,1.0240186626675236,-1.6333333333333333,,INCOMPARABLE_POINTS,3,3.011525074902485,0.0,-1.5,0.48689161885684834,0.49070156678599663,0.4904176501920673,0.0005785932084729191,0.5090037565994598,MODELED_DEVELOPMENT_MARGIN_SHADOW_ONLY,SHADOW_ELIGIBLE,PASS,EXPERIMENTAL_SHADOW_NO_STAKES;SHADOW_ELIGIBLE,local:challenger+the-odds-api,2026-09-27T12:45:25.295673Z,2026-09-27T12:45:16Z,1.1.0,c51b2316d0ebbe01d97130f97502f8a0e401f76aeac7ca531662fd8eeee90d6f
6e907292f65bfaf6876d79dbb38cbdf9d0f5ca3d862afd5a74bf4483d89d4d48,1.1.2,6590a4bbb77802175afa4c406de831d596569cbf2e1f596de7df0910f43e8fd5,e51f21289a5f63ada7c1746ad6385412db3f6a4e7fc3ba4e33e43fbdb6e9bf14,241bade8665d15f1855e8ed5cb5a8f8bc3dbb5e66c87d76b45ab5d76f1caa9f7,b143eda428696625817bd7042b4cf3a453477386,e1878b61-7760-4e06-9ca0-bec5e38d131c,3bfd8bfb4b8e9a365a0877879b73b16b,2026_03_LA_DEN,2026,3,2026-09-28T00:20:00Z,spreads,HOME,2026-09-27T12:45:22.508290Z,2026-09-27T12:45:22.019645Z,2026-09-22T18:51:43.097248Z,bb86d96ac8c5a37027060695827d4ca64ef6cc1d2ef5b5808941c85556f173d5,0c3751a79313fefb00d8494e505b88d2560b70529c09ed5981239ab5afbd4ac3,2026-09-27T12:45:16Z,-1.5,-101,-109,0.49070156678599663,1.0240186626675236,-1.6333333333333333,,INCOMPARABLE_POINTS,3,-0.1445286862855618,0.0,-1.5,0.49228045165888856,0.4893212527975112,0.4888096735103024,0.001045487569330002,0.5101448389203675,UNAVAILABLE_FOR_BETTING,DIAGNOSTIC_EARLY_SNAPSHOT,PASS,MODEL_LOCKED_UNTESTED_2026;UNCERTAINTY_UNAVAILABLE_FOR_BETTING;DIAGNOSTIC_EARLY_SNAPSHOT,local:v11-prospective-observer,2026-09-27T12:45:22.508290Z,2026-09-27T12:45:16Z,1.1.0,b0f920075d278a676bfcabc650d03f3b86913a9ca32b465ab15665676ee914eb
288b6f958f8360591686922609ba34f8b718d40304bab501845712e70b9ad202,1.1.2,6590a4bbb77802175afa4c406de831d596569cbf2e1f596de7df0910f43e8fd5,e51f21289a5f63ada7c1746ad6385412db3f6a4e7fc3ba4e33e43fbdb6e9bf14,241bade8665d15f1855e8ed5cb5a8f8bc3dbb5e66c87d76b45ab5d76f1caa9f7,c8df716c912e3f6e3b11d508f2988b51a9d4b5a7,d4b87e91-991a-4aa9-bfef-bc8de675e276,3bfd8bfb4b8e9a365a0877879b73b16b,2026_03_LA_DEN,2026,3,2026-09-28T00:20:00Z,totals,OVER,2026-09-23T13:00:21.951453Z,2026-09-23T13:00:21.551276Z,2026-09-22T18:51:43.097248Z,bb86d96ac8c5a37027060695827d4ca64ef6cc1d2ef5b5808941c85556f173d5,0c3751a79313fefb00d8494e505b88d2560b70529c09ed5981239ab5afbd4ac3,2026-09-23T13:00:20Z,45.5,-101,-113,0.48643331976665316,1.0330039941139373,45.43333333333334,,INCOMPARABLE_POINTS,3,0.8535240164704592,0.1161508759454473,45.59913756215352,0.4896643906596669,0.49224714001190667,0.49224714001190667,0.0,0.5077528599880934,UNAVAILABLE_FOR_BETTING,DIAGNOSTIC_EARLY_SNAPSHOT,PASS,MODEL_LOCKED_UNTESTED_2026;UNCERTAINTY_UNAVAILABLE_FOR_BETTING;DIAGNOSTIC_EARLY_SNAPSHOT,local:v11-prospective-observer,2026-09-23T13:00:21.951453Z,2026-09-23T13:00:20Z,1.1.0,3f9608a0a039ea6a7ed2e6c946eb82129120dbe93cbfa947cd8e66cdad3ce9f9
a1d661736378b43291dc72cee31a5dc8776f99fff6f99e4237edd5f0c9860298,challenger-0.2.0,5c8bf3ec348a261ab2c0ce94bd8cc315f754a8dc991c15c20d0d961d06997984,49fadb583b0dee0ba78c242826cb3e521cee0c4af2da837cfd5df18936598793,159ec87beb47e140832d992a80618f94b5cef5681c9d11c24e999ce1cad03b10,c8df716c912e3f6e3b11d508f2988b51a9d4b5a7,d4b87e91-991a-4aa9-bfef-bc8de675e276,3bfd8bfb4b8e9a365a0877879b73b16b,2026_03_LA_DEN,2026,3,2026-09-28T00:20:00Z,totals,OVER,2026-09-23T13:00:24.484171Z,2026-09-23T13:00:21.551276Z,2026-09-22T18:51:43.097248Z,3ecdbfbaf3290a1d0f9b9aee517e61634d37a7bdde41367b8b77ffdf6363f311,afaedc64040317ad2b0e6c32c8e4f2a93439a830befd8fb6222f2559ef86a3aa,2026-09-23T13:00:20Z,45.5,-101,-113,0.48643331976665316,1.0330039941139373,45.43333333333334,,INCOMPARABLE_POINTS,3,-3.176634656913535,0.0,45.5,0.4856689348927987,0.48643331976665316,0.4826828005150183,0.0077102433144053545,0.5096069561705763,MODELED_DEVELOPMENT_MARGIN_SHADOW_ONLY,SHADOW_ELIGIBLE,PASS,EXPERIMENTAL_SHADOW_NO_STAKES;SHADOW_ELIGIBLE,local:challenger+the-odds-api,2026-09-23T13:00:24.484171Z,2026-09-23T13:00:20Z,1.1.0,612fc48bd7a0cb8299e7789ba0bea32cd935d3d3dd3ef79d037bc0a6b505f9d6
3d6770b0508c9505aa37901f0009cd59a6eecda63d5119f5eecfe77b5b7b4f08,challenger-0.2.0,5c8bf3ec348a261ab2c0ce94bd8cc315f754a8dc991c15c20d0d961d06997984,49fadb583b0dee0ba78c242826cb3e521cee0c4af2da837cfd5df18936598793,159ec87beb47e140832d992a80618f94b5cef5681c9d11c24e999ce1cad03b10,dffe8acdbd3e011d12e5e45e08331fd300f3b67f,d842d1fe-0de3-48ea-8341-bb9cfc6a6383,3bfd8bfb4b8e9a365a0877879b73b16b,2026_03_LA_DEN,2026,3,2026-09-28T00:20:00Z,totals,OVER,2026-09-24T16:00:25.607332Z,2026-09-24T16:00:22.454081Z,2026-09-22T18:51:43.097248Z,3ecdbfbaf3290a1d0f9b9aee517e61634d37a7bdde41367b8b77ffdf6363f311,afaedc64040317ad2b0e6c32c8e4f2a93439a830befd8fb6222f2559ef86a3aa,2026-09-24T16:00:17Z,45.0,100,-114,0.4841628959276018,1.0327102803738317,45.0,,INCOMPARABLE_POINTS,3,-2.676634656913535,0.0,45.0,0.4856689348927987,0.4841628959276018,0.48042988219619287,0.0077102433144053545,0.5118598744894017,MODELED_DEVELOPMENT_MARGIN_SHADOW_ONLY,SHADOW_ELIGIBLE,PASS,EXPERIMENTAL_SHADOW_NO_STAKES;SHADOW_ELIGIBLE,local:challenger+the-odds-api,2026-09-24T16:00:25.607332Z,2026-09-24T16:00:17Z,1.1.0,b9c4ab82c66a866e229461d01d9feeb993080336dd4a04224a4a6079d68c3528
6e2487a2852b5bffaa046f952b586ba5f62e9e698b5d2fd5a87931b500994954,1.1.2,6590a4bbb77802175afa4c406de831d596569cbf2e1f596de7df0910f43e8fd5,e51f21289a5f63ada7c1746ad6385412db3f6a4e7fc3ba4e33e43fbdb6e9bf14,241bade8665d15f1855e8ed5cb5a8f8bc3dbb5e66c87d76b45ab5d76f1caa9f7,dffe8acdbd3e011d12e5e45e08331fd300f3b67f,d842d1fe-0de3-48ea-8341-bb9cfc6a6383,3bfd8bfb4b8e9a365a0877879b73b16b,2026_03_LA_DEN,2026,3,2026-09-28T00:20:00Z,totals,OVER,2026-09-24T16:00:22.882475Z,2026-09-24T16:00:22.454081Z,2026-09-22T18:51:43.097248Z,bb86d96ac8c5a37027060695827d4ca64ef6cc1d2ef5b5808941c85556f173d5,0c3751a79313fefb00d8494e505b88d2560b70529c09ed5981239ab5afbd4ac3,2026-09-24T16:00:17Z,45.0,100,-114,0.4841628959276018,1.0327102803738317,45.0,,INCOMPARABLE_POINTS,3,0.8535240164704592,0.1161508759454473,45.09913756215352,0.4896643906596669,0.49224714001190667,0.49224714001190667,0.0,0.5077528599880934,UNAVAILABLE_FOR_BETTING,DIAGNOSTIC_EARLY_SNAPSHOT,PASS,MODEL_LOCKED_UNTESTED_2026;UNCERTAINTY_UNAVAILABLE_FOR_BETTING;DIAGNOSTIC_EARLY_SNAPSHOT,local:v11-prospective-observer,2026-09-24T16:00:22.882475Z,2026-09-24T16:00:17Z,1.1.0,91473bf7ac9b45c8b57c728ae03e9801ac2ff6f9067854cee7f988ebcdb92dd6
0bf249bbf51ce3ba0f0b08e62d9e25fb3665d82bab9e587a388c9fe1d7f2a211,1.1.2,6590a4bbb77802175afa4c406de831d596569cbf2e1f596de7df0910f43e8fd5,e51f21289a5f63ada7c1746ad6385412db3f6a4e7fc3ba4e33e43fbdb6e9bf14,241bade8665d15f1855e8ed5cb5a8f8bc3dbb5e66c87d76b45ab5d76f1caa9f7,dffe8acdbd3e011d12e5e45e08331fd300f3b67f,b7f8819c-86a9-428f-bb46-debf3999015c,3bfd8bfb4b8e9a365a0877879b73b16b,2026_03_LA_DEN,2026,3,2026-09-28T00:20:00Z,totals,OVER,2026-09-25T21:00:29.089372Z,2026-09-25T21:00:28.639096Z,2026-09-22T18:51:43.097248Z,bb86d96ac8c5a37027060695827d4ca64ef6cc1d2ef5b5808941c85556f173d5,0c3751a79313fefb00d8494e505b88d2560b70529c09ed5981239ab5afbd4ac3,2026-09-25T20:59:58Z,44.0,-107,-107,0.5,1.0338164251207729,44.0,,INCOMPARABLE_POINTS,3,0.8535240164704592,0.1161508759454473,44.09913756215352,0.4896643906596669,0.49224714001190667,0.49224714001190667,0.0,0.5077528599880934,UNAVAILABLE_FOR_BETTING,DIAGNOSTIC_EARLY_SNAPSHOT,PASS,MODEL_LOCKED_UNTESTED_2026;UNCERTAINTY_UNAVAILABLE_FOR_BETTING;DIAGNOSTIC_EARLY_SNAPSHOT,local:v11-prospective-observer,2026-09-25T21:00:29.089372Z,2026-09-25T20:59:58Z,1.1.0,1202d5773fc3b64d46e9e4fd261096a1ed79859c7696964aba36571ab15df570
33b9b121866d5a8a26927f9516c6f60d9349931176bdc22d237673ffa3b473ed,challenger-0.2.0,5c8bf3ec348a261ab2c0ce94bd8cc315f754a8dc991c15c20d0d961d06997984,49fadb583b0dee0ba78c242826cb3e521cee0c4af2da837cfd5df18936598793,159ec87beb47e140832d992a80618f94b5cef5681c9d11c24e999ce1cad03b10,dffe8acdbd3e011d12e5e45e08331fd300f3b67f,b7f8819c-86a9-428f-bb46-debf3999015c,3bfd8bfb4b8e9a365a0877879b73b16b,2026_03_LA_DEN,2026,3,2026-09-28T00:20:00Z,totals,OVER,2026-09-25T21:00:31.801654Z,2026-09-25T21:00:28.639096Z,2026-09-22T18:51:43.097248Z,3ecdbfbaf3290a1d0f9b9aee517e61634d37a7bdde41367b8b77ffdf6363f311,afaedc64040317ad2b0e6c32c8e4f2a93439a830befd8fb6222f2559ef86a3aa,2026-09-25T20:59:58Z,44.0,-107,-107,0.5,1.0338164251207729,44.0,,INCOMPARABLE_POINTS,3,-1.676634656913535,0.0,44.0,0.4856689348927987,0.5,0.4961448783427973,0.0077102433144053545,0.4961448783427973,MODELED_DEVELOPMENT_MARGIN_SHADOW_ONLY,SHADOW_ELIGIBLE,PASS,EXPERIMENTAL_SHADOW_NO_STAKES;SHADOW_ELIGIBLE,local:challenger+the-odds-api,2026-09-25T21:00:31.801654Z,2026-09-25T20:59:58Z,1.1.0,570d61b20b3a3c471e06a274b9138c249f06b5adb08be9d7c74851e2b7f224c2
a6b707b421669d7d04ae6ce34ceba247bd8b63a31a3657fca2c1fbf9ccf05c31,1.1.2,6590a4bbb77802175afa4c406de831d596569cbf2e1f596de7df0910f43e8fd5,e51f21289a5f63ada7c1746ad6385412db3f6a4e7fc3ba4e33e43fbdb6e9bf14,241bade8665d15f1855e8ed5cb5a8f8bc3dbb5e66c87d76b45ab5d76f1caa9f7,dffe8acdbd3e011d12e5e45e08331fd300f3b67f,8b8b5771-d3ca-480c-9980-dac450e82c42,3bfd8bfb4b8e9a365a0877879b73b16b,2026_03_LA_DEN,2026,3,2026-09-28T00:20:00Z,totals,OVER,2026-09-26T13:00:27.689180Z,2026-09-26T13:00:27.208512Z,2026-09-22T18:51:43.097248Z,bb86d96ac8c5a37027060695827d4ca64ef6cc1d2ef5b5808941c85556f173d5,0c3751a79313fefb00d8494e505b88d2560b70529c09ed5981239ab5afbd4ac3,2026-09-26T13:00:05Z,44.0,-107,-107,0.5,1.0338164251207729,44.13333333333333,,INCOMPARABLE_POINTS,3,0.8535240164704592,0.1161508759454473,44.09913756215352,0.4896643906596669,0.49224714001190667,0.49224714001190667,0.0,0.5077528599880934,UNAVAILABLE_FOR_BETTING,DIAGNOSTIC_EARLY_SNAPSHOT,PASS,MODEL_LOCKED_UNTESTED_2026;UNCERTAINTY_UNAVAILABLE_FOR_BETTING;DIAGNOSTIC_EARLY_SNAPSHOT,local:v11-prospective-observer,2026-09-26T13:00:27.689180Z,2026-09-26T13:00:05Z,1.1.0,064aacec3bf25e0836d950e18e3e8d1b61c27eb1f4080ed4dbf9ab078668a8b3
d91f70cfd0273c707b44946665b0a9522200224ddfe640e34f001e09f5259f6d,challenger-0.2.0,5c8bf3ec348a261ab2c0ce94bd8cc315f754a8dc991c15c20d0d961d06997984,49fadb583b0dee0ba78c242826cb3e521cee0c4af2da837cfd5df18936598793,159ec87beb47e140832d992a80618f94b5cef5681c9d11c24e999ce1cad03b10,dffe8acdbd3e011d12e5e45e08331fd300f3b67f,8b8b5771-d3ca-480c-9980-dac450e82c42,3bfd8bfb4b8e9a365a0877879b73b16b,2026_03_LA_DEN,2026,3,2026-09-28T00:20:00Z,totals,OVER,2026-09-26T13:00:30.675609Z,2026-09-26T13:00:27.208512Z,2026-09-22T18:51:43.097248Z,3ecdbfbaf3290a1d0f9b9aee517e61634d37a7bdde41367b8b77ffdf6363f311,afaedc64040317ad2b0e6c32c8e4f2a93439a830befd8fb6222f2559ef86a3aa,2026-09-26T13:00:05Z,44.0,-107,-107,0.5,1.0338164251207729,44.13333333333333,,INCOMPARABLE_POINTS,3,-1.676634656913535,0.0,44.0,0.4856689348927987,0.5,0.4961448783427973,0.0077102433144053545,0.4961448783427973,MODELED_DEVELOPMENT_MARGIN_SHADOW_ONLY,SHADOW_ELIGIBLE,PASS,EXPERIMENTAL_SHADOW_NO_STAKES;SHADOW_ELIGIBLE,local:challenger+the-odds-api,2026-09-26T13:00:30.675609Z,2026-09-26T13:00:05Z,1.1.0,519c5964349ea7a2675e48f2a82ebd6cd13959307c8308f8c71afc346e5a7545
0852f440338e8ca0ea06b95d8ee336c61aa14c1f73851a58bfbc531dcdd2e63a,challenger-0.2.0,5c8bf3ec348a261ab2c0ce94bd8cc315f754a8dc991c15c20d0d961d06997984,49fadb583b0dee0ba78c242826cb3e521cee0c4af2da837cfd5df18936598793,159ec87beb47e140832d992a80618f94b5cef5681c9d11c24e999ce1cad03b10,dffe8acdbd3e011d12e5e45e08331fd300f3b67f,d2d710b1-c436-4180-8c43-56a6e84b5e0f,3bfd8bfb4b8e9a365a0877879b73b16b,2026_03_LA_DEN,2026,3,2026-09-28T00:20:00Z,totals,OVER,2026-09-26T21:00:29.199963Z,2026-09-26T21:00:25.892304Z,2026-09-22T18:51:43.097248Z,3ecdbfbaf3290a1d0f9b9aee517e61634d37a7bdde41367b8b77ffdf6363f311,afaedc64040317ad2b0e6c32c8e4f2a93439a830befd8fb6222f2559ef86a3aa,2026-09-26T20:59:57Z,44.0,-107,-107,0.5,1.0338164251207729,44.13333333333333,,INCOMPARABLE_POINTS,3,-1.676634656913535,0.0,44.0,0.4856689348927987,0.5,0.4961448783427973,0.0077102433144053545,0.4961448783427973,MODELED_DEVELOPMENT_MARGIN_SHADOW_ONLY,SHADOW_ELIGIBLE,PASS,EXPERIMENTAL_SHADOW_NO_STAKES;SHADOW_ELIGIBLE,local:challenger+the-odds-api,2026-09-26T21:00:29.199963Z,2026-09-26T20:59:57Z,1.1.0,8a39e1b2f323dfe6229e0f702eaa0d932faf580479190c3725181a87972d3d47
d0aec474a0ae7b3a7339c41699210c5c9933d18a15ecb45e7233db8b4b5cc2e0,1.1.2,6590a4bbb77802175afa4c406de831d596569cbf2e1f596de7df0910f43e8fd5,e51f21289a5f63ada7c1746ad6385412db3f6a4e7fc3ba4e33e43fbdb6e9bf14,241bade8665d15f1855e8ed5cb5a8f8bc3dbb5e66c87d76b45ab5d76f1caa9f7,dffe8acdbd3e011d12e5e45e08331fd300f3b67f,d2d710b1-c436-4180-8c43-56a6e84b5e0f,3bfd8bfb4b8e9a365a0877879b73b16b,2026_03_LA_DEN,2026,3,2026-09-28T00:20:00Z,totals,OVER,2026-09-26T21:00:26.360329Z,2026-09-26T21:00:25.892304Z,2026-09-22T18:51:43.097248Z,bb86d96ac8c5a37027060695827d4ca64ef6cc1d2ef5b5808941c85556f173d5,0c3751a79313fefb00d8494e505b88d2560b70529c09ed5981239ab5afbd4ac3,2026-09-26T20:59:57Z,44.0,-107,-107,0.5,1.0338164251207729,44.13333333333333,,INCOMPARABLE_POINTS,3,0.8535240164704592,0.1161508759454473,44.09913756215352,0.4896643906596669,0.49224714001190667,0.49224714001190667,0.0,0.5077528599880934,UNAVAILABLE_FOR_BETTING,DIAGNOSTIC_EARLY_SNAPSHOT,PASS,MODEL_LOCKED_UNTESTED_2026;UNCERTAINTY_UNAVAILABLE_FOR_BETTING;DIAGNOSTIC_EARLY_SNAPSHOT,local:v11-prospective-observer,2026-09-26T21:00:26.360329Z,2026-09-26T20:59:57Z,1.1.0,04803ce24191e64b859598d07fc259ccc988c79d8bcbdf13b6d94d2aff558a62
477df637c27c4af98cf1dcecb5a5dfa51c4a31613defb40a1cfd55a88f1064f6,1.1.2,6590a4bbb77802175afa4c406de831d596569cbf2e1f596de7df0910f43e8fd5,e51f21289a5f63ada7c1746ad6385412db3f6a4e7fc3ba4e33e43fbdb6e9bf14,241bade8665d15f1855e8ed5cb5a8f8bc3dbb5e66c87d76b45ab5d76f1caa9f7,dffe8acdbd3e011d12e5e45e08331fd300f3b67f,214053eb-5084-4022-8817-4ddbbf933e60,3bfd8bfb4b8e9a365a0877879b73b16b,2026_03_LA_DEN,2026,3,2026-09-28T00:20:00Z,totals,OVER,2026-09-27T03:00:57.907341Z,2026-09-27T03:00:57.384540Z,2026-09-22T18:51:43.097248Z,bb86d96ac8c5a37027060695827d4ca64ef6cc1d2ef5b5808941c85556f173d5,0c3751a79313fefb00d8494e505b88d2560b70529c09ed5981239ab5afbd4ac3,2026-09-27T03:00:51Z,44.0,-107,-107,0.5,1.0338164251207729,44.0,,INCOMPARABLE_POINTS,3,0.8535240164704592,0.1161508759454473,44.09913756215352,0.4896643906596669,0.49224714001190667,0.49224714001190667,0.0,0.5077528599880934,UNAVAILABLE_FOR_BETTING,DIAGNOSTIC_EARLY_SNAPSHOT,PASS,MODEL_LOCKED_UNTESTED_2026;UNCERTAINTY_UNAVAILABLE_FOR_BETTING;DIAGNOSTIC_EARLY_SNAPSHOT,local:v11-prospective-observer,2026-09-27T03:00:57.907341Z,2026-09-27T03:00:51Z,1.1.0,35398395b52ea80114110db7740e577eba2715ae4ddafe2009505d9d28ad349b
9fcdbc3452ae8a78b27846f2443cc643d17a0ee39376f84bebd66b02a28862f4,challenger-0.2.0,5c8bf3ec348a261ab2c0ce94bd8cc315f754a8dc991c15c20d0d961d06997984,49fadb583b0dee0ba78c242826cb3e521cee0c4af2da837cfd5df18936598793,159ec87beb47e140832d992a80618f94b5cef5681c9d11c24e999ce1cad03b10,dffe8acdbd3e011d12e5e45e08331fd300f3b67f,214053eb-5084-4022-8817-4ddbbf933e60,3bfd8bfb4b8e9a365a0877879b73b16b,2026_03_LA_DEN,2026,3,2026-09-28T00:20:00Z,totals,OVER,2026-09-27T03:01:00.857309Z,2026-09-27T03:00:57.384540Z,2026-09-22T18:51:43.097248Z,3ecdbfbaf3290a1d0f9b9aee517e61634d37a7bdde41367b8b77ffdf6363f311,afaedc64040317ad2b0e6c32c8e4f2a93439a830befd8fb6222f2559ef86a3aa,2026-09-27T03:00:51Z,44.0,-107,-107,0.5,1.0338164251207729,44.0,,INCOMPARABLE_POINTS,3,-1.676634656913535,0.0,44.0,0.4856689348927987,0.5,0.4961448783427973,0.0077102433144053545,0.4961448783427973,MODELED_DEVELOPMENT_MARGIN_SHADOW_ONLY,SHADOW_ELIGIBLE,PASS,EXPERIMENTAL_SHADOW_NO_STAKES;SHADOW_ELIGIBLE,local:challenger+the-odds-api,2026-09-27T03:01:00.857309Z,2026-09-27T03:00:51Z,1.1.0,b3a3891b392d0f272c52733df78c49a019cb85269eaf09d45693a2b16c5e0d7e
d14bbc45686576b0bacc88568d2c6a942c9b68e53613e4cc6eaae95610efe501,1.1.2,6590a4bbb77802175afa4c406de831d596569cbf2e1f596de7df0910f43e8fd5,e51f21289a5f63ada7c1746ad6385412db3f6a4e7fc3ba4e33e43fbdb6e9bf14,241bade8665d15f1855e8ed5cb5a8f8bc3dbb5e66c87d76b45ab5d76f1caa9f7,b143eda428696625817bd7042b4cf3a453477386,e1878b61-7760-4e06-9ca0-bec5e38d131c,3bfd8bfb4b8e9a365a0877879b73b16b,2026_03_LA_DEN,2026,3,2026-09-28T00:20:00Z,totals,OVER,2026-09-27T12:45:22.508290Z,2026-09-27T12:45:22.019645Z,2026-09-22T18:51:43.097248Z,bb86d96ac8c5a37027060695827d4ca64ef6cc1d2ef5b5808941c85556f173d5,0c3751a79313fefb00d8494e505b88d2560b70529c09ed5981239ab5afbd4ac3,2026-09-27T12:45:16Z,44.0,-106,-106,0.5,1.029126213592233,44.13333333333333,,INCOMPARABLE_POINTS,3,0.8535240164704592,0.1161508759454473,44.09913756215352,0.4896643906596669,0.49224714001190667,0.49224714001190667,0.0,0.5077528599880934,UNAVAILABLE_FOR_BETTING,DIAGNOSTIC_EARLY_SNAPSHOT,PASS,MODEL_LOCKED_UNTESTED_2026;UNCERTAINTY_UNAVAILABLE_FOR_BETTING;DIAGNOSTIC_EARLY_SNAPSHOT,local:v11-prospective-observer,2026-09-27T12:45:22.508290Z,2026-09-27T12:45:16Z,1.1.0,bda074b2f730f876f5beb1e384859dd99268375d960c7ac890f50010076d5645
dd214093535038e678c2c5e2eddc3d58e14856329907a3bf4524ce42ea6afcdf,challenger-0.2.0,5c8bf3ec348a261ab2c0ce94bd8cc315f754a8dc991c15c20d0d961d06997984,49fadb583b0dee0ba78c242826cb3e521cee0c4af2da837cfd5df18936598793,159ec87beb47e140832d992a80618f94b5cef5681c9d11c24e999ce1cad03b10,b143eda428696625817bd7042b4cf3a453477386,e1878b61-7760-4e06-9ca0-bec5e38d131c,3bfd8bfb4b8e9a365a0877879b73b16b,2026_03_LA_DEN,2026,3,2026-09-28T00:20:00Z,totals,OVER,2026-09-27T12:45:25.295673Z,2026-09-27T12:45:22.019645Z,2026-09-22T18:51:43.097248Z,3ecdbfbaf3290a1d0f9b9aee517e61634d37a7bdde41367b8b77ffdf6363f311,afaedc64040317ad2b0e6c32c8e4f2a93439a830befd8fb6222f2559ef86a3aa,2026-09-27T12:45:16Z,44.0,-106,-106,0.5,1.029126213592233,44.13333333333333,,INCOMPARABLE_POINTS,3,-1.676634656913535,0.0,44.0,0.4856689348927987,0.5,0.4961448783427973,0.0077102433144053545,0.4961448783427973,MODELED_DEVELOPMENT_MARGIN_SHADOW_ONLY,SHADOW_ELIGIBLE,PASS,EXPERIMENTAL_SHADOW_NO_STAKES;SHADOW_ELIGIBLE,local:challenger+the-odds-api,2026-09-27T12:45:25.295673Z,2026-09-27T12:45:16Z,1.1.0,e196dbb4df14f823bf07754d205c54e3c58abd21fbbb1394d6b18110b7d69157
77bfbe003509c603bc3edb4700444688b07e6606e4fcb25012307eec75256bfe,1.1.2,6590a4bbb77802175afa4c406de831d596569cbf2e1f596de7df0910f43e8fd5,e51f21289a5f63ada7c1746ad6385412db3f6a4e7fc3ba4e33e43fbdb6e9bf14,241bade8665d15f1855e8ed5cb5a8f8bc3dbb5e66c87d76b45ab5d76f1caa9f7,c8df716c912e3f6e3b11d508f2988b51a9d4b5a7,d4b87e91-991a-4aa9-bfef-bc8de675e276,47dc7baa254659f3beb2ed2b38c207b6,2026_03_PHI_CHI,2026,3,2026-09-29T00:15:00Z,spreads,HOME,2026-09-23T13:00:21.951453Z,2026-09-23T13:00:21.551276Z,2026-09-22T18:51:43.097248Z,bb86d96ac8c5a37027060695827d4ca64ef6cc1d2ef5b5808941c85556f173d5,f3e72246d4fc8bf48803904cfe742f0ae841bafa6972120cc207d6bc0743f5e0,2026-09-23T13:00:20Z,-4.5,100,-110,0.48837209302325585,1.0238095238095237,-4.5,0.48984147178907755,VALID,3,1.5855744871509452,0.0,-4.5,0.5723847356389261,0.5014327422075912,0.5003210864338616,0.002216958886321089,0.4974619546798172,UNAVAILABLE_FOR_BETTING,DIAGNOSTIC_EARLY_SNAPSHOT,PASS,MODEL_LOCKED_UNTESTED_2026;UNCERTAINTY_UNAVAILABLE_FOR_BETTING;DIAGNOSTIC_EARLY_SNAPSHOT,local:v11-prospective-observer,2026-09-23T13:00:21.951453Z,2026-09-23T13:00:20Z,1.1.0,1882c3f0b7d40b2f3c8d1ea3f2e3ebb2ca14734187a06e6f9ed953f72a179360
94c324a3cb3e9326490759e11afaf0edb7e3338b63e3c2cf15468fd2f90af007,challenger-0.2.0,5c8bf3ec348a261ab2c0ce94bd8cc315f754a8dc991c15c20d0d961d06997984,49fadb583b0dee0ba78c242826cb3e521cee0c4af2da837cfd5df18936598793,159ec87beb47e140832d992a80618f94b5cef5681c9d11c24e999ce1cad03b10,c8df716c912e3f6e3b11d508f2988b51a9d4b5a7,d4b87e91-991a-4aa9-bfef-bc8de675e276,47dc7baa254659f3beb2ed2b38c207b6,2026_03_PHI_CHI,2026,3,2026-09-29T00:15:00Z,spreads,HOME,2026-09-23T13:00:24.484171Z,2026-09-23T13:00:21.551276Z,2026-09-22T18:51:43.097248Z,3ecdbfbaf3290a1d0f9b9aee517e61634d37a7bdde41367b8b77ffdf6363f311,f7987d48ed6161603c7966ba3635f0afccc73b920fc6b0bd873fca1f31e545b8,2026-09-23T13:00:20Z,-4.5,100,-110,0.48837209302325585,1.0238095238095237,-4.5,0.48984147178907755,VALID,3,7.909162029431883,0.0,-4.5,0.5880380190023922,0.48837209302325585,0.4870848370796987,0.0026358097891883946,0.510279353131113,MODELED_DEVELOPMENT_MARGIN_SHADOW_ONLY,SHADOW_ELIGIBLE,PASS,EXPERIMENTAL_SHADOW_NO_STAKES;SHADOW_ELIGIBLE,local:challenger+the-odds-api,2026-09-23T13:00:24.484171Z,2026-09-23T13:00:20Z,1.1.0,1b2ccaedac52fde1b234386bc18c0890426294e6744477187bece090478d1fc5
052893e1d467c715bbdf184bef97cbcbfa76247f9d15aa917a62933538889e9d,1.1.2,6590a4bbb77802175afa4c406de831d596569cbf2e1f596de7df0910f43e8fd5,e51f21289a5f63ada7c1746ad6385412db3f6a4e7fc3ba4e33e43fbdb6e9bf14,241bade8665d15f1855e8ed5cb5a8f8bc3dbb5e66c87d76b45ab5d76f1caa9f7,dffe8acdbd3e011d12e5e45e08331fd300f3b67f,d842d1fe-0de3-48ea-8341-bb9cfc6a6383,47dc7baa254659f3beb2ed2b38c207b6,2026_03_PHI_CHI,2026,3,2026-09-29T00:15:00Z,spreads,HOME,2026-09-24T16:00:22.882475Z,2026-09-24T16:00:22.454081Z,2026-09-22T18:51:43.097248Z,bb86d96ac8c5a37027060695827d4ca64ef6cc1d2ef5b5808941c85556f173d5,f3e72246d4fc8bf48803904cfe742f0ae841bafa6972120cc207d6bc0743f5e0,2026-09-24T16:00:17Z,-4.5,-102,-108,0.4930284439486894,1.0241812642802741,-4.5,0.4926352823443377,VALID,3,1.5855744871509452,0.0,-4.5,0.5723847356389261,0.5014327422075912,0.5003210864338616,0.002216958886321089,0.4974619546798172,UNAVAILABLE_FOR_BETTING,DIAGNOSTIC_EARLY_SNAPSHOT,PASS,MODEL_LOCKED_UNTESTED_2026;UNCERTAINTY_UNAVAILABLE_FOR_BETTING;DIAGNOSTIC_EARLY_SNAPSHOT,local:v11-prospective-observer,2026-09-24T16:00:22.882475Z,2026-09-24T16:00:17Z,1.1.0,d1b5e98f5fd27d30b0bcb7fd52088e6ab617f00596a27c401d82d984b3127c94
c4899a650e16a42a1a47bcabbe23274fb6c28e12a6346048fe612c7c73e462f0,challenger-0.2.0,5c8bf3ec348a261ab2c0ce94bd8cc315f754a8dc991c15c20d0d961d06997984,49fadb583b0dee0ba78c242826cb3e521cee0c4af2da837cfd5df18936598793,159ec87beb47e140832d992a80618f94b5cef5681c9d11c24e999ce1cad03b10,dffe8acdbd3e011d12e5e45e08331fd300f3b67f,d842d1fe-0de3-48ea-8341-bb9cfc6a6383,47dc7baa254659f3beb2ed2b38c207b6,2026_03_PHI_CHI,2026,3,2026-09-29T00:15:00Z,spreads,HOME,2026-09-24T16:00:25.607332Z,2026-09-24T16:00:22.454081Z,2026-09-22T18:51:43.097248Z,3ecdbfbaf3290a1d0f9b9aee517e61634d37a7bdde41367b8b77ffdf6363f311,f7987d48ed6161603c7966ba3635f0afccc73b920fc6b0bd873fca1f31e545b8,2026-09-24T16:00:17Z,-4.5,-102,-108,0.4930284439486894,1.0241812642802741,-4.5,0.4926352823443377,VALID,3,7.909162029431883,0.0,-4.5,0.5880380190023922,0.4930284439486894,0.4917289147497811,0.0026358097891883946,0.5056352754610305,MODELED_DEVELOPMENT_MARGIN_SHADOW_ONLY,SHADOW_ELIGIBLE,PASS,EXPERIMENTAL_SHADOW_NO_STAKES;SHADOW_ELIGIBLE,local:challenger+the-odds-api,2026-09-24T16:00:25.607332Z,2026-09-24T16:00:17Z,1.1.0,f96cebf4ab71da3180aae8453c6a5afc7b811e2a25aa3e5504fbbee5272735f3
1f1f108193a6273ea4ff7477fc0a82c3908720e07b84bd19d028393850fe50a7,1.1.2,6590a4bbb77802175afa4c406de831d596569cbf2e1f596de7df0910f43e8fd5,e51f21289a5f63ada7c1746ad6385412db3f6a4e7fc3ba4e33e43fbdb6e9bf14,241bade8665d15f1855e8ed5cb5a8f8bc3dbb5e66c87d76b45ab5d76f1caa9f7,dffe8acdbd3e011d12e5e45e08331fd300f3b67f,b7f8819c-86a9-428f-bb46-debf3999015c,47dc7baa254659f3beb2ed2b38c207b6,2026_03_PHI_CHI,2026,3,2026-09-29T00:15:00Z,spreads,HOME,2026-09-25T21:00:29.089372Z,2026-09-25T21:00:28.639096Z,2026-09-22T18:51:43.097248Z,bb86d96ac8c5a37027060695827d4ca64ef6cc1d2ef5b5808941c85556f173d5,f3e72246d4fc8bf48803904cfe742f0ae841bafa6972120cc207d6bc0743f5e0,2026-09-25T20:59:58Z,-4.5,-107,-103,0.5046466242274987,1.0242973751219628,-4.5,0.4981522046118322,VALID,3,1.5855744871509452,0.0,-4.5,0.5723847356389261,0.5014327422075912,0.5003210864338616,0.002216958886321089,0.4974619546798172,UNAVAILABLE_FOR_BETTING,DIAGNOSTIC_EARLY_SNAPSHOT,PASS,MODEL_LOCKED_UNTESTED_2026;UNCERTAINTY_UNAVAILABLE_FOR_BETTING;DIAGNOSTIC_EARLY_SNAPSHOT,local:v11-prospective-observer,2026-09-25T21:00:29.089372Z,2026-09-25T20:59:58Z,1.1.0,aac687f955aab0e954d3bf6c1913969fd98faeafdac11924eecc11c168e9383c
b0a17a81620368c422fa19d323470e833c48e5bb5615f9d65b9e5156069c40d7,challenger-0.2.0,5c8bf3ec348a261ab2c0ce94bd8cc315f754a8dc991c15c20d0d961d06997984,49fadb583b0dee0ba78c242826cb3e521cee0c4af2da837cfd5df18936598793,159ec87beb47e140832d992a80618f94b5cef5681c9d11c24e999ce1cad03b10,dffe8acdbd3e011d12e5e45e08331fd300f3b67f,b7f8819c-86a9-428f-bb46-debf3999015c,47dc7baa254659f3beb2ed2b38c207b6,2026_03_PHI_CHI,2026,3,2026-09-29T00:15:00Z,spreads,HOME,2026-09-25T21:00:31.801654Z,2026-09-25T21:00:28.639096Z,2026-09-22T18:51:43.097248Z,3ecdbfbaf3290a1d0f9b9aee517e61634d37a7bdde41367b8b77ffdf6363f311,f7987d48ed6161603c7966ba3635f0afccc73b920fc6b0bd873fca1f31e545b8,2026-09-25T20:59:58Z,-4.5,-107,-103,0.5046466242274987,1.0242973751219628,-4.5,0.4981522046118322,VALID,3,7.909162029431883,0.0,-4.5,0.5880380190023922,0.5046466242274987,0.503316471715279,0.0026358097891883946,0.4940477184955326,MODELED_DEVELOPMENT_MARGIN_SHADOW_ONLY,SHADOW_ELIGIBLE,PASS,EXPERIMENTAL_SHADOW_NO_STAKES;SHADOW_ELIGIBLE,local:challenger+the-odds-api,2026-09-25T21:00:31.801654Z,2026-09-25T20:59:58Z,1.1.0,5aab1485b25256ba5af2e044aeb85c48fe4477b5de0b0094ee96446fac0d12e7
3858b529564cb7d85b77655659036ea8e531928eaf6978bd01a0c1f3cf9c8125,1.1.2,6590a4bbb77802175afa4c406de831d596569cbf2e1f596de7df0910f43e8fd5,e51f21289a5f63ada7c1746ad6385412db3f6a4e7fc3ba4e33e43fbdb6e9bf14,241bade8665d15f1855e8ed5cb5a8f8bc3dbb5e66c87d76b45ab5d76f1caa9f7,dffe8acdbd3e011d12e5e45e08331fd300f3b67f,8b8b5771-d3ca-480c-9980-dac450e82c42,47dc7baa254659f3beb2ed2b38c207b6,2026_03_PHI_CHI,2026,3,2026-09-29T00:15:00Z,spreads,HOME,2026-09-26T13:00:27.689180Z,2026-09-26T13:00:27.208512Z,2026-09-22T18:51:43.097248Z,bb86d96ac8c5a37027060695827d4ca64ef6cc1d2ef5b5808941c85556f173d5,f3e72246d4fc8bf48803904cfe742f0ae841bafa6972120cc207d6bc0743f5e0,2026-09-26T13:00:05Z,-4.5,-106,-104,0.5023229882921391,1.024367028364744,-4.566666666666666,,INCOMPARABLE_POINTS,3,1.5855744871509452,0.0,-4.5,0.5723847356389261,0.5014327422075912,0.5003210864338616,0.002216958886321089,0.4974619546798172,UNAVAILABLE_FOR_BETTING,DIAGNOSTIC_EARLY_SNAPSHOT,PASS,MODEL_LOCKED_UNTESTED_2026;UNCERTAINTY_UNAVAILABLE_FOR_BETTING;DIAGNOSTIC_EARLY_SNAPSHOT,local:v11-prospective-observer,2026-09-26T13:00:27.689180Z,2026-09-26T13:00:05Z,1.1.0,8b9e39a0c276dc36ba2c9cbff4faf2be95610bc40bba9bf29576ead05014bbf7
d9eb1b064bab359df5665174f98301e7189fe22546e4bb72027d9f160e384298,challenger-0.2.0,5c8bf3ec348a261ab2c0ce94bd8cc315f754a8dc991c15c20d0d961d06997984,49fadb583b0dee0ba78c242826cb3e521cee0c4af2da837cfd5df18936598793,159ec87beb47e140832d992a80618f94b5cef5681c9d11c24e999ce1cad03b10,dffe8acdbd3e011d12e5e45e08331fd300f3b67f,8b8b5771-d3ca-480c-9980-dac450e82c42,47dc7baa254659f3beb2ed2b38c207b6,2026_03_PHI_CHI,2026,3,2026-09-29T00:15:00Z,spreads,HOME,2026-09-26T13:00:30.675609Z,2026-09-26T13:00:27.208512Z,2026-09-22T18:51:43.097248Z,3ecdbfbaf3290a1d0f9b9aee517e61634d37a7bdde41367b8b77ffdf6363f311,f7987d48ed6161603c7966ba3635f0afccc73b920fc6b0bd873fca1f31e545b8,2026-09-26T13:00:05Z,-4.5,-106,-104,0.5023229882921391,1.024367028364744,-4.566666666666666,,INCOMPARABLE_POINTS,3,7.909162029431883,0.0,-4.5,0.5880380190023922,0.5023229882921391,0.5009989604422642,0.0026358097891883946,0.4963652297685473,MODELED_DEVELOPMENT_MARGIN_SHADOW_ONLY,SHADOW_ELIGIBLE,PASS,EXPERIMENTAL_SHADOW_NO_STAKES;SHADOW_ELIGIBLE,local:challenger+the-odds-api,2026-09-26T13:00:30.675609Z,2026-09-26T13:00:05Z,1.1.0,d24edaa133c92ebd64727027050cfc120b6617a7d4e1851e2c29172bedbf5a29
1260e5952ae22cb176592ea6f91f80876e841034adf557e56e3cf462622eb208,challenger-0.2.0,5c8bf3ec348a261ab2c0ce94bd8cc315f754a8dc991c15c20d0d961d06997984,49fadb583b0dee0ba78c242826cb3e521cee0c4af2da837cfd5df18936598793,159ec87beb47e140832d992a80618f94b5cef5681c9d11c24e999ce1cad03b10,dffe8acdbd3e011d12e5e45e08331fd300f3b67f,d2d710b1-c436-4180-8c43-56a6e84b5e0f,47dc7baa254659f3beb2ed2b38c207b6,2026_03_PHI_CHI,2026,3,2026-09-29T00:15:00Z,spreads,HOME,2026-09-26T21:00:29.199963Z,2026-09-26T21:00:25.892304Z,2026-09-22T18:51:43.097248Z,3ecdbfbaf3290a1d0f9b9aee517e61634d37a7bdde41367b8b77ffdf6363f311,f7987d48ed6161603c7966ba3635f0afccc73b920fc6b0bd873fca1f31e545b8,2026-09-26T20:59:57Z,-3.5,-116,105,0.5240193918025562,1.0248419150858177,-3.5,0.5165784823188035,VALID,2,6.909162029431883,0.0,-3.5,0.5880380190023922,0.5240193918025562,0.5226381763599185,0.0026358097891883946,0.47472601385089314,MODELED_DEVELOPMENT_MARGIN_SHADOW_ONLY,SHADOW_ELIGIBLE,PASS,EXPERIMENTAL_SHADOW_NO_STAKES;SHADOW_ELIGIBLE,local:challenger+the-odds-api,2026-09-26T21:00:29.199963Z,2026-09-26T20:59:57Z,1.1.0,4574e3e387eaccff1ed9b8cc52548ed5a9881d77a72e25ead3ecf65e30735918
578fcbb39ca97afaa8e809b23706bf2a2dd1ff4883516caaff6e8ccd33998a0f,1.1.2,6590a4bbb77802175afa4c406de831d596569cbf2e1f596de7df0910f43e8fd5,e51f21289a5f63ada7c1746ad6385412db3f6a4e7fc3ba4e33e43fbdb6e9bf14,241bade8665d15f1855e8ed5cb5a8f8bc3dbb5e66c87d76b45ab5d76f1caa9f7,dffe8acdbd3e011d12e5e45e08331fd300f3b67f,d2d710b1-c436-4180-8c43-56a6e84b5e0f,47dc7baa254659f3beb2ed2b38c207b6,2026_03_PHI_CHI,2026,3,2026-09-29T00:15:00Z,spreads,HOME,2026-09-26T21:00:26.360329Z,2026-09-26T21:00:25.892304Z,2026-09-22T18:51:43.097248Z,bb86d96ac8c5a37027060695827d4ca64ef6cc1d2ef5b5808941c85556f173d5,f3e72246d4fc8bf48803904cfe742f0ae841bafa6972120cc207d6bc0743f5e0,2026-09-26T20:59:57Z,-3.5,-116,105,0.5240193918025562,1.0248419150858177,-3.5,0.5165784823188035,VALID,2,1.5855744871509452,0.0,-3.5,0.5723847356389261,0.5014327422075912,0.5003210864338616,0.002216958886321089,0.4974619546798172,UNAVAILABLE_FOR_BETTING,DIAGNOSTIC_EARLY_SNAPSHOT,PASS,MODEL_LOCKED_UNTESTED_2026;UNCERTAINTY_UNAVAILABLE_FOR_BETTING;DIAGNOSTIC_EARLY_SNAPSHOT,local:v11-prospective-observer,2026-09-26T21:00:26.360329Z,2026-09-26T20:59:57Z,1.1.0,bf996205723ef4fa3387131e4a56f79cf139c539ad34a5ba76dba5173b2e7944
83c568de3448000ad307a0b1f9c6222d6d0cc99ad8254b34ef3c3148e6bda63a,challenger-0.2.0,5c8bf3ec348a261ab2c0ce94bd8cc315f754a8dc991c15c20d0d961d06997984,49fadb583b0dee0ba78c242826cb3e521cee0c4af2da837cfd5df18936598793,159ec87beb47e140832d992a80618f94b5cef5681c9d11c24e999ce1cad03b10,dffe8acdbd3e011d12e5e45e08331fd300f3b67f,214053eb-5084-4022-8817-4ddbbf933e60,47dc7baa254659f3beb2ed2b38c207b6,2026_03_PHI_CHI,2026,3,2026-09-29T00:15:00Z,spreads,HOME,2026-09-27T03:01:00.857309Z,2026-09-27T03:00:57.384540Z,2026-09-22T18:51:43.097248Z,3ecdbfbaf3290a1d0f9b9aee517e61634d37a7bdde41367b8b77ffdf6363f311,f7987d48ed6161603c7966ba3635f0afccc73b920fc6b0bd873fca1f31e545b8,2026-09-27T03:00:51Z,-3.5,-116,105,0.5240193918025562,1.0248419150858177,-3.5,0.5165784823188035,VALID,2,6.909162029431883,0.0,-3.5,0.5880380190023922,0.5240193918025562,0.5226381763599185,0.0026358097891883946,0.47472601385089314,MODELED_DEVELOPMENT_MARGIN_SHADOW_ONLY,SHADOW_ELIGIBLE,PASS,EXPERIMENTAL_SHADOW_NO_STAKES;SHADOW_ELIGIBLE,local:challenger+the-odds-api,2026-09-27T03:01:00.857309Z,2026-09-27T03:00:51Z,1.1.0,1c68c42768b95a8cec3fccf0afc236aa1e84f32025cefdbd98450a405fcc32c7
dc1ce9d83ad77dffaaf200be2d3afb6e2423927747ba1b7251f040b279de38d1,1.1.2,6590a4bbb77802175afa4c406de831d596569cbf2e1f596de7df0910f43e8fd5,e51f21289a5f63ada7c1746ad6385412db3f6a4e7fc3ba4e33e43fbdb6e9bf14,241bade8665d15f1855e8ed5cb5a8f8bc3dbb5e66c87d76b45ab5d76f1caa9f7,dffe8acdbd3e011d12e5e45e08331fd300f3b67f,214053eb-5084-4022-8817-4ddbbf933e60,47dc7baa254659f3beb2ed2b38c207b6,2026_03_PHI_CHI,2026,3,2026-09-29T00:15:00Z,spreads,HOME,2026-09-27T03:00:57.907341Z,2026-09-27T03:00:57.384540Z,2026-09-22T18:51:43.097248Z,bb86d96ac8c5a37027060695827d4ca64ef6cc1d2ef5b5808941c85556f173d5,f3e72246d4fc8bf48803904cfe742f0ae841bafa6972120cc207d6bc0743f5e0,2026-09-27T03:00:51Z,-3.5,-116,105,0.5240193918025562,1.0248419150858177,-3.5,0.5165784823188035,VALID,2,1.5855744871509452,0.0,-3.5,0.5723847356389261,0.5014327422075912,0.5003210864338616,0.002216958886321089,0.4974619546798172,UNAVAILABLE_FOR_BETTING,DIAGNOSTIC_EARLY_SNAPSHOT,PASS,MODEL_LOCKED_UNTESTED_2026;UNCERTAINTY_UNAVAILABLE_FOR_BETTING;DIAGNOSTIC_EARLY_SNAPSHOT,local:v11-prospective-observer,2026-09-27T03:00:57.907341Z,2026-09-27T03:00:51Z,1.1.0,93c0e4d3fefa2288656c9f000c6eaedbca9f6a79851991f89e99030cc1447fdd
61d50a0120fe9106950cb7d0b322171402b2ae0b18c35d0615f0cc4c73aeffe7,1.1.2,6590a4bbb77802175afa4c406de831d596569cbf2e1f596de7df0910f43e8fd5,e51f21289a5f63ada7c1746ad6385412db3f6a4e7fc3ba4e33e43fbdb6e9bf14,241bade8665d15f1855e8ed5cb5a8f8bc3dbb5e66c87d76b45ab5d76f1caa9f7,b143eda428696625817bd7042b4cf3a453477386,e1878b61-7760-4e06-9ca0-bec5e38d131c,47dc7baa254659f3beb2ed2b38c207b6,2026_03_PHI_CHI,2026,3,2026-09-29T00:15:00Z,spreads,HOME,2026-09-27T12:45:22.508290Z,2026-09-27T12:45:22.019645Z,2026-09-22T18:51:43.097248Z,bb86d96ac8c5a37027060695827d4ca64ef6cc1d2ef5b5808941c85556f173d5,f3e72246d4fc8bf48803904cfe742f0ae841bafa6972120cc207d6bc0743f5e0,2026-09-27T12:45:16Z,-3.5,-116,105,0.5240193918025562,1.0248419150858177,-3.5,0.5165784823188035,VALID,2,1.5855744871509452,0.0,-3.5,0.5723847356389261,0.5014327422075912,0.5003210864338616,0.002216958886321089,0.4974619546798172,UNAVAILABLE_FOR_BETTING,DIAGNOSTIC_EARLY_SNAPSHOT,PASS,MODEL_LOCKED_UNTESTED_2026;UNCERTAINTY_UNAVAILABLE_FOR_BETTING;DIAGNOSTIC_EARLY_SNAPSHOT,local:v11-prospective-observer,2026-09-27T12:45:22.508290Z,2026-09-27T12:45:16Z,1.1.0,0fe885ed175ee3bd5dfe5083ce6d37b3c1e79af743f54f5a204b643340d0aa6a
75eee58406b76d81858cbd52cdd59e49e4be553845ec396d8143321cff3a23f1,challenger-0.2.0,5c8bf3ec348a261ab2c0ce94bd8cc315f754a8dc991c15c20d0d961d06997984,49fadb583b0dee0ba78c242826cb3e521cee0c4af2da837cfd5df18936598793,159ec87beb47e140832d992a80618f94b5cef5681c9d11c24e999ce1cad03b10,b143eda428696625817bd7042b4cf3a453477386,e1878b61-7760-4e06-9ca0-bec5e38d131c,47dc7baa254659f3beb2ed2b38c207b6,2026_03_PHI_CHI,2026,3,2026-09-29T00:15:00Z,spreads,HOME,2026-09-27T12:45:25.295673Z,2026-09-27T12:45:22.019645Z,2026-09-22T18:51:43.097248Z,3ecdbfbaf3290a1d0f9b9aee517e61634d37a7bdde41367b8b77ffdf6363f311,f7987d48ed6161603c7966ba3635f0afccc73b920fc6b0bd873fca1f31e545b8,2026-09-27T12:45:16Z,-3.5,-116,105,0.5240193918025562,1.0248419150858177,-3.5,0.5165784823188035,VALID,2,6.909162029431883,0.0,-3.5,0.5880380190023922,0.5240193918025562,0.5226381763599185,0.0026358097891883946,0.47472601385089314,MODELED_DEVELOPMENT_MARGIN_SHADOW_ONLY,SHADOW_ELIGIBLE,PASS,EXPERIMENTAL_SHADOW_NO_STAKES;SHADOW_ELIGIBLE,local:challenger+the-odds-api,2026-09-27T12:45:25.295673Z,2026-09-27T12:45:16Z,1.1.0,7a8ded8cc73ac23c516c6bb19f242b8e99378d73680681198ed39b492fa8de68
da500b058270c8f160771fbd5fa097782cd357bdef45ac4cefc74719b1dc78e8,challenger-0.2.0,5c8bf3ec348a261ab2c0ce94bd8cc315f754a8dc991c15c20d0d961d06997984,49fadb583b0dee0ba78c242826cb3e521cee0c4af2da837cfd5df18936598793,159ec87beb47e140832d992a80618f94b5cef5681c9d11c24e999ce1cad03b10,c8df716c912e3f6e3b11d508f2988b51a9d4b5a7,d4b87e91-991a-4aa9-bfef-bc8de675e276,47dc7baa254659f3beb2ed2b38c207b6,2026_03_PHI_CHI,2026,3,2026-09-29T00:15:00Z,totals,OVER,2026-09-23T13:00:24.484171Z,2026-09-23T13:00:21.551276Z,2026-09-22T18:51:43.097248Z,3ecdbfbaf3290a1d0f9b9aee517e61634d37a7bdde41367b8b77ffdf6363f311,f7987d48ed6161603c7966ba3635f0afccc73b920fc6b0bd873fca1f31e545b8,2026-09-23T13:00:20Z,41.5,101,-114,0.4829173624588166,1.0302227181847772,41.5,0.48637902444246384,VALID,3,2.6363530147062235,0.0,41.5,0.4942364359118773,0.4829173624588166,0.4799602890030494,0.006123352949479904,0.5139163580474708,MODELED_DEVELOPMENT_MARGIN_SHADOW_ONLY,SHADOW_ELIGIBLE,PASS,EXPERIMENTAL_SHADOW_NO_STAKES;SHADOW_ELIGIBLE,local:challenger+the-odds-api,2026-09-23T13:00:24.484171Z,2026-09-23T13:00:20Z,1.1.0,2924f61a9d998e2b57e00b6881cbad695b5a3ff13e2622356b3e8cfe130905f3
e696b9b497e8563b785dff19e1c6ea715f514a88054d5354faca03a81d672ec6,1.1.2,6590a4bbb77802175afa4c406de831d596569cbf2e1f596de7df0910f43e8fd5,e51f21289a5f63ada7c1746ad6385412db3f6a4e7fc3ba4e33e43fbdb6e9bf14,241bade8665d15f1855e8ed5cb5a8f8bc3dbb5e66c87d76b45ab5d76f1caa9f7,c8df716c912e3f6e3b11d508f2988b51a9d4b5a7,d4b87e91-991a-4aa9-bfef-bc8de675e276,47dc7baa254659f3beb2ed2b38c207b6,2026_03_PHI_CHI,2026,3,2026-09-29T00:15:00Z,totals,OVER,2026-09-23T13:00:21.951453Z,2026-09-23T13:00:21.551276Z,2026-09-22T18:51:43.097248Z,bb86d96ac8c5a37027060695827d4ca64ef6cc1d2ef5b5808941c85556f173d5,f3e72246d4fc8bf48803904cfe742f0ae841bafa6972120cc207d6bc0743f5e0,2026-09-23T13:00:20Z,41.5,101,-114,0.4829173624588166,1.0302227181847772,41.5,0.48637902444246384,VALID,3,0.41161782593396784,0.1161508759454473,41.54780977103699,0.4900731706030376,0.4930532880428698,0.4930532880428698,0.0,0.5069467119571303,UNAVAILABLE_FOR_BETTING,DIAGNOSTIC_EARLY_SNAPSHOT,PASS,MODEL_LOCKED_UNTESTED_2026;UNCERTAINTY_UNAVAILABLE_FOR_BETTING;DIAGNOSTIC_EARLY_SNAPSHOT,local:v11-prospective-observer,2026-09-23T13:00:21.951453Z,2026-09-23T13:00:20Z,1.1.0,3d589b6c86acd6b9fc48a1609b902ee651c0a757401ccade701d8b9d31b1deed
01361dbeb697992647fe0cb6a9e383e5249237c9b0bee382a0deb8cefe0f9a0b,1.1.2,6590a4bbb77802175afa4c406de831d596569cbf2e1f596de7df0910f43e8fd5,e51f21289a5f63ada7c1746ad6385412db3f6a4e7fc3ba4e33e43fbdb6e9bf14,241bade8665d15f1855e8ed5cb5a8f8bc3dbb5e66c87d76b45ab5d76f1caa9f7,dffe8acdbd3e011d12e5e45e08331fd300f3b67f,d842d1fe-0de3-48ea-8341-bb9cfc6a6383,47dc7baa254659f3beb2ed2b38c207b6,2026_03_PHI_CHI,2026,3,2026-09-29T00:15:00Z,totals,OVER,2026-09-24T16:00:22.882475Z,2026-09-24T16:00:22.454081Z,2026-09-22T18:51:43.097248Z,bb86d96ac8c5a37027060695827d4ca64ef6cc1d2ef5b5808941c85556f173d5,f3e72246d4fc8bf48803904cfe742f0ae841bafa6972120cc207d6bc0743f5e0,2026-09-24T16:00:17Z,41.5,-102,-110,0.4908340971585702,1.0287600188590287,41.5,0.491129065262316,VALID,3,0.41161782593396784,0.1161508759454473,41.54780977103699,0.4900731706030376,0.4930532880428698,0.4930532880428698,0.0,0.5069467119571303,UNAVAILABLE_FOR_BETTING,DIAGNOSTIC_EARLY_SNAPSHOT,PASS,MODEL_LOCKED_UNTESTED_2026;UNCERTAINTY_UNAVAILABLE_FOR_BETTING;DIAGNOSTIC_EARLY_SNAPSHOT,local:v11-prospective-observer,2026-09-24T16:00:22.882475Z,2026-09-24T16:00:17Z,1.1.0,6d666f06194cebef16e5cc4b6bacc3bd2ffa2dc0619d39267f5869fce9ffe000
7fae4cc5b11cf7bac39898fdcb5e525f8ed72f8c2b24e8a42c5f55b9714b1550,challenger-0.2.0,5c8bf3ec348a261ab2c0ce94bd8cc315f754a8dc991c15c20d0d961d06997984,49fadb583b0dee0ba78c242826cb3e521cee0c4af2da837cfd5df18936598793,159ec87beb47e140832d992a80618f94b5cef5681c9d11c24e999ce1cad03b10,dffe8acdbd3e011d12e5e45e08331fd300f3b67f,d842d1fe-0de3-48ea-8341-bb9cfc6a6383,47dc7baa254659f3beb2ed2b38c207b6,2026_03_PHI_CHI,2026,3,2026-09-29T00:15:00Z,totals,OVER,2026-09-24T16:00:25.607332Z,2026-09-24T16:00:22.454081Z,2026-09-22T18:51:43.097248Z,3ecdbfbaf3290a1d0f9b9aee517e61634d37a7bdde41367b8b77ffdf6363f311,f7987d48ed6161603c7966ba3635f0afccc73b920fc6b0bd873fca1f31e545b8,2026-09-24T16:00:17Z,41.5,-102,-110,0.4908340971585702,1.0287600188590287,41.5,0.491129065262316,VALID,3,2.6363530147062235,0.0,41.5,0.4942364359118773,0.4908340971585702,0.48782854674202897,0.006123352949479904,0.5060481003084911,MODELED_DEVELOPMENT_MARGIN_SHADOW_ONLY,SHADOW_ELIGIBLE,PASS,EXPERIMENTAL_SHADOW_NO_STAKES;SHADOW_ELIGIBLE,local:challenger+the-odds-api,2026-09-24T16:00:25.607332Z,2026-09-24T16:00:17Z,1.1.0,f03821ca5827d36d0f8655dd217ea143ff9747212013e5c3618f30d02b1027cb
08f7bab7eb51e5dd9209dcaf8655319f2daaa78313c04dcb0c45aef9d9f7f092,challenger-0.2.0,5c8bf3ec348a261ab2c0ce94bd8cc315f754a8dc991c15c20d0d961d06997984,49fadb583b0dee0ba78c242826cb3e521cee0c4af2da837cfd5df18936598793,159ec87beb47e140832d992a80618f94b5cef5681c9d11c24e999ce1cad03b10,dffe8acdbd3e011d12e5e45e08331fd300f3b67f,b7f8819c-86a9-428f-bb46-debf3999015c,47dc7baa254659f3beb2ed2b38c207b6,2026_03_PHI_CHI,2026,3,2026-09-29T00:15:00Z,totals,OVER,2026-09-25T21:00:31.801654Z,2026-09-25T21:00:28.639096Z,2026-09-22T18:51:43.097248Z,3ecdbfbaf3290a1d0f9b9aee517e61634d37a7bdde41367b8b77ffdf6363f311,f7987d48ed6161603c7966ba3635f0afccc73b920fc6b0bd873fca1f31e545b8,2026-09-25T20:59:58Z,41.5,-102,-110,0.4908340971585702,1.0287600188590287,41.5,0.49144660118356703,VALID,3,2.6363530147062235,0.0,41.5,0.4942364359118773,0.4908340971585702,0.48782854674202897,0.006123352949479904,0.5060481003084911,MODELED_DEVELOPMENT_MARGIN_SHADOW_ONLY,SHADOW_ELIGIBLE,PASS,EXPERIMENTAL_SHADOW_NO_STAKES;SHADOW_ELIGIBLE,local:challenger+the-odds-api,2026-09-25T21:00:31.801654Z,2026-09-25T20:59:58Z,1.1.0,b8567549f4b52a77f61a93273799e06d85a7006e8445fad76a2f15892511cb45
28a98f4e4a4295a034a56a0e235b455c284c9607fd5d846b1af1301517f896d4,1.1.2,6590a4bbb77802175afa4c406de831d596569cbf2e1f596de7df0910f43e8fd5,e51f21289a5f63ada7c1746ad6385412db3f6a4e7fc3ba4e33e43fbdb6e9bf14,241bade8665d15f1855e8ed5cb5a8f8bc3dbb5e66c87d76b45ab5d76f1caa9f7,dffe8acdbd3e011d12e5e45e08331fd300f3b67f,b7f8819c-86a9-428f-bb46-debf3999015c,47dc7baa254659f3beb2ed2b38c207b6,2026_03_PHI_CHI,2026,3,2026-09-29T00:15:00Z,totals,OVER,2026-09-25T21:00:29.089372Z,2026-09-25T21:00:28.639096Z,2026-09-22T18:51:43.097248Z,bb86d96ac8c5a37027060695827d4ca64ef6cc1d2ef5b5808941c85556f173d5,f3e72246d4fc8bf48803904cfe742f0ae841bafa6972120cc207d6bc0743f5e0,2026-09-25T20:59:58Z,41.5,-102,-110,0.4908340971585702,1.0287600188590287,41.5,0.49144660118356703,VALID,3,0.41161782593396784,0.1161508759454473,41.54780977103699,0.4900731706030376,0.4930532880428698,0.4930532880428698,0.0,0.5069467119571303,UNAVAILABLE_FOR_BETTING,DIAGNOSTIC_EARLY_SNAPSHOT,PASS,MODEL_LOCKED_UNTESTED_2026;UNCERTAINTY_UNAVAILABLE_FOR_BETTING;DIAGNOSTIC_EARLY_SNAPSHOT,local:v11-prospective-observer,2026-09-25T21:00:29.089372Z,2026-09-25T20:59:58Z,1.1.0,40309f8035a343643fce792bec961f4b97148bcaf71e0ae3ece54bc86a502fd5
43efc736fdb767b1323bd20ff5dac7384a5ee38ab12190335de3dacbe5379117,challenger-0.2.0,5c8bf3ec348a261ab2c0ce94bd8cc315f754a8dc991c15c20d0d961d06997984,49fadb583b0dee0ba78c242826cb3e521cee0c4af2da837cfd5df18936598793,159ec87beb47e140832d992a80618f94b5cef5681c9d11c24e999ce1cad03b10,dffe8acdbd3e011d12e5e45e08331fd300f3b67f,8b8b5771-d3ca-480c-9980-dac450e82c42,47dc7baa254659f3beb2ed2b38c207b6,2026_03_PHI_CHI,2026,3,2026-09-29T00:15:00Z,totals,OVER,2026-09-26T13:00:30.675609Z,2026-09-26T13:00:27.208512Z,2026-09-22T18:51:43.097248Z,3ecdbfbaf3290a1d0f9b9aee517e61634d37a7bdde41367b8b77ffdf6363f311,f7987d48ed6161603c7966ba3635f0afccc73b920fc6b0bd873fca1f31e545b8,2026-09-26T13:00:05Z,41.5,-102,-110,0.4908340971585702,1.0287600188590287,41.5,0.491129065262316,VALID,3,2.6363530147062235,0.0,41.5,0.4942364359118773,0.4908340971585702,0.48782854674202897,0.006123352949479904,0.5060481003084911,MODELED_DEVELOPMENT_MARGIN_SHADOW_ONLY,SHADOW_ELIGIBLE,PASS,EXPERIMENTAL_SHADOW_NO_STAKES;SHADOW_ELIGIBLE,local:challenger+the-odds-api,2026-09-26T13:00:30.675609Z,2026-09-26T13:00:05Z,1.1.0,e4f4f8faaa7b34b25a9bf10519fb8b9d868c7247f8ca4a18821ced39a36caa5e
e9b61c561e567648201eba311d25fec8e2bdf1fe15e760dfe4ec837291bc7141,1.1.2,6590a4bbb77802175afa4c406de831d596569cbf2e1f596de7df0910f43e8fd5,e51f21289a5f63ada7c1746ad6385412db3f6a4e7fc3ba4e33e43fbdb6e9bf14,241bade8665d15f1855e8ed5cb5a8f8bc3dbb5e66c87d76b45ab5d76f1caa9f7,dffe8acdbd3e011d12e5e45e08331fd300f3b67f,8b8b5771-d3ca-480c-9980-dac450e82c42,47dc7baa254659f3beb2ed2b38c207b6,2026_03_PHI_CHI,2026,3,2026-09-29T00:15:00Z,totals,OVER,2026-09-26T13:00:27.689180Z,2026-09-26T13:00:27.208512Z,2026-09-22T18:51:43.097248Z,bb86d96ac8c5a37027060695827d4ca64ef6cc1d2ef5b5808941c85556f173d5,f3e72246d4fc8bf48803904cfe742f0ae841bafa6972120cc207d6bc0743f5e0,2026-09-26T13:00:05Z,41.5,-102,-110,0.4908340971585702,1.0287600188590287,41.5,0.491129065262316,VALID,3,0.41161782593396784,0.1161508759454473,41.54780977103699,0.4900731706030376,0.4930532880428698,0.4930532880428698,0.0,0.5069467119571303,UNAVAILABLE_FOR_BETTING,DIAGNOSTIC_EARLY_SNAPSHOT,PASS,MODEL_LOCKED_UNTESTED_2026;UNCERTAINTY_UNAVAILABLE_FOR_BETTING;DIAGNOSTIC_EARLY_SNAPSHOT,local:v11-prospective-observer,2026-09-26T13:00:27.689180Z,2026-09-26T13:00:05Z,1.1.0,8d65f4f4e245f8b326c2ac45e395fe162f7696ab9bcff9a60f80853e00cf3d75
5da0cee8b20c810864433054815c9b2596e119bd204982a0f721506afdcdd0eb,challenger-0.2.0,5c8bf3ec348a261ab2c0ce94bd8cc315f754a8dc991c15c20d0d961d06997984,49fadb583b0dee0ba78c242826cb3e521cee0c4af2da837cfd5df18936598793,159ec87beb47e140832d992a80618f94b5cef5681c9d11c24e999ce1cad03b10,dffe8acdbd3e011d12e5e45e08331fd300f3b67f,d2d710b1-c436-4180-8c43-56a6e84b5e0f,47dc7baa254659f3beb2ed2b38c207b6,2026_03_PHI_CHI,2026,3,2026-09-29T00:15:00Z,totals,OVER,2026-09-26T21:00:29.199963Z,2026-09-26T21:00:25.892304Z,2026-09-22T18:51:43.097248Z,3ecdbfbaf3290a1d0f9b9aee517e61634d37a7bdde41367b8b77ffdf6363f311,f7987d48ed6161603c7966ba3635f0afccc73b920fc6b0bd873fca1f31e545b8,2026-09-26T20:59:57Z,42.5,103,-116,0.47842650837246387,1.0296478744754607,42.43333333333334,,INCOMPARABLE_POINTS,3,1.6363530147062235,0.0,42.5,0.4856689348927987,0.47842650837246387,0.4747377235848508,0.0077102433144053545,0.5175520331007438,MODELED_DEVELOPMENT_MARGIN_SHADOW_ONLY,SHADOW_ELIGIBLE,PASS,EXPERIMENTAL_SHADOW_NO_STAKES;SHADOW_ELIGIBLE,local:challenger+the-odds-api,2026-09-26T21:00:29.199963Z,2026-09-26T20:59:57Z,1.1.0,45184d160e872f7b520681eed6773da185bddb25c7ebafcf03939fc689b0e9aa
ec60c214b9689923612cea94b33a92f882bb41ced9e600b1ce18946c61c25fba,1.1.2,6590a4bbb77802175afa4c406de831d596569cbf2e1f596de7df0910f43e8fd5,e51f21289a5f63ada7c1746ad6385412db3f6a4e7fc3ba4e33e43fbdb6e9bf14,241bade8665d15f1855e8ed5cb5a8f8bc3dbb5e66c87d76b45ab5d76f1caa9f7,dffe8acdbd3e011d12e5e45e08331fd300f3b67f,d2d710b1-c436-4180-8c43-56a6e84b5e0f,47dc7baa254659f3beb2ed2b38c207b6,2026_03_PHI_CHI,2026,3,2026-09-29T00:15:00Z,totals,OVER,2026-09-26T21:00:26.360329Z,2026-09-26T21:00:25.892304Z,2026-09-22T18:51:43.097248Z,bb86d96ac8c5a37027060695827d4ca64ef6cc1d2ef5b5808941c85556f173d5,f3e72246d4fc8bf48803904cfe742f0ae841bafa6972120cc207d6bc0743f5e0,2026-09-26T20:59:57Z,42.5,103,-116,0.47842650837246387,1.0296478744754607,42.43333333333334,,INCOMPARABLE_POINTS,3,0.41161782593396784,0.1161508759454473,42.54780977103699,0.4900731706030376,0.4930532880428698,0.4930532880428698,0.0,0.5069467119571303,UNAVAILABLE_FOR_BETTING,DIAGNOSTIC_EARLY_SNAPSHOT,PASS,MODEL_LOCKED_UNTESTED_2026;UNCERTAINTY_UNAVAILABLE_FOR_BETTING;DIAGNOSTIC_EARLY_SNAPSHOT,local:v11-prospective-observer,2026-09-26T21:00:26.360329Z,2026-09-26T20:59:57Z,1.1.0,69bb6dfccc8943ec4fcb8e853b4e9689b1e926a82b81f6a312a4a0575571d2b4
2a1c201dd08e3524ec342a51724fb29e2e97ea588dee477c869b0650bc9bef8a,challenger-0.2.0,5c8bf3ec348a261ab2c0ce94bd8cc315f754a8dc991c15c20d0d961d06997984,49fadb583b0dee0ba78c242826cb3e521cee0c4af2da837cfd5df18936598793,159ec87beb47e140832d992a80618f94b5cef5681c9d11c24e999ce1cad03b10,dffe8acdbd3e011d12e5e45e08331fd300f3b67f,214053eb-5084-4022-8817-4ddbbf933e60,47dc7baa254659f3beb2ed2b38c207b6,2026_03_PHI_CHI,2026,3,2026-09-29T00:15:00Z,totals,OVER,2026-09-27T03:01:00.857309Z,2026-09-27T03:00:57.384540Z,2026-09-22T18:51:43.097248Z,3ecdbfbaf3290a1d0f9b9aee517e61634d37a7bdde41367b8b77ffdf6363f311,f7987d48ed6161603c7966ba3635f0afccc73b920fc6b0bd873fca1f31e545b8,2026-09-27T03:00:51Z,42.5,103,-116,0.47842650837246387,1.0296478744754607,42.43333333333334,,INCOMPARABLE_POINTS,3,1.6363530147062235,0.0,42.5,0.4856689348927987,0.47842650837246387,0.4747377235848508,0.0077102433144053545,0.5175520331007438,MODELED_DEVELOPMENT_MARGIN_SHADOW_ONLY,SHADOW_ELIGIBLE,PASS,EXPERIMENTAL_SHADOW_NO_STAKES;SHADOW_ELIGIBLE,local:challenger+the-odds-api,2026-09-27T03:01:00.857309Z,2026-09-27T03:00:51Z,1.1.0,71e0033be611dd13de9370c73ae642c554c6936d4a1e8207cf74f4f6f05a35bc
f82fcef86c6a7fc0f02e365f41cba1726dbbcd304b92f0f415c42ec0ea713af9,1.1.2,6590a4bbb77802175afa4c406de831d596569cbf2e1f596de7df0910f43e8fd5,e51f21289a5f63ada7c1746ad6385412db3f6a4e7fc3ba4e33e43fbdb6e9bf14,241bade8665d15f1855e8ed5cb5a8f8bc3dbb5e66c87d76b45ab5d76f1caa9f7,dffe8acdbd3e011d12e5e45e08331fd300f3b67f,214053eb-5084-4022-8817-4ddbbf933e60,47dc7baa254659f3beb2ed2b38c207b6,2026_03_PHI_CHI,2026,3,2026-09-29T00:15:00Z,totals,OVER,2026-09-27T03:00:57.907341Z,2026-09-27T03:00:57.384540Z,2026-09-22T18:51:43.097248Z,bb86d96ac8c5a37027060695827d4ca64ef6cc1d2ef5b5808941c85556f173d5,f3e72246d4fc8bf48803904cfe742f0ae841bafa6972120cc207d6bc0743f5e0,2026-09-27T03:00:51Z,42.5,103,-116,0.47842650837246387,1.0296478744754607,42.43333333333334,,INCOMPARABLE_POINTS,3,0.41161782593396784,0.1161508759454473,42.54780977103699,0.4900731706030376,0.4930532880428698,0.4930532880428698,0.0,0.5069467119571303,UNAVAILABLE_FOR_BETTING,DIAGNOSTIC_EARLY_SNAPSHOT,PASS,MODEL_LOCKED_UNTESTED_2026;UNCERTAINTY_UNAVAILABLE_FOR_BETTING;DIAGNOSTIC_EARLY_SNAPSHOT,local:v11-prospective-observer,2026-09-27T03:00:57.907341Z,2026-09-27T03:00:51Z,1.1.0,2d199bdc1f9c87b70be73801547236732a9fd34e7756726d7f8f516b5bfba773
314d9c669a5bd79defa4aa749159f1ee0f59d1140c716cd03bb6bd928ba38f6f,challenger-0.2.0,5c8bf3ec348a261ab2c0ce94bd8cc315f754a8dc991c15c20d0d961d06997984,49fadb583b0dee0ba78c242826cb3e521cee0c4af2da837cfd5df18936598793,159ec87beb47e140832d992a80618f94b5cef5681c9d11c24e999ce1cad03b10,b143eda428696625817bd7042b4cf3a453477386,e1878b61-7760-4e06-9ca0-bec5e38d131c,47dc7baa254659f3beb2ed2b38c207b6,2026_03_PHI_CHI,2026,3,2026-09-29T00:15:00Z,totals,OVER,2026-09-27T12:45:25.295673Z,2026-09-27T12:45:22.019645Z,2026-09-22T18:51:43.097248Z,3ecdbfbaf3290a1d0f9b9aee517e61634d37a7bdde41367b8b77ffdf6363f311,f7987d48ed6161603c7966ba3635f0afccc73b920fc6b0bd873fca1f31e545b8,2026-09-27T12:45:16Z,42.5,103,-116,0.47842650837246387,1.0296478744754607,42.43333333333334,,INCOMPARABLE_POINTS,3,1.6363530147062235,0.0,42.5,0.4856689348927987,0.47842650837246387,0.4747377235848508,0.0077102433144053545,0.5175520331007438,MODELED_DEVELOPMENT_MARGIN_SHADOW_ONLY,SHADOW_ELIGIBLE,PASS,EXPERIMENTAL_SHADOW_NO_STAKES;SHADOW_ELIGIBLE,local:challenger+the-odds-api,2026-09-27T12:45:25.295673Z,2026-09-27T12:45:16Z,1.1.0,7d50e07a099f826fd53e8d4126adcea4cbc555b04f09800ae9bfd444bd71636e
a864b33b8be7d6f4878d0392a66907c9cbba58d0aa8c2c106ab74cba0be475a2,1.1.2,6590a4bbb77802175afa4c406de831d596569cbf2e1f596de7df0910f43e8fd5,e51f21289a5f63ada7c1746ad6385412db3f6a4e7fc3ba4e33e43fbdb6e9bf14,241bade8665d15f1855e8ed5cb5a8f8bc3dbb5e66c87d76b45ab5d76f1caa9f7,b143eda428696625817bd7042b4cf3a453477386,e1878b61-7760-4e06-9ca0-bec5e38d131c,47dc7baa254659f3beb2ed2b38c207b6,2026_03_PHI_CHI,2026,3,2026-09-29T00:15:00Z,totals,OVER,2026-09-27T12:45:22.508290Z,2026-09-27T12:45:22.019645Z,2026-09-22T18:51:43.097248Z,bb86d96ac8c5a37027060695827d4ca64ef6cc1d2ef5b5808941c85556f173d5,f3e72246d4fc8bf48803904cfe742f0ae841bafa6972120cc207d6bc0743f5e0,2026-09-27T12:45:16Z,42.5,103,-116,0.47842650837246387,1.0296478744754607,42.43333333333334,,INCOMPARABLE_POINTS,3,0.41161782593396784,0.1161508759454473,42.54780977103699,0.4900731706030376,0.4930532880428698,0.4930532880428698,0.0,0.5069467119571303,UNAVAILABLE_FOR_BETTING,DIAGNOSTIC_EARLY_SNAPSHOT,PASS,MODEL_LOCKED_UNTESTED_2026;UNCERTAINTY_UNAVAILABLE_FOR_BETTING;DIAGNOSTIC_EARLY_SNAPSHOT,local:v11-prospective-observer,2026-09-27T12:45:22.508290Z,2026-09-27T12:45:16Z,1.1.0,3988ae1eace0de85c72a360d56aa53e188910266542bde979a1beb1255d553af
86b3dacafdd127933272d615c623a70eb030087cd2377f2b245870f52596d5be,1.1.2,6590a4bbb77802175afa4c406de831d596569cbf2e1f596de7df0910f43e8fd5,e51f21289a5f63ada7c1746ad6385412db3f6a4e7fc3ba4e33e43fbdb6e9bf14,241bade8665d15f1855e8ed5cb5a8f8bc3dbb5e66c87d76b45ab5d76f1caa9f7,c8df716c912e3f6e3b11d508f2988b51a9d4b5a7,d4b87e91-991a-4aa9-bfef-bc8de675e276,d55cb69fed50a09170560b5b75d8de86,2026_04_PIT_CLE,2026,4,2026-10-02T00:15:00Z,spreads,HOME,2026-09-23T13:00:21.951453Z,2026-09-23T13:00:21.551276Z,2026-09-22T18:51:43.097248Z,bb86d96ac8c5a37027060695827d4ca64ef6cc1d2ef5b5808941c85556f173d5,,,,,,,,,,RETAIL_ONLY,2,,,,,,,,,UNAVAILABLE_FOR_BETTING,INELIGIBLE_PINNACLE_TWO_SIDED_CONTRACT_MISSING,PASS,MODEL_LOCKED_UNTESTED_2026;UNCERTAINTY_UNAVAILABLE_FOR_BETTING;INELIGIBLE_PINNACLE_TWO_SIDED_CONTRACT_MISSING;Feature store does not contain exactly two rows for the game,local:v11-prospective-observer,2026-09-23T13:00:21.951453Z,,1.1.0,39eff861269cd1e96f197f4e056cc815fd49454fda09ff40e5b01a4bbf218bc7
bac501c70f63606edf0c599eaa1fe8810a8cf75ca35e5f94765ec2c4d77da60f,challenger-0.2.0,5c8bf3ec348a261ab2c0ce94bd8cc315f754a8dc991c15c20d0d961d06997984,49fadb583b0dee0ba78c242826cb3e521cee0c4af2da837cfd5df18936598793,159ec87beb47e140832d992a80618f94b5cef5681c9d11c24e999ce1cad03b10,c8df716c912e3f6e3b11d508f2988b51a9d4b5a7,d4b87e91-991a-4aa9-bfef-bc8de675e276,d55cb69fed50a09170560b5b75d8de86,2026_04_PIT_CLE,2026,4,2026-10-02T00:15:00Z,spreads,HOME,2026-09-23T13:00:24.484171Z,2026-09-23T13:00:21.551276Z,2026-09-22T18:51:43.097248Z,3ecdbfbaf3290a1d0f9b9aee517e61634d37a7bdde41367b8b77ffdf6363f311,,,,,,,,,,RETAIL_ONLY,2,,,,,,,,,MODELED_DEVELOPMENT_MARGIN_SHADOW_ONLY,INELIGIBLE_PINNACLE_TWO_SIDED_CONTRACT_MISSING,PASS,EXPERIMENTAL_SHADOW_NO_STAKES;INELIGIBLE_PINNACLE_TWO_SIDED_CONTRACT_MISSING;Challenger feature/game rows are missing or duplicated,local:challenger+the-odds-api,2026-09-23T13:00:24.484171Z,,1.1.0,17f6ee5ec79f332ea109405fe5f073fe4848619fca20958a03a3bbd7c14f9dc4
0a340342ac844ac88aad2efd0661c8dc7fd3e6d887fc802d03508cd123dc391b,1.1.2,6590a4bbb77802175afa4c406de831d596569cbf2e1f596de7df0910f43e8fd5,e51f21289a5f63ada7c1746ad6385412db3f6a4e7fc3ba4e33e43fbdb6e9bf14,241bade8665d15f1855e8ed5cb5a8f8bc3dbb5e66c87d76b45ab5d76f1caa9f7,dffe8acdbd3e011d12e5e45e08331fd300f3b67f,d842d1fe-0de3-48ea-8341-bb9cfc6a6383,d55cb69fed50a09170560b5b75d8de86,2026_04_PIT_CLE,2026,4,2026-10-02T00:15:00Z,spreads,HOME,2026-09-24T16:00:22.882475Z,2026-09-24T16:00:22.454081Z,2026-09-22T18:51:43.097248Z,bb86d96ac8c5a37027060695827d4ca64ef6cc1d2ef5b5808941c85556f173d5,,,,,,,,,,RETAIL_ONLY,2,,,,,,,,,UNAVAILABLE_FOR_BETTING,INELIGIBLE_PINNACLE_TWO_SIDED_CONTRACT_MISSING,PASS,MODEL_LOCKED_UNTESTED_2026;UNCERTAINTY_UNAVAILABLE_FOR_BETTING;INELIGIBLE_PINNACLE_TWO_SIDED_CONTRACT_MISSING;Feature store does not contain exactly two rows for the game,local:v11-prospective-observer,2026-09-24T16:00:22.882475Z,,1.1.0,160110d73ac084b71bce8599f05bb19987621a91d27f5862e0192f4fcf816da4
d28a3ece054891a54645868f7333d2040f2150d7e0b57de136b7142a96cf4134,challenger-0.2.0,5c8bf3ec348a261ab2c0ce94bd8cc315f754a8dc991c15c20d0d961d06997984,49fadb583b0dee0ba78c242826cb3e521cee0c4af2da837cfd5df18936598793,159ec87beb47e140832d992a80618f94b5cef5681c9d11c24e999ce1cad03b10,dffe8acdbd3e011d12e5e45e08331fd300f3b67f,d842d1fe-0de3-48ea-8341-bb9cfc6a6383,d55cb69fed50a09170560b5b75d8de86,2026_04_PIT_CLE,2026,4,2026-10-02T00:15:00Z,spreads,HOME,2026-09-24T16:00:25.607332Z,2026-09-24T16:00:22.454081Z,2026-09-22T18:51:43.097248Z,3ecdbfbaf3290a1d0f9b9aee517e61634d37a7bdde41367b8b77ffdf6363f311,,,,,,,,,,RETAIL_ONLY,2,,,,,,,,,MODELED_DEVELOPMENT_MARGIN_SHADOW_ONLY,INELIGIBLE_PINNACLE_TWO_SIDED_CONTRACT_MISSING,PASS,EXPERIMENTAL_SHADOW_NO_STAKES;INELIGIBLE_PINNACLE_TWO_SIDED_CONTRACT_MISSING;Challenger feature/game rows are missing or duplicated,local:challenger+the-odds-api,2026-09-24T16:00:25.607332Z,,1.1.0,c3802b99a9586f05c657419cd58956b9a44ece3ab468f945b84ca744355f3b7f
ab599c5d4c8902c64ac111c2346272b019fde211775aad3b443c397dd9536e61,challenger-0.2.0,5c8bf3ec348a261ab2c0ce94bd8cc315f754a8dc991c15c20d0d961d06997984,49fadb583b0dee0ba78c242826cb3e521cee0c4af2da837cfd5df18936598793,159ec87beb47e140832d992a80618f94b5cef5681c9d11c24e999ce1cad03b10,dffe8acdbd3e011d12e5e45e08331fd300f3b67f,b7f8819c-86a9-428f-bb46-debf3999015c,d55cb69fed50a09170560b5b75d8de86,2026_04_PIT_CLE,2026,4,2026-10-02T00:15:00Z,spreads,HOME,2026-09-25T21:00:31.801654Z,2026-09-25T21:00:28.639096Z,2026-09-22T18:51:43.097248Z,3ecdbfbaf3290a1d0f9b9aee517e61634d37a7bdde41367b8b77ffdf6363f311,,,,,,,,,,RETAIL_ONLY,2,,,,,,,,,MODELED_DEVELOPMENT_MARGIN_SHADOW_ONLY,INELIGIBLE_PINNACLE_TWO_SIDED_CONTRACT_MISSING,PASS,EXPERIMENTAL_SHADOW_NO_STAKES;INELIGIBLE_PINNACLE_TWO_SIDED_CONTRACT_MISSING;Challenger feature/game rows are missing or duplicated,local:challenger+the-odds-api,2026-09-25T21:00:31.801654Z,,1.1.0,382c3d117851fdd605836ac4ea5eb69586b5292188cade06df730bb818e2d1a7
bbad3a652e42a6c4ce1ddaad594e021da90e0b7539df6a8390a6d0dea1a12fc0,1.1.2,6590a4bbb77802175afa4c406de831d596569cbf2e1f596de7df0910f43e8fd5,e51f21289a5f63ada7c1746ad6385412db3f6a4e7fc3ba4e33e43fbdb6e9bf14,241bade8665d15f1855e8ed5cb5a8f8bc3dbb5e66c87d76b45ab5d76f1caa9f7,dffe8acdbd3e011d12e5e45e08331fd300f3b67f,b7f8819c-86a9-428f-bb46-debf3999015c,d55cb69fed50a09170560b5b75d8de86,2026_04_PIT_CLE,2026,4,2026-10-02T00:15:00Z,spreads,HOME,2026-09-25T21:00:29.089372Z,2026-09-25T21:00:28.639096Z,2026-09-22T18:51:43.097248Z,bb86d96ac8c5a37027060695827d4ca64ef6cc1d2ef5b5808941c85556f173d5,,,,,,,,,,RETAIL_ONLY,2,,,,,,,,,UNAVAILABLE_FOR_BETTING,INELIGIBLE_PINNACLE_TWO_SIDED_CONTRACT_MISSING,PASS,MODEL_LOCKED_UNTESTED_2026;UNCERTAINTY_UNAVAILABLE_FOR_BETTING;INELIGIBLE_PINNACLE_TWO_SIDED_CONTRACT_MISSING;Feature store does not contain exactly two rows for the game,local:v11-prospective-observer,2026-09-25T21:00:29.089372Z,,1.1.0,39c54c7a6fd204f27b7540ff86838cdea88cfa57bc0c1c0f75330709e500d23c
36d46f267483882b3866df810552fe609380453645e085059e7e1a5de2f4289f,1.1.2,6590a4bbb77802175afa4c406de831d596569cbf2e1f596de7df0910f43e8fd5,e51f21289a5f63ada7c1746ad6385412db3f6a4e7fc3ba4e33e43fbdb6e9bf14,241bade8665d15f1855e8ed5cb5a8f8bc3dbb5e66c87d76b45ab5d76f1caa9f7,dffe8acdbd3e011d12e5e45e08331fd300f3b67f,8b8b5771-d3ca-480c-9980-dac450e82c42,d55cb69fed50a09170560b5b75d8de86,2026_04_PIT_CLE,2026,4,2026-10-02T00:15:00Z,spreads,HOME,2026-09-26T13:00:27.689180Z,2026-09-26T13:00:27.208512Z,2026-09-22T18:51:43.097248Z,bb86d96ac8c5a37027060695827d4ca64ef6cc1d2ef5b5808941c85556f173d5,,,,,,,,,,RETAIL_ONLY,2,,,,,,,,,UNAVAILABLE_FOR_BETTING,INELIGIBLE_PINNACLE_TWO_SIDED_CONTRACT_MISSING,PASS,MODEL_LOCKED_UNTESTED_2026;UNCERTAINTY_UNAVAILABLE_FOR_BETTING;INELIGIBLE_PINNACLE_TWO_SIDED_CONTRACT_MISSING;Feature store does not contain exactly two rows for the game,local:v11-prospective-observer,2026-09-26T13:00:27.689180Z,,1.1.0,83cee498861805b3de9b0abccc1870061df3e501e191cde4083d0f01277964a8
f611194224c6a3f4f3ad42c20df72adbd5b02ec7e0e3229df5922802c6ede684,challenger-0.2.0,5c8bf3ec348a261ab2c0ce94bd8cc315f754a8dc991c15c20d0d961d06997984,49fadb583b0dee0ba78c242826cb3e521cee0c4af2da837cfd5df18936598793,159ec87beb47e140832d992a80618f94b5cef5681c9d11c24e999ce1cad03b10,dffe8acdbd3e011d12e5e45e08331fd300f3b67f,8b8b5771-d3ca-480c-9980-dac450e82c42,d55cb69fed50a09170560b5b75d8de86,2026_04_PIT_CLE,2026,4,2026-10-02T00:15:00Z,spreads,HOME,2026-09-26T13:00:30.675609Z,2026-09-26T13:00:27.208512Z,2026-09-22T18:51:43.097248Z,3ecdbfbaf3290a1d0f9b9aee517e61634d37a7bdde41367b8b77ffdf6363f311,,,,,,,,,,RETAIL_ONLY,2,,,,,,,,,MODELED_DEVELOPMENT_MARGIN_SHADOW_ONLY,INELIGIBLE_PINNACLE_TWO_SIDED_CONTRACT_MISSING,PASS,EXPERIMENTAL_SHADOW_NO_STAKES;INELIGIBLE_PINNACLE_TWO_SIDED_CONTRACT_MISSING;Challenger feature/game rows are missing or duplicated,local:challenger+the-odds-api,2026-09-26T13:00:30.675609Z,,1.1.0,2646b1bb45232eb4dfd238a027a54104f88311a62aa8d9efee0eaf4d34c44e8b
8239b6ddfbecb7a2a812c067ab92d64af98f54a09a3f7e31b00f7873b2d9234b,1.1.2,6590a4bbb77802175afa4c406de831d596569cbf2e1f596de7df0910f43e8fd5,e51f21289a5f63ada7c1746ad6385412db3f6a4e7fc3ba4e33e43fbdb6e9bf14,241bade8665d15f1855e8ed5cb5a8f8bc3dbb5e66c87d76b45ab5d76f1caa9f7,dffe8acdbd3e011d12e5e45e08331fd300f3b67f,d2d710b1-c436-4180-8c43-56a6e84b5e0f,d55cb69fed50a09170560b5b75d8de86,2026_04_PIT_CLE,2026,4,2026-10-02T00:15:00Z,spreads,HOME,2026-09-26T21:00:26.360329Z,2026-09-26T21:00:25.892304Z,2026-09-22T18:51:43.097248Z,bb86d96ac8c5a37027060695827d4ca64ef6cc1d2ef5b5808941c85556f173d5,,,,,,,,,,RETAIL_ONLY,2,,,,,,,,,UNAVAILABLE_FOR_BETTING,INELIGIBLE_PINNACLE_TWO_SIDED_CONTRACT_MISSING,PASS,MODEL_LOCKED_UNTESTED_2026;UNCERTAINTY_UNAVAILABLE_FOR_BETTING;INELIGIBLE_PINNACLE_TWO_SIDED_CONTRACT_MISSING;Feature store does not contain exactly two rows for the game,local:v11-prospective-observer,2026-09-26T21:00:26.360329Z,,1.1.0,abe4d3fd9c5e51d8944422e9f710b1aba1cc94c432cee4611ec43c3307f060f8
a87baec65195cd10138f82a5b4fa0504d33e03e30cb206434e584a151f18d48f,challenger-0.2.0,5c8bf3ec348a261ab2c0ce94bd8cc315f754a8dc991c15c20d0d961d06997984,49fadb583b0dee0ba78c242826cb3e521cee0c4af2da837cfd5df18936598793,159ec87beb47e140832d992a80618f94b5cef5681c9d11c24e999ce1cad03b10,dffe8acdbd3e011d12e5e45e08331fd300f3b67f,d2d710b1-c436-4180-8c43-56a6e84b5e0f,d55cb69fed50a09170560b5b75d8de86,2026_04_PIT_CLE,2026,4,2026-10-02T00:15:00Z,spreads,HOME,2026-09-26T21:00:29.199963Z,2026-09-26T21:00:25.892304Z,2026-09-22T18:51:43.097248Z,3ecdbfbaf3290a1d0f9b9aee517e61634d37a7bdde41367b8b77ffdf6363f311,,,,,,,,,,RETAIL_ONLY,2,,,,,,,,,MODELED_DEVELOPMENT_MARGIN_SHADOW_ONLY,INELIGIBLE_PINNACLE_TWO_SIDED_CONTRACT_MISSING,PASS,EXPERIMENTAL_SHADOW_NO_STAKES;INELIGIBLE_PINNACLE_TWO_SIDED_CONTRACT_MISSING;Challenger feature/game rows are missing or duplicated,local:challenger+the-odds-api,2026-09-26T21:00:29.199963Z,,1.1.0,7594f5bb1bf6accd8f06bba346555afd1a8e283910b500413082ae93b7e675f6
c9261361f68984f7dfa8a3b5626456bec4602b3dd7b8bc310ec25481350f298a,challenger-0.2.0,5c8bf3ec348a261ab2c0ce94bd8cc315f754a8dc991c15c20d0d961d06997984,49fadb583b0dee0ba78c242826cb3e521cee0c4af2da837cfd5df18936598793,159ec87beb47e140832d992a80618f94b5cef5681c9d11c24e999ce1cad03b10,dffe8acdbd3e011d12e5e45e08331fd300f3b67f,214053eb-5084-4022-8817-4ddbbf933e60,d55cb69fed50a09170560b5b75d8de86,2026_04_PIT_CLE,2026,4,2026-10-02T00:15:00Z,spreads,HOME,2026-09-27T03:01:00.857309Z,2026-09-27T03:00:57.384540Z,2026-09-22T18:51:43.097248Z,3ecdbfbaf3290a1d0f9b9aee517e61634d37a7bdde41367b8b77ffdf6363f311,,,,,,,,,,RETAIL_ONLY,2,,,,,,,,,MODELED_DEVELOPMENT_MARGIN_SHADOW_ONLY,INELIGIBLE_PINNACLE_TWO_SIDED_CONTRACT_MISSING,PASS,EXPERIMENTAL_SHADOW_NO_STAKES;INELIGIBLE_PINNACLE_TWO_SIDED_CONTRACT_MISSING;Challenger feature/game rows are missing or duplicated,local:challenger+the-odds-api,2026-09-27T03:01:00.857309Z,,1.1.0,fee7fa0cd1a765058cba2190e2e791945f49d0048e1f0e1f60c1ae34c424e129
f073ef5d5c8be73dac14b84009b6dbda48898f9cfff29310f14e05638a496bf7,1.1.2,6590a4bbb77802175afa4c406de831d596569cbf2e1f596de7df0910f43e8fd5,e51f21289a5f63ada7c1746ad6385412db3f6a4e7fc3ba4e33e43fbdb6e9bf14,241bade8665d15f1855e8ed5cb5a8f8bc3dbb5e66c87d76b45ab5d76f1caa9f7,dffe8acdbd3e011d12e5e45e08331fd300f3b67f,214053eb-5084-4022-8817-4ddbbf933e60,d55cb69fed50a09170560b5b75d8de86,2026_04_PIT_CLE,2026,4,2026-10-02T00:15:00Z,spreads,HOME,2026-09-27T03:00:57.907341Z,2026-09-27T03:00:57.384540Z,2026-09-22T18:51:43.097248Z,bb86d96ac8c5a37027060695827d4ca64ef6cc1d2ef5b5808941c85556f173d5,,,,,,,,,,RETAIL_ONLY,2,,,,,,,,,UNAVAILABLE_FOR_BETTING,INELIGIBLE_PINNACLE_TWO_SIDED_CONTRACT_MISSING,PASS,MODEL_LOCKED_UNTESTED_2026;UNCERTAINTY_UNAVAILABLE_FOR_BETTING;INELIGIBLE_PINNACLE_TWO_SIDED_CONTRACT_MISSING;Feature store does not contain exactly two rows for the game,local:v11-prospective-observer,2026-09-27T03:00:57.907341Z,,1.1.0,4b2b4cc94b1dd68d4226e1ec9567f799c3d8090dada99c05901a859d99dc2159
558bc0e9689fc460806ea24b52f34a51f2187bff13124b15ef41fed8852f872b,1.1.2,6590a4bbb77802175afa4c406de831d596569cbf2e1f596de7df0910f43e8fd5,e51f21289a5f63ada7c1746ad6385412db3f6a4e7fc3ba4e33e43fbdb6e9bf14,241bade8665d15f1855e8ed5cb5a8f8bc3dbb5e66c87d76b45ab5d76f1caa9f7,b143eda428696625817bd7042b4cf3a453477386,e1878b61-7760-4e06-9ca0-bec5e38d131c,d55cb69fed50a09170560b5b75d8de86,2026_04_PIT_CLE,2026,4,2026-10-02T00:15:00Z,spreads,HOME,2026-09-27T12:45:22.508290Z,2026-09-27T12:45:22.019645Z,2026-09-22T18:51:43.097248Z,bb86d96ac8c5a37027060695827d4ca64ef6cc1d2ef5b5808941c85556f173d5,,,,,,,,,,RETAIL_ONLY,2,,,,,,,,,UNAVAILABLE_FOR_BETTING,INELIGIBLE_PINNACLE_TWO_SIDED_CONTRACT_MISSING,PASS,MODEL_LOCKED_UNTESTED_2026;UNCERTAINTY_UNAVAILABLE_FOR_BETTING;INELIGIBLE_PINNACLE_TWO_SIDED_CONTRACT_MISSING;Feature store does not contain exactly two rows for the game,local:v11-prospective-observer,2026-09-27T12:45:22.508290Z,,1.1.0,81aaec47bdd49f1ba1eeff2798444c33a7bf47df8d5d8cc312ed7d546f6a3640
6386cfbeee11ba4a49878c5d51c553624e9fa8fdf07781a34dbe16f43f447930,challenger-0.2.0,5c8bf3ec348a261ab2c0ce94bd8cc315f754a8dc991c15c20d0d961d06997984,49fadb583b0dee0ba78c242826cb3e521cee0c4af2da837cfd5df18936598793,159ec87beb47e140832d992a80618f94b5cef5681c9d11c24e999ce1cad03b10,b143eda428696625817bd7042b4cf3a453477386,e1878b61-7760-4e06-9ca0-bec5e38d131c,d55cb69fed50a09170560b5b75d8de86,2026_04_PIT_CLE,2026,4,2026-10-02T00:15:00Z,spreads,HOME,2026-09-27T12:45:25.295673Z,2026-09-27T12:45:22.019645Z,2026-09-22T18:51:43.097248Z,3ecdbfbaf3290a1d0f9b9aee517e61634d37a7bdde41367b8b77ffdf6363f311,,,,,,,,,,RETAIL_ONLY,2,,,,,,,,,MODELED_DEVELOPMENT_MARGIN_SHADOW_ONLY,INELIGIBLE_PINNACLE_TWO_SIDED_CONTRACT_MISSING,PASS,EXPERIMENTAL_SHADOW_NO_STAKES;INELIGIBLE_PINNACLE_TWO_SIDED_CONTRACT_MISSING;Challenger feature/game rows are missing or duplicated,local:challenger+the-odds-api,2026-09-27T12:45:25.295673Z,,1.1.0,7fd9ce91f93c911b3e17f28a39ec0fd05972642969396d0fce8fe6e41deb366c
3db629b2105fb97ac6a9bd1677de8e5ad23132e8c00103278261fc30c8a5627e,1.1.2,6590a4bbb77802175afa4c406de831d596569cbf2e1f596de7df0910f43e8fd5,e51f21289a5f63ada7c1746ad6385412db3f6a4e7fc3ba4e33e43fbdb6e9bf14,241bade8665d15f1855e8ed5cb5a8f8bc3dbb5e66c87d76b45ab5d76f1caa9f7,c8df716c912e3f6e3b11d508f2988b51a9d4b5a7,d4b87e91-991a-4aa9-bfef-bc8de675e276,d55cb69fed50a09170560b5b75d8de86,2026_04_PIT_CLE,2026,4,2026-10-02T00:15:00Z,totals,OVER,2026-09-23T13:00:21.951453Z,2026-09-23T13:00:21.551276Z,2026-09-22T18:51:43.097248Z,bb86d96ac8c5a37027060695827d4ca64ef6cc1d2ef5b5808941c85556f173d5,,,,,,,,,,RETAIL_ONLY,2,,,,,,,,,UNAVAILABLE_FOR_BETTING,INELIGIBLE_PINNACLE_TWO_SIDED_CONTRACT_MISSING,PASS,MODEL_LOCKED_UNTESTED_2026;UNCERTAINTY_UNAVAILABLE_FOR_BETTING;INELIGIBLE_PINNACLE_TWO_SIDED_CONTRACT_MISSING;Feature store does not contain exactly two rows for the game,local:v11-prospective-observer,2026-09-23T13:00:21.951453Z,,1.1.0,47307444a4b55bec5f8054828d4258e903d9821251f59f13f0c7db72dd35eaa2
64b02a6bf8a4c0eeaff456ed4a75fe1684ee819f6c1c8eace64f4fa3debdbbb1,challenger-0.2.0,5c8bf3ec348a261ab2c0ce94bd8cc315f754a8dc991c15c20d0d961d06997984,49fadb583b0dee0ba78c242826cb3e521cee0c4af2da837cfd5df18936598793,159ec87beb47e140832d992a80618f94b5cef5681c9d11c24e999ce1cad03b10,c8df716c912e3f6e3b11d508f2988b51a9d4b5a7,d4b87e91-991a-4aa9-bfef-bc8de675e276,d55cb69fed50a09170560b5b75d8de86,2026_04_PIT_CLE,2026,4,2026-10-02T00:15:00Z,totals,OVER,2026-09-23T13:00:24.484171Z,2026-09-23T13:00:21.551276Z,2026-09-22T18:51:43.097248Z,3ecdbfbaf3290a1d0f9b9aee517e61634d37a7bdde41367b8b77ffdf6363f311,,,,,,,,,,RETAIL_ONLY,2,,,,,,,,,MODELED_DEVELOPMENT_MARGIN_SHADOW_ONLY,INELIGIBLE_PINNACLE_TWO_SIDED_CONTRACT_MISSING,PASS,EXPERIMENTAL_SHADOW_NO_STAKES;INELIGIBLE_PINNACLE_TWO_SIDED_CONTRACT_MISSING;Challenger feature/game rows are missing or duplicated,local:challenger+the-odds-api,2026-09-23T13:00:24.484171Z,,1.1.0,566422876356ba7d56faa73159b320daa97e7a0bac99e75f2e7755d1f5fb7249
074c671cf60b25966b6281f9696d46afb7bb425bb9b384754fbdbfa7c3cb021e,challenger-0.2.0,5c8bf3ec348a261ab2c0ce94bd8cc315f754a8dc991c15c20d0d961d06997984,49fadb583b0dee0ba78c242826cb3e521cee0c4af2da837cfd5df18936598793,159ec87beb47e140832d992a80618f94b5cef5681c9d11c24e999ce1cad03b10,dffe8acdbd3e011d12e5e45e08331fd300f3b67f,d842d1fe-0de3-48ea-8341-bb9cfc6a6383,d55cb69fed50a09170560b5b75d8de86,2026_04_PIT_CLE,2026,4,2026-10-02T00:15:00Z,totals,OVER,2026-09-24T16:00:25.607332Z,2026-09-24T16:00:22.454081Z,2026-09-22T18:51:43.097248Z,3ecdbfbaf3290a1d0f9b9aee517e61634d37a7bdde41367b8b77ffdf6363f311,,,,,,,,,,RETAIL_ONLY,2,,,,,,,,,MODELED_DEVELOPMENT_MARGIN_SHADOW_ONLY,INELIGIBLE_PINNACLE_TWO_SIDED_CONTRACT_MISSING,PASS,EXPERIMENTAL_SHADOW_NO_STAKES;INELIGIBLE_PINNACLE_TWO_SIDED_CONTRACT_MISSING;Challenger feature/game rows are missing or duplicated,local:challenger+the-odds-api,2026-09-24T16:00:25.607332Z,,1.1.0,e902ce8f57a1b8103f170b6db50617aa3a4bb95e1d49d9dbc5d657ccaa93411d
fea66b966ce17a28cbdaef132dc37a36a370735ee15ccccfa961650d2eaf343a,1.1.2,6590a4bbb77802175afa4c406de831d596569cbf2e1f596de7df0910f43e8fd5,e51f21289a5f63ada7c1746ad6385412db3f6a4e7fc3ba4e33e43fbdb6e9bf14,241bade8665d15f1855e8ed5cb5a8f8bc3dbb5e66c87d76b45ab5d76f1caa9f7,dffe8acdbd3e011d12e5e45e08331fd300f3b67f,d842d1fe-0de3-48ea-8341-bb9cfc6a6383,d55cb69fed50a09170560b5b75d8de86,2026_04_PIT_CLE,2026,4,2026-10-02T00:15:00Z,totals,OVER,2026-09-24T16:00:22.882475Z,2026-09-24T16:00:22.454081Z,2026-09-22T18:51:43.097248Z,bb86d96ac8c5a37027060695827d4ca64ef6cc1d2ef5b5808941c85556f173d5,,,,,,,,,,RETAIL_ONLY,2,,,,,,,,,UNAVAILABLE_FOR_BETTING,INELIGIBLE_PINNACLE_TWO_SIDED_CONTRACT_MISSING,PASS,MODEL_LOCKED_UNTESTED_2026;UNCERTAINTY_UNAVAILABLE_FOR_BETTING;INELIGIBLE_PINNACLE_TWO_SIDED_CONTRACT_MISSING;Feature store does not contain exactly two rows for the game,local:v11-prospective-observer,2026-09-24T16:00:22.882475Z,,1.1.0,07437a838c98176c350e54080e92d6e5f483b2700c4f8ad568a6f80ef598bf93
8fa6b6f9534ef1173365564cc7ea9819a13a776d491bcaa4c7f3e4851f79cabf,challenger-0.2.0,5c8bf3ec348a261ab2c0ce94bd8cc315f754a8dc991c15c20d0d961d06997984,49fadb583b0dee0ba78c242826cb3e521cee0c4af2da837cfd5df18936598793,159ec87beb47e140832d992a80618f94b5cef5681c9d11c24e999ce1cad03b10,dffe8acdbd3e011d12e5e45e08331fd300f3b67f,b7f8819c-86a9-428f-bb46-debf3999015c,d55cb69fed50a09170560b5b75d8de86,2026_04_PIT_CLE,2026,4,2026-10-02T00:15:00Z,totals,OVER,2026-09-25T21:00:31.801654Z,2026-09-25T21:00:28.639096Z,2026-09-22T18:51:43.097248Z,3ecdbfbaf3290a1d0f9b9aee517e61634d37a7bdde41367b8b77ffdf6363f311,,,,,,,,,,RETAIL_ONLY,2,,,,,,,,,MODELED_DEVELOPMENT_MARGIN_SHADOW_ONLY,INELIGIBLE_PINNACLE_TWO_SIDED_CONTRACT_MISSING,PASS,EXPERIMENTAL_SHADOW_NO_STAKES;INELIGIBLE_PINNACLE_TWO_SIDED_CONTRACT_MISSING;Challenger feature/game rows are missing or duplicated,local:challenger+the-odds-api,2026-09-25T21:00:31.801654Z,,1.1.0,b7680396bad484a3deb7e0c6dda4f5376fc1d65a3c0c099d28a92f52a1128770
d8bfa82b7b446af6eed272f72db03cef9b6659c514784bb573261d792c428b5c,1.1.2,6590a4bbb77802175afa4c406de831d596569cbf2e1f596de7df0910f43e8fd5,e51f21289a5f63ada7c1746ad6385412db3f6a4e7fc3ba4e33e43fbdb6e9bf14,241bade8665d15f1855e8ed5cb5a8f8bc3dbb5e66c87d76b45ab5d76f1caa9f7,dffe8acdbd3e011d12e5e45e08331fd300f3b67f,b7f8819c-86a9-428f-bb46-debf3999015c,d55cb69fed50a09170560b5b75d8de86,2026_04_PIT_CLE,2026,4,2026-10-02T00:15:00Z,totals,OVER,2026-09-25T21:00:29.089372Z,2026-09-25T21:00:28.639096Z,2026-09-22T18:51:43.097248Z,bb86d96ac8c5a37027060695827d4ca64ef6cc1d2ef5b5808941c85556f173d5,,,,,,,,,,RETAIL_ONLY,2,,,,,,,,,UNAVAILABLE_FOR_BETTING,INELIGIBLE_PINNACLE_TWO_SIDED_CONTRACT_MISSING,PASS,MODEL_LOCKED_UNTESTED_2026;UNCERTAINTY_UNAVAILABLE_FOR_BETTING;INELIGIBLE_PINNACLE_TWO_SIDED_CONTRACT_MISSING;Feature store does not contain exactly two rows for the game,local:v11-prospective-observer,2026-09-25T21:00:29.089372Z,,1.1.0,6ecfdc72af18dd1fb06afdcc54fdb992c2beec1da56a80a4328ec46e47607de0
3529c46e2b39c48dd70db6b64298c3bf24c263805cd6b9ec639fab237230a49e,1.1.2,6590a4bbb77802175afa4c406de831d596569cbf2e1f596de7df0910f43e8fd5,e51f21289a5f63ada7c1746ad6385412db3f6a4e7fc3ba4e33e43fbdb6e9bf14,241bade8665d15f1855e8ed5cb5a8f8bc3dbb5e66c87d76b45ab5d76f1caa9f7,dffe8acdbd3e011d12e5e45e08331fd300f3b67f,8b8b5771-d3ca-480c-9980-dac450e82c42,d55cb69fed50a09170560b5b75d8de86,2026_04_PIT_CLE,2026,4,2026-10-02T00:15:00Z,totals,OVER,2026-09-26T13:00:27.689180Z,2026-09-26T13:00:27.208512Z,2026-09-22T18:51:43.097248Z,bb86d96ac8c5a37027060695827d4ca64ef6cc1d2ef5b5808941c85556f173d5,,,,,,,,,,RETAIL_ONLY,2,,,,,,,,,UNAVAILABLE_FOR_BETTING,INELIGIBLE_PINNACLE_TWO_SIDED_CONTRACT_MISSING,PASS,MODEL_LOCKED_UNTESTED_2026;UNCERTAINTY_UNAVAILABLE_FOR_BETTING;INELIGIBLE_PINNACLE_TWO_SIDED_CONTRACT_MISSING;Feature store does not contain exactly two rows for the game,local:v11-prospective-observer,2026-09-26T13:00:27.689180Z,,1.1.0,a0b03583d686167ec6b772d463e5f4c965209bb0883d0c36a2ca3a1004037654
4b28264460bebcf88afce1b2419ac5160fc686cc8dad57a1be82a8518a43e255,challenger-0.2.0,5c8bf3ec348a261ab2c0ce94bd8cc315f754a8dc991c15c20d0d961d06997984,49fadb583b0dee0ba78c242826cb3e521cee0c4af2da837cfd5df18936598793,159ec87beb47e140832d992a80618f94b5cef5681c9d11c24e999ce1cad03b10,dffe8acdbd3e011d12e5e45e08331fd300f3b67f,8b8b5771-d3ca-480c-9980-dac450e82c42,d55cb69fed50a09170560b5b75d8de86,2026_04_PIT_CLE,2026,4,2026-10-02T00:15:00Z,totals,OVER,2026-09-26T13:00:30.675609Z,2026-09-26T13:00:27.208512Z,2026-09-22T18:51:43.097248Z,3ecdbfbaf3290a1d0f9b9aee517e61634d37a7bdde41367b8b77ffdf6363f311,,,,,,,,,,RETAIL_ONLY,2,,,,,,,,,MODELED_DEVELOPMENT_MARGIN_SHADOW_ONLY,INELIGIBLE_PINNACLE_TWO_SIDED_CONTRACT_MISSING,PASS,EXPERIMENTAL_SHADOW_NO_STAKES;INELIGIBLE_PINNACLE_TWO_SIDED_CONTRACT_MISSING;Challenger feature/game rows are missing or duplicated,local:challenger+the-odds-api,2026-09-26T13:00:30.675609Z,,1.1.0,33db18379a722103125e17defaa819a26ee5cc56805f77ca764bf675762c640b
8e9b4acb30246ffc4fb6eb201eb4ccb4a107b6e1de88ed9a3637d8c4af9032b7,1.1.2,6590a4bbb77802175afa4c406de831d596569cbf2e1f596de7df0910f43e8fd5,e51f21289a5f63ada7c1746ad6385412db3f6a4e7fc3ba4e33e43fbdb6e9bf14,241bade8665d15f1855e8ed5cb5a8f8bc3dbb5e66c87d76b45ab5d76f1caa9f7,dffe8acdbd3e011d12e5e45e08331fd300f3b67f,d2d710b1-c436-4180-8c43-56a6e84b5e0f,d55cb69fed50a09170560b5b75d8de86,2026_04_PIT_CLE,2026,4,2026-10-02T00:15:00Z,totals,OVER,2026-09-26T21:00:26.360329Z,2026-09-26T21:00:25.892304Z,2026-09-22T18:51:43.097248Z,bb86d96ac8c5a37027060695827d4ca64ef6cc1d2ef5b5808941c85556f173d5,,,,,,,,,,RETAIL_ONLY,2,,,,,,,,,UNAVAILABLE_FOR_BETTING,INELIGIBLE_PINNACLE_TWO_SIDED_CONTRACT_MISSING,PASS,MODEL_LOCKED_UNTESTED_2026;UNCERTAINTY_UNAVAILABLE_FOR_BETTING;INELIGIBLE_PINNACLE_TWO_SIDED_CONTRACT_MISSING;Feature store does not contain exactly two rows for the game,local:v11-prospective-observer,2026-09-26T21:00:26.360329Z,,1.1.0,d0527860d6a2dbebd470a599dbd909aee2fcb251717481b0eb16681187055507
b4f5de02db57b87dd9ea44b770bc08cbae1bc4b9cbc13046463d2861c7bd14c4,challenger-0.2.0,5c8bf3ec348a261ab2c0ce94bd8cc315f754a8dc991c15c20d0d961d06997984,49fadb583b0dee0ba78c242826cb3e521cee0c4af2da837cfd5df18936598793,159ec87beb47e140832d992a80618f94b5cef5681c9d11c24e999ce1cad03b10,dffe8acdbd3e011d12e5e45e08331fd300f3b67f,d2d710b1-c436-4180-8c43-56a6e84b5e0f,d55cb69fed50a09170560b5b75d8de86,2026_04_PIT_CLE,2026,4,2026-10-02T00:15:00Z,totals,OVER,2026-09-26T21:00:29.199963Z,2026-09-26T21:00:25.892304Z,2026-09-22T18:51:43.097248Z,3ecdbfbaf3290a1d0f9b9aee517e61634d37a7bdde41367b8b77ffdf6363f311,,,,,,,,,,RETAIL_ONLY,2,,,,,,,,,MODELED_DEVELOPMENT_MARGIN_SHADOW_ONLY,INELIGIBLE_PINNACLE_TWO_SIDED_CONTRACT_MISSING,PASS,EXPERIMENTAL_SHADOW_NO_STAKES;INELIGIBLE_PINNACLE_TWO_SIDED_CONTRACT_MISSING;Challenger feature/game rows are missing or duplicated,local:challenger+the-odds-api,2026-09-26T21:00:29.199963Z,,1.1.0,08f378e21b4e1f02d35b6b0b62b00d47a6acb55d480f50e1668700a0a053310b
8d45bc79ab1d3940fb981eae0fbb4c3cd5fb9b265de752b8dab28f02e5218f1b,1.1.2,6590a4bbb77802175afa4c406de831d596569cbf2e1f596de7df0910f43e8fd5,e51f21289a5f63ada7c1746ad6385412db3f6a4e7fc3ba4e33e43fbdb6e9bf14,241bade8665d15f1855e8ed5cb5a8f8bc3dbb5e66c87d76b45ab5d76f1caa9f7,dffe8acdbd3e011d12e5e45e08331fd300f3b67f,214053eb-5084-4022-8817-4ddbbf933e60,d55cb69fed50a09170560b5b75d8de86,2026_04_PIT_CLE,2026,4,2026-10-02T00:15:00Z,totals,OVER,2026-09-27T03:00:57.907341Z,2026-09-27T03:00:57.384540Z,2026-09-22T18:51:43.097248Z,bb86d96ac8c5a37027060695827d4ca64ef6cc1d2ef5b5808941c85556f173d5,,,,,,,,,,RETAIL_ONLY,2,,,,,,,,,UNAVAILABLE_FOR_BETTING,INELIGIBLE_PINNACLE_TWO_SIDED_CONTRACT_MISSING,PASS,MODEL_LOCKED_UNTESTED_2026;UNCERTAINTY_UNAVAILABLE_FOR_BETTING;INELIGIBLE_PINNACLE_TWO_SIDED_CONTRACT_MISSING;Feature store does not contain exactly two rows for the game,local:v11-prospective-observer,2026-09-27T03:00:57.907341Z,,1.1.0,00eb584e61b94751725e0b2b87eb8f4aad69d4a57ea94fa25443d883eb02d6ff
c9a40659390e3baaf9b6befb1821f5a7fe37e175c3f53ee9dad1348110ea3661,challenger-0.2.0,5c8bf3ec348a261ab2c0ce94bd8cc315f754a8dc991c15c20d0d961d06997984,49fadb583b0dee0ba78c242826cb3e521cee0c4af2da837cfd5df18936598793,159ec87beb47e140832d992a80618f94b5cef5681c9d11c24e999ce1cad03b10,dffe8acdbd3e011d12e5e45e08331fd300f3b67f,214053eb-5084-4022-8817-4ddbbf933e60,d55cb69fed50a09170560b5b75d8de86,2026_04_PIT_CLE,2026,4,2026-10-02T00:15:00Z,totals,OVER,2026-09-27T03:01:00.857309Z,2026-09-27T03:00:57.384540Z,2026-09-22T18:51:43.097248Z,3ecdbfbaf3290a1d0f9b9aee517e61634d37a7bdde41367b8b77ffdf6363f311,,,,,,,,,,RETAIL_ONLY,2,,,,,,,,,MODELED_DEVELOPMENT_MARGIN_SHADOW_ONLY,INELIGIBLE_PINNACLE_TWO_SIDED_CONTRACT_MISSING,PASS,EXPERIMENTAL_SHADOW_NO_STAKES;INELIGIBLE_PINNACLE_TWO_SIDED_CONTRACT_MISSING;Challenger feature/game rows are missing or duplicated,local:challenger+the-odds-api,2026-09-27T03:01:00.857309Z,,1.1.0,becbd97fec222a65c40b9d6e542f0b7cea4885ccd95ea732a6d5083b23ad5720
68188e734ffd69b87adf69c8e1e0a8f19f4200e6c3c87d53a908073bd8bd7213,challenger-0.2.0,5c8bf3ec348a261ab2c0ce94bd8cc315f754a8dc991c15c20d0d961d06997984,49fadb583b0dee0ba78c242826cb3e521cee0c4af2da837cfd5df18936598793,159ec87beb47e140832d992a80618f94b5cef5681c9d11c24e999ce1cad03b10,b143eda428696625817bd7042b4cf3a453477386,e1878b61-7760-4e06-9ca0-bec5e38d131c,d55cb69fed50a09170560b5b75d8de86,2026_04_PIT_CLE,2026,4,2026-10-02T00:15:00Z,totals,OVER,2026-09-27T12:45:25.295673Z,2026-09-27T12:45:22.019645Z,2026-09-22T18:51:43.097248Z,3ecdbfbaf3290a1d0f9b9aee517e61634d37a7bdde41367b8b77ffdf6363f311,,,,,,,,,,RETAIL_ONLY,2,,,,,,,,,MODELED_DEVELOPMENT_MARGIN_SHADOW_ONLY,INELIGIBLE_PINNACLE_TWO_SIDED_CONTRACT_MISSING,PASS,EXPERIMENTAL_SHADOW_NO_STAKES;INELIGIBLE_PINNACLE_TWO_SIDED_CONTRACT_MISSING;Challenger feature/game rows are missing or duplicated,local:challenger+the-odds-api,2026-09-27T12:45:25.295673Z,,1.1.0,1b66158bbfb760e8cd72124b2322c2e849b9301c4be5918aa1926a513e12b76d
d9fd524986961f7d3fca726f15469c93074572c1132dd811f02514487c1a5b43,1.1.2,6590a4bbb77802175afa4c406de831d596569cbf2e1f596de7df0910f43e8fd5,e51f21289a5f63ada7c1746ad6385412db3f6a4e7fc3ba4e33e43fbdb6e9bf14,241bade8665d15f1855e8ed5cb5a8f8bc3dbb5e66c87d76b45ab5d76f1caa9f7,b143eda428696625817bd7042b4cf3a453477386,e1878b61-7760-4e06-9ca0-bec5e38d131c,d55cb69fed50a09170560b5b75d8de86,2026_04_PIT_CLE,2026,4,2026-10-02T00:15:00Z,totals,OVER,2026-09-27T12:45:22.508290Z,2026-09-27T12:45:22.019645Z,2026-09-22T18:51:43.097248Z,bb86d96ac8c5a37027060695827d4ca64ef6cc1d2ef5b5808941c85556f173d5,,,,,,,,,,RETAIL_ONLY,2,,,,,,,,,UNAVAILABLE_FOR_BETTING,INELIGIBLE_PINNACLE_TWO_SIDED_CONTRACT_MISSING,PASS,MODEL_LOCKED_UNTESTED_2026;UNCERTAINTY_UNAVAILABLE_FOR_BETTING;INELIGIBLE_PINNACLE_TWO_SIDED_CONTRACT_MISSING;Feature store does not contain exactly two rows for the game,local:v11-prospective-observer,2026-09-27T12:45:22.508290Z,,1.1.0,58e6dae07f201eba08a6ec8962e165998b112819ebd141562bf541d23382d532
986b071abdea9ec05b38d18ce77ce53f8143bcfedc0fc30f9b3f12bf893a376a,1.1.2,6590a4bbb77802175afa4c406de831d596569cbf2e1f596de7df0910f43e8fd5,e51f21289a5f63ada7c1746ad6385412db3f6a4e7fc3ba4e33e43fbdb6e9bf14,241bade8665d15f1855e8ed5cb5a8f8bc3dbb5e66c87d76b45ab5d76f1caa9f7,c8df716c912e3f6e3b11d508f2988b51a9d4b5a7,d4b87e91-991a-4aa9-bfef-bc8de675e276,c9d8ed8aa4889486eaf10a630138ede0,2026_04_IND_WAS,2026,4,2026-10-04T13:30:00Z,spreads,HOME,2026-09-23T13:00:21.951453Z,2026-09-23T13:00:21.551276Z,2026-09-22T18:51:43.097248Z,bb86d96ac8c5a37027060695827d4ca64ef6cc1d2ef5b5808941c85556f173d5,,,,,,,,,,RETAIL_ONLY,2,,,,,,,,,UNAVAILABLE_FOR_BETTING,INELIGIBLE_PINNACLE_TWO_SIDED_CONTRACT_MISSING,PASS,MODEL_LOCKED_UNTESTED_2026;UNCERTAINTY_UNAVAILABLE_FOR_BETTING;INELIGIBLE_PINNACLE_TWO_SIDED_CONTRACT_MISSING;Feature store does not contain exactly two rows for the game,local:v11-prospective-observer,2026-09-23T13:00:21.951453Z,,1.1.0,c843df48daa492c31ea66485b015c909328138af7508e58c340ee2c5768ce4ba
ff1f218a55240b726fe8d45cc4be666e0bba842252cda90280425ee727704871,challenger-0.2.0,5c8bf3ec348a261ab2c0ce94bd8cc315f754a8dc991c15c20d0d961d06997984,49fadb583b0dee0ba78c242826cb3e521cee0c4af2da837cfd5df18936598793,159ec87beb47e140832d992a80618f94b5cef5681c9d11c24e999ce1cad03b10,c8df716c912e3f6e3b11d508f2988b51a9d4b5a7,d4b87e91-991a-4aa9-bfef-bc8de675e276,c9d8ed8aa4889486eaf10a630138ede0,2026_04_IND_WAS,2026,4,2026-10-04T13:30:00Z,spreads,HOME,2026-09-23T13:00:24.484171Z,2026-09-23T13:00:21.551276Z,2026-09-22T18:51:43.097248Z,3ecdbfbaf3290a1d0f9b9aee517e61634d37a7bdde41367b8b77ffdf6363f311,,,,,,,,,,RETAIL_ONLY,2,,,,,,,,,MODELED_DEVELOPMENT_MARGIN_SHADOW_ONLY,INELIGIBLE_PINNACLE_TWO_SIDED_CONTRACT_MISSING,PASS,EXPERIMENTAL_SHADOW_NO_STAKES;INELIGIBLE_PINNACLE_TWO_SIDED_CONTRACT_MISSING;Challenger feature/game rows are missing or duplicated,local:challenger+the-odds-api,2026-09-23T13:00:24.484171Z,,1.1.0,1611e345aaf79a7548a750104e4691fe5dc61dfd0fcbae8e3ebac566ad758793
a8d98a7e2303f04f299f9117c71721855fc38f35eb1ed37c0dafcff7d8a92cb6,challenger-0.2.0,5c8bf3ec348a261ab2c0ce94bd8cc315f754a8dc991c15c20d0d961d06997984,49fadb583b0dee0ba78c242826cb3e521cee0c4af2da837cfd5df18936598793,159ec87beb47e140832d992a80618f94b5cef5681c9d11c24e999ce1cad03b10,dffe8acdbd3e011d12e5e45e08331fd300f3b67f,d842d1fe-0de3-48ea-8341-bb9cfc6a6383,c9d8ed8aa4889486eaf10a630138ede0,2026_04_IND_WAS,2026,4,2026-10-04T13:30:00Z,spreads,HOME,2026-09-24T16:00:25.607332Z,2026-09-24T16:00:22.454081Z,2026-09-22T18:51:43.097248Z,3ecdbfbaf3290a1d0f9b9aee517e61634d37a7bdde41367b8b77ffdf6363f311,,,,,,,,,,RETAIL_ONLY,2,,,,,,,,,MODELED_DEVELOPMENT_MARGIN_SHADOW_ONLY,INELIGIBLE_PINNACLE_TWO_SIDED_CONTRACT_MISSING,PASS,EXPERIMENTAL_SHADOW_NO_STAKES;INELIGIBLE_PINNACLE_TWO_SIDED_CONTRACT_MISSING;Challenger feature/game rows are missing or duplicated,local:challenger+the-odds-api,2026-09-24T16:00:25.607332Z,,1.1.0,6553c99a5e2b5a5b84c134c7f096d5bc15a0649882861340a84cdb72649863fd
ca6d279d3a29b4f28aa9b872c178043e75f0c59246c062e2751e48bbceb32006,1.1.2,6590a4bbb77802175afa4c406de831d596569cbf2e1f596de7df0910f43e8fd5,e51f21289a5f63ada7c1746ad6385412db3f6a4e7fc3ba4e33e43fbdb6e9bf14,241bade8665d15f1855e8ed5cb5a8f8bc3dbb5e66c87d76b45ab5d76f1caa9f7,dffe8acdbd3e011d12e5e45e08331fd300f3b67f,d842d1fe-0de3-48ea-8341-bb9cfc6a6383,c9d8ed8aa4889486eaf10a630138ede0,2026_04_IND_WAS,2026,4,2026-10-04T13:30:00Z,spreads,HOME,2026-09-24T16:00:22.882475Z,2026-09-24T16:00:22.454081Z,2026-09-22T18:51:43.097248Z,bb86d96ac8c5a37027060695827d4ca64ef6cc1d2ef5b5808941c85556f173d5,,,,,,,,,,RETAIL_ONLY,2,,,,,,,,,UNAVAILABLE_FOR_BETTING,INELIGIBLE_PINNACLE_TWO_SIDED_CONTRACT_MISSING,PASS,MODEL_LOCKED_UNTESTED_2026;UNCERTAINTY_UNAVAILABLE_FOR_BETTING;INELIGIBLE_PINNACLE_TWO_SIDED_CONTRACT_MISSING;Feature store does not contain exactly two rows for the game,local:v11-prospective-observer,2026-09-24T16:00:22.882475Z,,1.1.0,6451c48d7a66089943115c5b27a5c7a9a435fe918606c332edb6f0cac2467cd4
52d7b4156719d42445bd33937b8965d2538ccdc7b059a95da46fe58131daf626,challenger-0.2.0,5c8bf3ec348a261ab2c0ce94bd8cc315f754a8dc991c15c20d0d961d06997984,49fadb583b0dee0ba78c242826cb3e521cee0c4af2da837cfd5df18936598793,159ec87beb47e140832d992a80618f94b5cef5681c9d11c24e999ce1cad03b10,dffe8acdbd3e011d12e5e45e08331fd300f3b67f,b7f8819c-86a9-428f-bb46-debf3999015c,c9d8ed8aa4889486eaf10a630138ede0,2026_04_IND_WAS,2026,4,2026-10-04T13:30:00Z,spreads,HOME,2026-09-25T21:00:31.801654Z,2026-09-25T21:00:28.639096Z,2026-09-22T18:51:43.097248Z,3ecdbfbaf3290a1d0f9b9aee517e61634d37a7bdde41367b8b77ffdf6363f311,,,,,,,,,,RETAIL_ONLY,2,,,,,,,,,MODELED_DEVELOPMENT_MARGIN_SHADOW_ONLY,INELIGIBLE_PINNACLE_TWO_SIDED_CONTRACT_MISSING,PASS,EXPERIMENTAL_SHADOW_NO_STAKES;INELIGIBLE_PINNACLE_TWO_SIDED_CONTRACT_MISSING;Challenger feature/game rows are missing or duplicated,local:challenger+the-odds-api,2026-09-25T21:00:31.801654Z,,1.1.0,41abd956c147427b6d6e69a871e73ee1a76043092dc89b104071850205493e13
68003fc3273f1c2836744da20bd114e3e3b146e495e94657228b24c7f7ce1b6b,1.1.2,6590a4bbb77802175afa4c406de831d596569cbf2e1f596de7df0910f43e8fd5,e51f21289a5f63ada7c1746ad6385412db3f6a4e7fc3ba4e33e43fbdb6e9bf14,241bade8665d15f1855e8ed5cb5a8f8bc3dbb5e66c87d76b45ab5d76f1caa9f7,dffe8acdbd3e011d12e5e45e08331fd300f3b67f,b7f8819c-86a9-428f-bb46-debf3999015c,c9d8ed8aa4889486eaf10a630138ede0,2026_04_IND_WAS,2026,4,2026-10-04T13:30:00Z,spreads,HOME,2026-09-25T21:00:29.089372Z,2026-09-25T21:00:28.639096Z,2026-09-22T18:51:43.097248Z,bb86d96ac8c5a37027060695827d4ca64ef6cc1d2ef5b5808941c85556f173d5,,,,,,,,,,RETAIL_ONLY,2,,,,,,,,,UNAVAILABLE_FOR_BETTING,INELIGIBLE_PINNACLE_TWO_SIDED_CONTRACT_MISSING,PASS,MODEL_LOCKED_UNTESTED_2026;UNCERTAINTY_UNAVAILABLE_FOR_BETTING;INELIGIBLE_PINNACLE_TWO_SIDED_CONTRACT_MISSING;Feature store does not contain exactly two rows for the game,local:v11-prospective-observer,2026-09-25T21:00:29.089372Z,,1.1.0,f4b4401169127cb200e569ca62412383c8e5e7856a0291fa019908fba60761a4
2bb5b8cdfbef934fca5a3f86b3909ec7455466658b74b0340f5fedd349c8df6b,1.1.2,6590a4bbb77802175afa4c406de831d596569cbf2e1f596de7df0910f43e8fd5,e51f21289a5f63ada7c1746ad6385412db3f6a4e7fc3ba4e33e43fbdb6e9bf14,241bade8665d15f1855e8ed5cb5a8f8bc3dbb5e66c87d76b45ab5d76f1caa9f7,dffe8acdbd3e011d12e5e45e08331fd300f3b67f,8b8b5771-d3ca-480c-9980-dac450e82c42,c9d8ed8aa4889486eaf10a630138ede0,2026_04_IND_WAS,2026,4,2026-10-04T13:30:00Z,spreads,HOME,2026-09-26T13:00:27.689180Z,2026-09-26T13:00:27.208512Z,2026-09-22T18:51:43.097248Z,bb86d96ac8c5a37027060695827d4ca64ef6cc1d2ef5b5808941c85556f173d5,,,,,,,,,,RETAIL_ONLY,2,,,,,,,,,UNAVAILABLE_FOR_BETTING,INELIGIBLE_PINNACLE_TWO_SIDED_CONTRACT_MISSING,PASS,MODEL_LOCKED_UNTESTED_2026;UNCERTAINTY_UNAVAILABLE_FOR_BETTING;INELIGIBLE_PINNACLE_TWO_SIDED_CONTRACT_MISSING;Feature store does not contain exactly two rows for the game,local:v11-prospective-observer,2026-09-26T13:00:27.689180Z,,1.1.0,73d970f1c6d8b89dab5d88fd773a0671e1d7416f9296d1fdc454952e2a697271
8be4e8cc06f129afa17d928e5e1a3b1a07f1afc3d0bfed34b17c8c4960c360da,challenger-0.2.0,5c8bf3ec348a261ab2c0ce94bd8cc315f754a8dc991c15c20d0d961d06997984,49fadb583b0dee0ba78c242826cb3e521cee0c4af2da837cfd5df18936598793,159ec87beb47e140832d992a80618f94b5cef5681c9d11c24e999ce1cad03b10,dffe8acdbd3e011d12e5e45e08331fd300f3b67f,8b8b5771-d3ca-480c-9980-dac450e82c42,c9d8ed8aa4889486eaf10a630138ede0,2026_04_IND_WAS,2026,4,2026-10-04T13:30:00Z,spreads,HOME,2026-09-26T13:00:30.675609Z,2026-09-26T13:00:27.208512Z,2026-09-22T18:51:43.097248Z,3ecdbfbaf3290a1d0f9b9aee517e61634d37a7bdde41367b8b77ffdf6363f311,,,,,,,,,,RETAIL_ONLY,2,,,,,,,,,MODELED_DEVELOPMENT_MARGIN_SHADOW_ONLY,INELIGIBLE_PINNACLE_TWO_SIDED_CONTRACT_MISSING,PASS,EXPERIMENTAL_SHADOW_NO_STAKES;INELIGIBLE_PINNACLE_TWO_SIDED_CONTRACT_MISSING;Challenger feature/game rows are missing or duplicated,local:challenger+the-odds-api,2026-09-26T13:00:30.675609Z,,1.1.0,b810bacca9ea3b39e2e576f3ba267762e0734b825463971a6f17786ef1add9ac
205bfcb5dfd4193ea3e5784e5edec23b04cda807dcf0ae2ee3d36fe173fde2f3,1.1.2,6590a4bbb77802175afa4c406de831d596569cbf2e1f596de7df0910f43e8fd5,e51f21289a5f63ada7c1746ad6385412db3f6a4e7fc3ba4e33e43fbdb6e9bf14,241bade8665d15f1855e8ed5cb5a8f8bc3dbb5e66c87d76b45ab5d76f1caa9f7,dffe8acdbd3e011d12e5e45e08331fd300f3b67f,d2d710b1-c436-4180-8c43-56a6e84b5e0f,c9d8ed8aa4889486eaf10a630138ede0,2026_04_IND_WAS,2026,4,2026-10-04T13:30:00Z,spreads,HOME,2026-09-26T21:00:26.360329Z,2026-09-26T21:00:25.892304Z,2026-09-22T18:51:43.097248Z,bb86d96ac8c5a37027060695827d4ca64ef6cc1d2ef5b5808941c85556f173d5,,,,,,,,,,RETAIL_ONLY,2,,,,,,,,,UNAVAILABLE_FOR_BETTING,INELIGIBLE_PINNACLE_TWO_SIDED_CONTRACT_MISSING,PASS,MODEL_LOCKED_UNTESTED_2026;UNCERTAINTY_UNAVAILABLE_FOR_BETTING;INELIGIBLE_PINNACLE_TWO_SIDED_CONTRACT_MISSING;Feature store does not contain exactly two rows for the game,local:v11-prospective-observer,2026-09-26T21:00:26.360329Z,,1.1.0,bf2ae95e173696839b620bbb976d24df66f5b53a31e1c412216d5f0b37865650
eb00c4c2a79f5641147f50314b5a17debf87d59394e7b3a0c0db5fa93c3262c7,challenger-0.2.0,5c8bf3ec348a261ab2c0ce94bd8cc315f754a8dc991c15c20d0d961d06997984,49fadb583b0dee0ba78c242826cb3e521cee0c4af2da837cfd5df18936598793,159ec87beb47e140832d992a80618f94b5cef5681c9d11c24e999ce1cad03b10,dffe8acdbd3e011d12e5e45e08331fd300f3b67f,d2d710b1-c436-4180-8c43-56a6e84b5e0f,c9d8ed8aa4889486eaf10a630138ede0,2026_04_IND_WAS,2026,4,2026-10-04T13:30:00Z,spreads,HOME,2026-09-26T21:00:29.199963Z,2026-09-26T21:00:25.892304Z,2026-09-22T18:51:43.097248Z,3ecdbfbaf3290a1d0f9b9aee517e61634d37a7bdde41367b8b77ffdf6363f311,,,,,,,,,,RETAIL_ONLY,2,,,,,,,,,MODELED_DEVELOPMENT_MARGIN_SHADOW_ONLY,INELIGIBLE_PINNACLE_TWO_SIDED_CONTRACT_MISSING,PASS,EXPERIMENTAL_SHADOW_NO_STAKES;INELIGIBLE_PINNACLE_TWO_SIDED_CONTRACT_MISSING;Challenger feature/game rows are missing or duplicated,local:challenger+the-odds-api,2026-09-26T21:00:29.199963Z,,1.1.0,fbcef7e77c9cf38101ac3a1e02a166eb3cf9ba697e465c5b0bbccac8c114d908
a0c73aeba8f18766f80b9c760e07e7138ec6feac639d94dc10a4fa0bfbf99883,challenger-0.2.0,5c8bf3ec348a261ab2c0ce94bd8cc315f754a8dc991c15c20d0d961d06997984,49fadb583b0dee0ba78c242826cb3e521cee0c4af2da837cfd5df18936598793,159ec87beb47e140832d992a80618f94b5cef5681c9d11c24e999ce1cad03b10,dffe8acdbd3e011d12e5e45e08331fd300f3b67f,214053eb-5084-4022-8817-4ddbbf933e60,c9d8ed8aa4889486eaf10a630138ede0,2026_04_IND_WAS,2026,4,2026-10-04T13:30:00Z,spreads,HOME,2026-09-27T03:01:00.857309Z,2026-09-27T03:00:57.384540Z,2026-09-22T18:51:43.097248Z,3ecdbfbaf3290a1d0f9b9aee517e61634d37a7bdde41367b8b77ffdf6363f311,,,,,,,,,,RETAIL_ONLY,2,,,,,,,,,MODELED_DEVELOPMENT_MARGIN_SHADOW_ONLY,INELIGIBLE_PINNACLE_TWO_SIDED_CONTRACT_MISSING,PASS,EXPERIMENTAL_SHADOW_NO_STAKES;INELIGIBLE_PINNACLE_TWO_SIDED_CONTRACT_MISSING;Challenger feature/game rows are missing or duplicated,local:challenger+the-odds-api,2026-09-27T03:01:00.857309Z,,1.1.0,b9c5a894e52881aa60819096540193950e426cf53c1374bbab34188de58e9af9
ace3987895e8cada0e4f33a9672b66ce814ed1072cc448a50a62981622fd7ea6,1.1.2,6590a4bbb77802175afa4c406de831d596569cbf2e1f596de7df0910f43e8fd5,e51f21289a5f63ada7c1746ad6385412db3f6a4e7fc3ba4e33e43fbdb6e9bf14,241bade8665d15f1855e8ed5cb5a8f8bc3dbb5e66c87d76b45ab5d76f1caa9f7,dffe8acdbd3e011d12e5e45e08331fd300f3b67f,214053eb-5084-4022-8817-4ddbbf933e60,c9d8ed8aa4889486eaf10a630138ede0,2026_04_IND_WAS,2026,4,2026-10-04T13:30:00Z,spreads,HOME,2026-09-27T03:00:57.907341Z,2026-09-27T03:00:57.384540Z,2026-09-22T18:51:43.097248Z,bb86d96ac8c5a37027060695827d4ca64ef6cc1d2ef5b5808941c85556f173d5,,,,,,,,,,RETAIL_ONLY,2,,,,,,,,,UNAVAILABLE_FOR_BETTING,INELIGIBLE_PINNACLE_TWO_SIDED_CONTRACT_MISSING,PASS,MODEL_LOCKED_UNTESTED_2026;UNCERTAINTY_UNAVAILABLE_FOR_BETTING;INELIGIBLE_PINNACLE_TWO_SIDED_CONTRACT_MISSING;Feature store does not contain exactly two rows for the game,local:v11-prospective-observer,2026-09-27T03:00:57.907341Z,,1.1.0,573229e81f3310e6fa2e5ba2144e24776a351ef67bfda976a83eaec63765cf52
6459432842cb477e92a74810be0234ac38894f0a6e34ed0c4147df57d475214f,challenger-0.2.0,5c8bf3ec348a261ab2c0ce94bd8cc315f754a8dc991c15c20d0d961d06997984,49fadb583b0dee0ba78c242826cb3e521cee0c4af2da837cfd5df18936598793,159ec87beb47e140832d992a80618f94b5cef5681c9d11c24e999ce1cad03b10,b143eda428696625817bd7042b4cf3a453477386,e1878b61-7760-4e06-9ca0-bec5e38d131c,c9d8ed8aa4889486eaf10a630138ede0,2026_04_IND_WAS,2026,4,2026-10-04T13:30:00Z,spreads,HOME,2026-09-27T12:45:25.295673Z,2026-09-27T12:45:22.019645Z,2026-09-22T18:51:43.097248Z,3ecdbfbaf3290a1d0f9b9aee517e61634d37a7bdde41367b8b77ffdf6363f311,,,,,,,,,,RETAIL_ONLY,2,,,,,,,,,MODELED_DEVELOPMENT_MARGIN_SHADOW_ONLY,INELIGIBLE_PINNACLE_TWO_SIDED_CONTRACT_MISSING,PASS,EXPERIMENTAL_SHADOW_NO_STAKES;INELIGIBLE_PINNACLE_TWO_SIDED_CONTRACT_MISSING;Challenger feature/game rows are missing or duplicated,local:challenger+the-odds-api,2026-09-27T12:45:25.295673Z,,1.1.0,006c2c32db6af2a83f68660653a6c9df110abbe9b4b80c720e9844fe8b784bce
fda04e75f99b55916249dcd72648bd8a4db222036a3a5bcda16fb3ca979e9935,1.1.2,6590a4bbb77802175afa4c406de831d596569cbf2e1f596de7df0910f43e8fd5,e51f21289a5f63ada7c1746ad6385412db3f6a4e7fc3ba4e33e43fbdb6e9bf14,241bade8665d15f1855e8ed5cb5a8f8bc3dbb5e66c87d76b45ab5d76f1caa9f7,b143eda428696625817bd7042b4cf3a453477386,e1878b61-7760-4e06-9ca0-bec5e38d131c,c9d8ed8aa4889486eaf10a630138ede0,2026_04_IND_WAS,2026,4,2026-10-04T13:30:00Z,spreads,HOME,2026-09-27T12:45:22.508290Z,2026-09-27T12:45:22.019645Z,2026-09-22T18:51:43.097248Z,bb86d96ac8c5a37027060695827d4ca64ef6cc1d2ef5b5808941c85556f173d5,,,,,,,,,,RETAIL_ONLY,2,,,,,,,,,UNAVAILABLE_FOR_BETTING,INELIGIBLE_PINNACLE_TWO_SIDED_CONTRACT_MISSING,PASS,MODEL_LOCKED_UNTESTED_2026;UNCERTAINTY_UNAVAILABLE_FOR_BETTING;INELIGIBLE_PINNACLE_TWO_SIDED_CONTRACT_MISSING;Feature store does not contain exactly two rows for the game,local:v11-prospective-observer,2026-09-27T12:45:22.508290Z,,1.1.0,9ecff20a64280205cb1c58c20f51119460257f2c7f71da63b6d913751051e4e6
c1a454e18702b8dadba33452a9d3bc556387458e81412172d36c07503cbdadf0,1.1.2,6590a4bbb77802175afa4c406de831d596569cbf2e1f596de7df0910f43e8fd5,e51f21289a5f63ada7c1746ad6385412db3f6a4e7fc3ba4e33e43fbdb6e9bf14,241bade8665d15f1855e8ed5cb5a8f8bc3dbb5e66c87d76b45ab5d76f1caa9f7,c8df716c912e3f6e3b11d508f2988b51a9d4b5a7,d4b87e91-991a-4aa9-bfef-bc8de675e276,c9d8ed8aa4889486eaf10a630138ede0,2026_04_IND_WAS,2026,4,2026-10-04T13:30:00Z,totals,OVER,2026-09-23T13:00:21.951453Z,2026-09-23T13:00:21.551276Z,2026-09-22T18:51:43.097248Z,bb86d96ac8c5a37027060695827d4ca64ef6cc1d2ef5b5808941c85556f173d5,,,,,,,,,,RETAIL_ONLY,2,,,,,,,,,UNAVAILABLE_FOR_BETTING,INELIGIBLE_PINNACLE_TWO_SIDED_CONTRACT_MISSING,PASS,MODEL_LOCKED_UNTESTED_2026;UNCERTAINTY_UNAVAILABLE_FOR_BETTING;INELIGIBLE_PINNACLE_TWO_SIDED_CONTRACT_MISSING;Feature store does not contain exactly two rows for the game,local:v11-prospective-observer,2026-09-23T13:00:21.951453Z,,1.1.0,c06b1539d8224016c7adaa2a81d2f9f0b0d24c4fc27c98611747fdac9d4def75
e9ad22a81a58e36fca898dcfa133b84437e5a2dbb6c326879a43d4523488e64a,challenger-0.2.0,5c8bf3ec348a261ab2c0ce94bd8cc315f754a8dc991c15c20d0d961d06997984,49fadb583b0dee0ba78c242826cb3e521cee0c4af2da837cfd5df18936598793,159ec87beb47e140832d992a80618f94b5cef5681c9d11c24e999ce1cad03b10,c8df716c912e3f6e3b11d508f2988b51a9d4b5a7,d4b87e91-991a-4aa9-bfef-bc8de675e276,c9d8ed8aa4889486eaf10a630138ede0,2026_04_IND_WAS,2026,4,2026-10-04T13:30:00Z,totals,OVER,2026-09-23T13:00:24.484171Z,2026-09-23T13:00:21.551276Z,2026-09-22T18:51:43.097248Z,3ecdbfbaf3290a1d0f9b9aee517e61634d37a7bdde41367b8b77ffdf6363f311,,,,,,,,,,RETAIL_ONLY,2,,,,,,,,,MODELED_DEVELOPMENT_MARGIN_SHADOW_ONLY,INELIGIBLE_PINNACLE_TWO_SIDED_CONTRACT_MISSING,PASS,EXPERIMENTAL_SHADOW_NO_STAKES;INELIGIBLE_PINNACLE_TWO_SIDED_CONTRACT_MISSING;Challenger feature/game rows are missing or duplicated,local:challenger+the-odds-api,2026-09-23T13:00:24.484171Z,,1.1.0,f923a5c8e0353010ac477708de0900dd1c1fed2846519c9f1881fc3d626b7ac4
45dcff96f9d74cd32e9381a30ff302e151e02afbb6d7424991d6555c5ce00c21,challenger-0.2.0,5c8bf3ec348a261ab2c0ce94bd8cc315f754a8dc991c15c20d0d961d06997984,49fadb583b0dee0ba78c242826cb3e521cee0c4af2da837cfd5df18936598793,159ec87beb47e140832d992a80618f94b5cef5681c9d11c24e999ce1cad03b10,dffe8acdbd3e011d12e5e45e08331fd300f3b67f,d842d1fe-0de3-48ea-8341-bb9cfc6a6383,c9d8ed8aa4889486eaf10a630138ede0,2026_04_IND_WAS,2026,4,2026-10-04T13:30:00Z,totals,OVER,2026-09-24T16:00:25.607332Z,2026-09-24T16:00:22.454081Z,2026-09-22T18:51:43.097248Z,3ecdbfbaf3290a1d0f9b9aee517e61634d37a7bdde41367b8b77ffdf6363f311,,,,,,,,,,RETAIL_ONLY,2,,,,,,,,,MODELED_DEVELOPMENT_MARGIN_SHADOW_ONLY,INELIGIBLE_PINNACLE_TWO_SIDED_CONTRACT_MISSING,PASS,EXPERIMENTAL_SHADOW_NO_STAKES;INELIGIBLE_PINNACLE_TWO_SIDED_CONTRACT_MISSING;Challenger feature/game rows are missing or duplicated,local:challenger+the-odds-api,2026-09-24T16:00:25.607332Z,,1.1.0,38b31657ff8929b8ef18a4af1f13d44c2d87cee02d9747fba58f15c2dd5be0fc
725b5ed7941012f8b02bd70b1c5166eb9bbf9f3eef76de4058ec007535be702d,1.1.2,6590a4bbb77802175afa4c406de831d596569cbf2e1f596de7df0910f43e8fd5,e51f21289a5f63ada7c1746ad6385412db3f6a4e7fc3ba4e33e43fbdb6e9bf14,241bade8665d15f1855e8ed5cb5a8f8bc3dbb5e66c87d76b45ab5d76f1caa9f7,dffe8acdbd3e011d12e5e45e08331fd300f3b67f,d842d1fe-0de3-48ea-8341-bb9cfc6a6383,c9d8ed8aa4889486eaf10a630138ede0,2026_04_IND_WAS,2026,4,2026-10-04T13:30:00Z,totals,OVER,2026-09-24T16:00:22.882475Z,2026-09-24T16:00:22.454081Z,2026-09-22T18:51:43.097248Z,bb86d96ac8c5a37027060695827d4ca64ef6cc1d2ef5b5808941c85556f173d5,,,,,,,,,,RETAIL_ONLY,2,,,,,,,,,UNAVAILABLE_FOR_BETTING,INELIGIBLE_PINNACLE_TWO_SIDED_CONTRACT_MISSING,PASS,MODEL_LOCKED_UNTESTED_2026;UNCERTAINTY_UNAVAILABLE_FOR_BETTING;INELIGIBLE_PINNACLE_TWO_SIDED_CONTRACT_MISSING;Feature store does not contain exactly two rows for the game,local:v11-prospective-observer,2026-09-24T16:00:22.882475Z,,1.1.0,116ae76c917d561205b288703ee03a78e66c611f40cbe39f5a691cadded92dee
c0c6bff3151ded4a86fc70a08670f6d4b4e138795f495d569adecc9dcf9dcad3,challenger-0.2.0,5c8bf3ec348a261ab2c0ce94bd8cc315f754a8dc991c15c20d0d961d06997984,49fadb583b0dee0ba78c242826cb3e521cee0c4af2da837cfd5df18936598793,159ec87beb47e140832d992a80618f94b5cef5681c9d11c24e999ce1cad03b10,dffe8acdbd3e011d12e5e45e08331fd300f3b67f,b7f8819c-86a9-428f-bb46-debf3999015c,c9d8ed8aa4889486eaf10a630138ede0,2026_04_IND_WAS,2026,4,2026-10-04T13:30:00Z,totals,OVER,2026-09-25T21:00:31.801654Z,2026-09-25T21:00:28.639096Z,2026-09-22T18:51:43.097248Z,3ecdbfbaf3290a1d0f9b9aee517e61634d37a7bdde41367b8b77ffdf6363f311,,,,,,,,,,RETAIL_ONLY,2,,,,,,,,,MODELED_DEVELOPMENT_MARGIN_SHADOW_ONLY,INELIGIBLE_PINNACLE_TWO_SIDED_CONTRACT_MISSING,PASS,EXPERIMENTAL_SHADOW_NO_STAKES;INELIGIBLE_PINNACLE_TWO_SIDED_CONTRACT_MISSING;Challenger feature/game rows are missing or duplicated,local:challenger+the-odds-api,2026-09-25T21:00:31.801654Z,,1.1.0,c13e475a07774946acb2156160af70501e334472d8f966fb11545734fcccdc97
cd2209cb7d29879cbc437561f305ec040e69f0a42b6ce8d5f7f8b22f93578bef,1.1.2,6590a4bbb77802175afa4c406de831d596569cbf2e1f596de7df0910f43e8fd5,e51f21289a5f63ada7c1746ad6385412db3f6a4e7fc3ba4e33e43fbdb6e9bf14,241bade8665d15f1855e8ed5cb5a8f8bc3dbb5e66c87d76b45ab5d76f1caa9f7,dffe8acdbd3e011d12e5e45e08331fd300f3b67f,b7f8819c-86a9-428f-bb46-debf3999015c,c9d8ed8aa4889486eaf10a630138ede0,2026_04_IND_WAS,2026,4,2026-10-04T13:30:00Z,totals,OVER,2026-09-25T21:00:29.089372Z,2026-09-25T21:00:28.639096Z,2026-09-22T18:51:43.097248Z,bb86d96ac8c5a37027060695827d4ca64ef6cc1d2ef5b5808941c85556f173d5,,,,,,,,,,RETAIL_ONLY,2,,,,,,,,,UNAVAILABLE_FOR_BETTING,INELIGIBLE_PINNACLE_TWO_SIDED_CONTRACT_MISSING,PASS,MODEL_LOCKED_UNTESTED_2026;UNCERTAINTY_UNAVAILABLE_FOR_BETTING;INELIGIBLE_PINNACLE_TWO_SIDED_CONTRACT_MISSING;Feature store does not contain exactly two rows for the game,local:v11-prospective-observer,2026-09-25T21:00:29.089372Z,,1.1.0,4974bcf1c58b115f23e94b1d82f6363a18d9f35f3f63c97c8d63c929e673e1ae
475abc347dbc3990387ec9ee3deb63bbf3c6af2fff2a99b172952f75c3baedd8,1.1.2,6590a4bbb77802175afa4c406de831d596569cbf2e1f596de7df0910f43e8fd5,e51f21289a5f63ada7c1746ad6385412db3f6a4e7fc3ba4e33e43fbdb6e9bf14,241bade8665d15f1855e8ed5cb5a8f8bc3dbb5e66c87d76b45ab5d76f1caa9f7,dffe8acdbd3e011d12e5e45e08331fd300f3b67f,8b8b5771-d3ca-480c-9980-dac450e82c42,c9d8ed8aa4889486eaf10a630138ede0,2026_04_IND_WAS,2026,4,2026-10-04T13:30:00Z,totals,OVER,2026-09-26T13:00:27.689180Z,2026-09-26T13:00:27.208512Z,2026-09-22T18:51:43.097248Z,bb86d96ac8c5a37027060695827d4ca64ef6cc1d2ef5b5808941c85556f173d5,,,,,,,,,,RETAIL_ONLY,2,,,,,,,,,UNAVAILABLE_FOR_BETTING,INELIGIBLE_PINNACLE_TWO_SIDED_CONTRACT_MISSING,PASS,MODEL_LOCKED_UNTESTED_2026;UNCERTAINTY_UNAVAILABLE_FOR_BETTING;INELIGIBLE_PINNACLE_TWO_SIDED_CONTRACT_MISSING;Feature store does not contain exactly two rows for the game,local:v11-prospective-observer,2026-09-26T13:00:27.689180Z,,1.1.0,8ac327d4bbddfd1a39f22cc9411d50d6295646c1d0f41eaa53cf2f944bf44dda
f5c935f46787a38788559a513ab08281641edf65deb01ce49ca5d474d0052260,challenger-0.2.0,5c8bf3ec348a261ab2c0ce94bd8cc315f754a8dc991c15c20d0d961d06997984,49fadb583b0dee0ba78c242826cb3e521cee0c4af2da837cfd5df18936598793,159ec87beb47e140832d992a80618f94b5cef5681c9d11c24e999ce1cad03b10,dffe8acdbd3e011d12e5e45e08331fd300f3b67f,8b8b5771-d3ca-480c-9980-dac450e82c42,c9d8ed8aa4889486eaf10a630138ede0,2026_04_IND_WAS,2026,4,2026-10-04T13:30:00Z,totals,OVER,2026-09-26T13:00:30.675609Z,2026-09-26T13:00:27.208512Z,2026-09-22T18:51:43.097248Z,3ecdbfbaf3290a1d0f9b9aee517e61634d37a7bdde41367b8b77ffdf6363f311,,,,,,,,,,RETAIL_ONLY,2,,,,,,,,,MODELED_DEVELOPMENT_MARGIN_SHADOW_ONLY,INELIGIBLE_PINNACLE_TWO_SIDED_CONTRACT_MISSING,PASS,EXPERIMENTAL_SHADOW_NO_STAKES;INELIGIBLE_PINNACLE_TWO_SIDED_CONTRACT_MISSING;Challenger feature/game rows are missing or duplicated,local:challenger+the-odds-api,2026-09-26T13:00:30.675609Z,,1.1.0,b98364e54a30b5cd2000155b2f72e6433864b3ffb4c7f2075b6e915e4cbb4f0e
17b4703131b211318c5c99dbff83115c302d94d624e65e02e427f719721e4588,challenger-0.2.0,5c8bf3ec348a261ab2c0ce94bd8cc315f754a8dc991c15c20d0d961d06997984,49fadb583b0dee0ba78c242826cb3e521cee0c4af2da837cfd5df18936598793,159ec87beb47e140832d992a80618f94b5cef5681c9d11c24e999ce1cad03b10,dffe8acdbd3e011d12e5e45e08331fd300f3b67f,d2d710b1-c436-4180-8c43-56a6e84b5e0f,c9d8ed8aa4889486eaf10a630138ede0,2026_04_IND_WAS,2026,4,2026-10-04T13:30:00Z,totals,OVER,2026-09-26T21:00:29.199963Z,2026-09-26T21:00:25.892304Z,2026-09-22T18:51:43.097248Z,3ecdbfbaf3290a1d0f9b9aee517e61634d37a7bdde41367b8b77ffdf6363f311,,,,,,,,,,RETAIL_ONLY,2,,,,,,,,,MODELED_DEVELOPMENT_MARGIN_SHADOW_ONLY,INELIGIBLE_PINNACLE_TWO_SIDED_CONTRACT_MISSING,PASS,EXPERIMENTAL_SHADOW_NO_STAKES;INELIGIBLE_PINNACLE_TWO_SIDED_CONTRACT_MISSING;Challenger feature/game rows are missing or duplicated,local:challenger+the-odds-api,2026-09-26T21:00:29.199963Z,,1.1.0,97a043b1d4b306911d10a883ebf92055c530ea48e2e45ebd797cc14cbbaf798a
a08fa3493c44c19f1a43343600bdb397986e1b67d33a381e7c2479101d601b5f,1.1.2,6590a4bbb77802175afa4c406de831d596569cbf2e1f596de7df0910f43e8fd5,e51f21289a5f63ada7c1746ad6385412db3f6a4e7fc3ba4e33e43fbdb6e9bf14,241bade8665d15f1855e8ed5cb5a8f8bc3dbb5e66c87d76b45ab5d76f1caa9f7,dffe8acdbd3e011d12e5e45e08331fd300f3b67f,d2d710b1-c436-4180-8c43-56a6e84b5e0f,c9d8ed8aa4889486eaf10a630138ede0,2026_04_IND_WAS,2026,4,2026-10-04T13:30:00Z,totals,OVER,2026-09-26T21:00:26.360329Z,2026-09-26T21:00:25.892304Z,2026-09-22T18:51:43.097248Z,bb86d96ac8c5a37027060695827d4ca64ef6cc1d2ef5b5808941c85556f173d5,,,,,,,,,,RETAIL_ONLY,2,,,,,,,,,UNAVAILABLE_FOR_BETTING,INELIGIBLE_PINNACLE_TWO_SIDED_CONTRACT_MISSING,PASS,MODEL_LOCKED_UNTESTED_2026;UNCERTAINTY_UNAVAILABLE_FOR_BETTING;INELIGIBLE_PINNACLE_TWO_SIDED_CONTRACT_MISSING;Feature store does not contain exactly two rows for the game,local:v11-prospective-observer,2026-09-26T21:00:26.360329Z,,1.1.0,f8e7cdc0e15a769d85d370d956f6fa21db7138df707f0622574ef2dc9801406b
295ef771731f6369e9543d362da920f0d30450e7d5ae910dcd563677137b8d0d,1.1.2,6590a4bbb77802175afa4c406de831d596569cbf2e1f596de7df0910f43e8fd5,e51f21289a5f63ada7c1746ad6385412db3f6a4e7fc3ba4e33e43fbdb6e9bf14,241bade8665d15f1855e8ed5cb5a8f8bc3dbb5e66c87d76b45ab5d76f1caa9f7,dffe8acdbd3e011d12e5e45e08331fd300f3b67f,214053eb-5084-4022-8817-4ddbbf933e60,c9d8ed8aa4889486eaf10a630138ede0,2026_04_IND_WAS,2026,4,2026-10-04T13:30:00Z,totals,OVER,2026-09-27T03:00:57.907341Z,2026-09-27T03:00:57.384540Z,2026-09-22T18:51:43.097248Z,bb86d96ac8c5a37027060695827d4ca64ef6cc1d2ef5b5808941c85556f173d5,,,,,,,,,,RETAIL_ONLY,2,,,,,,,,,UNAVAILABLE_FOR_BETTING,INELIGIBLE_PINNACLE_TWO_SIDED_CONTRACT_MISSING,PASS,MODEL_LOCKED_UNTESTED_2026;UNCERTAINTY_UNAVAILABLE_FOR_BETTING;INELIGIBLE_PINNACLE_TWO_SIDED_CONTRACT_MISSING;Feature store does not contain exactly two rows for the game,local:v11-prospective-observer,2026-09-27T03:00:57.907341Z,,1.1.0,aabbc27cc6a6ca6ff1f6bcf9f8d47fecea3d38c8a7db419e42c43441d56a8d9c
ae5687cd34040d4e48815137b2cc854d7bdc51f83fed08f62280965c11dcdaf9,challenger-0.2.0,5c8bf3ec348a261ab2c0ce94bd8cc315f754a8dc991c15c20d0d961d06997984,49fadb583b0dee0ba78c242826cb3e521cee0c4af2da837cfd5df18936598793,159ec87beb47e140832d992a80618f94b5cef5681c9d11c24e999ce1cad03b10,dffe8acdbd3e011d12e5e45e08331fd300f3b67f,214053eb-5084-4022-8817-4ddbbf933e60,c9d8ed8aa4889486eaf10a630138ede0,2026_04_IND_WAS,2026,4,2026-10-04T13:30:00Z,totals,OVER,2026-09-27T03:01:00.857309Z,2026-09-27T03:00:57.384540Z,2026-09-22T18:51:43.097248Z,3ecdbfbaf3290a1d0f9b9aee517e61634d37a7bdde41367b8b77ffdf6363f311,,,,,,,,,,RETAIL_ONLY,2,,,,,,,,,MODELED_DEVELOPMENT_MARGIN_SHADOW_ONLY,INELIGIBLE_PINNACLE_TWO_SIDED_CONTRACT_MISSING,PASS,EXPERIMENTAL_SHADOW_NO_STAKES;INELIGIBLE_PINNACLE_TWO_SIDED_CONTRACT_MISSING;Challenger feature/game rows are missing or duplicated,local:challenger+the-odds-api,2026-09-27T03:01:00.857309Z,,1.1.0,3cdf08cc62ab14845f8a5696b538d7815ae0129c7ff293974da8d16b055eb4eb
9929845ab0f029f594a9733837474674c5bce5fdcd0517701d79d435996883a3,1.1.2,6590a4bbb77802175afa4c406de831d596569cbf2e1f596de7df0910f43e8fd5,e51f21289a5f63ada7c1746ad6385412db3f6a4e7fc3ba4e33e43fbdb6e9bf14,241bade8665d15f1855e8ed5cb5a8f8bc3dbb5e66c87d76b45ab5d76f1caa9f7,b143eda428696625817bd7042b4cf3a453477386,e1878b61-7760-4e06-9ca0-bec5e38d131c,c9d8ed8aa4889486eaf10a630138ede0,2026_04_IND_WAS,2026,4,2026-10-04T13:30:00Z,totals,OVER,2026-09-27T12:45:22.508290Z,2026-09-27T12:45:22.019645Z,2026-09-22T18:51:43.097248Z,bb86d96ac8c5a37027060695827d4ca64ef6cc1d2ef5b5808941c85556f173d5,,,,,,,,,,RETAIL_ONLY,2,,,,,,,,,UNAVAILABLE_FOR_BETTING,INELIGIBLE_PINNACLE_TWO_SIDED_CONTRACT_MISSING,PASS,MODEL_LOCKED_UNTESTED_2026;UNCERTAINTY_UNAVAILABLE_FOR_BETTING;INELIGIBLE_PINNACLE_TWO_SIDED_CONTRACT_MISSING;Feature store does not contain exactly two rows for the game,local:v11-prospective-observer,2026-09-27T12:45:22.508290Z,,1.1.0,21361763f9bbc681d6d2c9fce9f94a7b835cad7f9f953f25bcd4007863ff8c9b
a8ab87866da62d3927d92685f263781480e0d209866a35cd8ef2be41878a2dbe,challenger-0.2.0,5c8bf3ec348a261ab2c0ce94bd8cc315f754a8dc991c15c20d0d961d06997984,49fadb583b0dee0ba78c242826cb3e521cee0c4af2da837cfd5df18936598793,159ec87beb47e140832d992a80618f94b5cef5681c9d11c24e999ce1cad03b10,b143eda428696625817bd7042b4cf3a453477386,e1878b61-7760-4e06-9ca0-bec5e38d131c,c9d8ed8aa4889486eaf10a630138ede0,2026_04_IND_WAS,2026,4,2026-10-04T13:30:00Z,totals,OVER,2026-09-27T12:45:25.295673Z,2026-09-27T12:45:22.019645Z,2026-09-22T18:51:43.097248Z,3ecdbfbaf3290a1d0f9b9aee517e61634d37a7bdde41367b8b77ffdf6363f311,,,,,,,,,,RETAIL_ONLY,2,,,,,,,,,MODELED_DEVELOPMENT_MARGIN_SHADOW_ONLY,INELIGIBLE_PINNACLE_TWO_SIDED_CONTRACT_MISSING,PASS,EXPERIMENTAL_SHADOW_NO_STAKES;INELIGIBLE_PINNACLE_TWO_SIDED_CONTRACT_MISSING;Challenger feature/game rows are missing or duplicated,local:challenger+the-odds-api,2026-09-27T12:45:25.295673Z,,1.1.0,4b5fd92cb12db17702f807d1a162ac2e9c7e16071c4b328c065ab84ca0b74217
992dd9cb997b767626815a2bd27c499fe3ab3337a7bed42550499697fdab1925,challenger-0.2.0,5c8bf3ec348a261ab2c0ce94bd8cc315f754a8dc991c15c20d0d961d06997984,49fadb583b0dee0ba78c242826cb3e521cee0c4af2da837cfd5df18936598793,159ec87beb47e140832d992a80618f94b5cef5681c9d11c24e999ce1cad03b10,c8df716c912e3f6e3b11d508f2988b51a9d4b5a7,d4b87e91-991a-4aa9-bfef-bc8de675e276,664e6bda5721dc63be16bcf7d962a436,2026_04_ARI_NYG,2026,4,2026-10-04T17:00:00Z,spreads,HOME,2026-09-23T13:00:24.484171Z,2026-09-23T13:00:21.551276Z,2026-09-22T18:51:43.097248Z,3ecdbfbaf3290a1d0f9b9aee517e61634d37a7bdde41367b8b77ffdf6363f311,,,,,,,,,,RETAIL_ONLY,2,,,,,,,,,MODELED_DEVELOPMENT_MARGIN_SHADOW_ONLY,INELIGIBLE_PINNACLE_TWO_SIDED_CONTRACT_MISSING,PASS,EXPERIMENTAL_SHADOW_NO_STAKES;INELIGIBLE_PINNACLE_TWO_SIDED_CONTRACT_MISSING;Challenger feature/game rows are missing or duplicated,local:challenger+the-odds-api,2026-09-23T13:00:24.484171Z,,1.1.0,972a48fb6a73f17f1e94caecd3df613fde2101e8ba54706bd6173d82471705ef
cc31c47e6bb231cd0de91d8aa4853fe6d44611cbec51769d141b86e655290eae,1.1.2,6590a4bbb77802175afa4c406de831d596569cbf2e1f596de7df0910f43e8fd5,e51f21289a5f63ada7c1746ad6385412db3f6a4e7fc3ba4e33e43fbdb6e9bf14,241bade8665d15f1855e8ed5cb5a8f8bc3dbb5e66c87d76b45ab5d76f1caa9f7,c8df716c912e3f6e3b11d508f2988b51a9d4b5a7,d4b87e91-991a-4aa9-bfef-bc8de675e276,664e6bda5721dc63be16bcf7d962a436,2026_04_ARI_NYG,2026,4,2026-10-04T17:00:00Z,spreads,HOME,2026-09-23T13:00:21.951453Z,2026-09-23T13:00:21.551276Z,2026-09-22T18:51:43.097248Z,bb86d96ac8c5a37027060695827d4ca64ef6cc1d2ef5b5808941c85556f173d5,,,,,,,,,,RETAIL_ONLY,2,,,,,,,,,UNAVAILABLE_FOR_BETTING,INELIGIBLE_PINNACLE_TWO_SIDED_CONTRACT_MISSING,PASS,MODEL_LOCKED_UNTESTED_2026;UNCERTAINTY_UNAVAILABLE_FOR_BETTING;INELIGIBLE_PINNACLE_TWO_SIDED_CONTRACT_MISSING;Feature store does not contain exactly two rows for the game,local:v11-prospective-observer,2026-09-23T13:00:21.951453Z,,1.1.0,b7c038fd0d2187300f486c6a2e04f115f84681957925b90b945c9b84cc09195b
0285fa9a243fa2450dff6b0511c0da7196270168bd9723411c2a04dd1049b26c,1.1.2,6590a4bbb77802175afa4c406de831d596569cbf2e1f596de7df0910f43e8fd5,e51f21289a5f63ada7c1746ad6385412db3f6a4e7fc3ba4e33e43fbdb6e9bf14,241bade8665d15f1855e8ed5cb5a8f8bc3dbb5e66c87d76b45ab5d76f1caa9f7,dffe8acdbd3e011d12e5e45e08331fd300f3b67f,d842d1fe-0de3-48ea-8341-bb9cfc6a6383,664e6bda5721dc63be16bcf7d962a436,2026_04_ARI_NYG,2026,4,2026-10-04T17:00:00Z,spreads,HOME,2026-09-24T16:00:22.882475Z,2026-09-24T16:00:22.454081Z,2026-09-22T18:51:43.097248Z,bb86d96ac8c5a37027060695827d4ca64ef6cc1d2ef5b5808941c85556f173d5,,,,,,,,,,RETAIL_ONLY,2,,,,,,,,,UNAVAILABLE_FOR_BETTING,INELIGIBLE_PINNACLE_TWO_SIDED_CONTRACT_MISSING,PASS,MODEL_LOCKED_UNTESTED_2026;UNCERTAINTY_UNAVAILABLE_FOR_BETTING;INELIGIBLE_PINNACLE_TWO_SIDED_CONTRACT_MISSING;Feature store does not contain exactly two rows for the game,local:v11-prospective-observer,2026-09-24T16:00:22.882475Z,,1.1.0,56ab7d84631b2acf0d90e1817496cc4348929936410493400b0aa1e3e0193937
52f0c19b0681788aa8449713190e949e6dafc4f63a3391c38c2916067a6d2072,challenger-0.2.0,5c8bf3ec348a261ab2c0ce94bd8cc315f754a8dc991c15c20d0d961d06997984,49fadb583b0dee0ba78c242826cb3e521cee0c4af2da837cfd5df18936598793,159ec87beb47e140832d992a80618f94b5cef5681c9d11c24e999ce1cad03b10,dffe8acdbd3e011d12e5e45e08331fd300f3b67f,d842d1fe-0de3-48ea-8341-bb9cfc6a6383,664e6bda5721dc63be16bcf7d962a436,2026_04_ARI_NYG,2026,4,2026-10-04T17:00:00Z,spreads,HOME,2026-09-24T16:00:25.607332Z,2026-09-24T16:00:22.454081Z,2026-09-22T18:51:43.097248Z,3ecdbfbaf3290a1d0f9b9aee517e61634d37a7bdde41367b8b77ffdf6363f311,,,,,,,,,,RETAIL_ONLY,2,,,,,,,,,MODELED_DEVELOPMENT_MARGIN_SHADOW_ONLY,INELIGIBLE_PINNACLE_TWO_SIDED_CONTRACT_MISSING,PASS,EXPERIMENTAL_SHADOW_NO_STAKES;INELIGIBLE_PINNACLE_TWO_SIDED_CONTRACT_MISSING;Challenger feature/game rows are missing or duplicated,local:challenger+the-odds-api,2026-09-24T16:00:25.607332Z,,1.1.0,dfb03264ac93e358cbb10057e0f7e05952d4418dc4a5244ddd23156fd9f815f6
ba53a018b604c472bd3981b5abfcc00aaeadd273aea35e1ebf52e3a64f4c34e4,1.1.2,6590a4bbb77802175afa4c406de831d596569cbf2e1f596de7df0910f43e8fd5,e51f21289a5f63ada7c1746ad6385412db3f6a4e7fc3ba4e33e43fbdb6e9bf14,241bade8665d15f1855e8ed5cb5a8f8bc3dbb5e66c87d76b45ab5d76f1caa9f7,dffe8acdbd3e011d12e5e45e08331fd300f3b67f,b7f8819c-86a9-428f-bb46-debf3999015c,664e6bda5721dc63be16bcf7d962a436,2026_04_ARI_NYG,2026,4,2026-10-04T17:00:00Z,spreads,HOME,2026-09-25T21:00:29.089372Z,2026-09-25T21:00:28.639096Z,2026-09-22T18:51:43.097248Z,bb86d96ac8c5a37027060695827d4ca64ef6cc1d2ef5b5808941c85556f173d5,,,,,,,,,,RETAIL_ONLY,2,,,,,,,,,UNAVAILABLE_FOR_BETTING,INELIGIBLE_PINNACLE_TWO_SIDED_CONTRACT_MISSING,PASS,MODEL_LOCKED_UNTESTED_2026;UNCERTAINTY_UNAVAILABLE_FOR_BETTING;INELIGIBLE_PINNACLE_TWO_SIDED_CONTRACT_MISSING;Feature store does not contain exactly two rows for the game,local:v11-prospective-observer,2026-09-25T21:00:29.089372Z,,1.1.0,59e02042accd599daa932bc645a63f97bf44be74c25109a8bc5d7fd7e2a5b535
c86017f5600bce44964118cf9b9a4750a73594feb6a95ff2a0aa90ffab7d1f0c,challenger-0.2.0,5c8bf3ec348a261ab2c0ce94bd8cc315f754a8dc991c15c20d0d961d06997984,49fadb583b0dee0ba78c242826cb3e521cee0c4af2da837cfd5df18936598793,159ec87beb47e140832d992a80618f94b5cef5681c9d11c24e999ce1cad03b10,dffe8acdbd3e011d12e5e45e08331fd300f3b67f,b7f8819c-86a9-428f-bb46-debf3999015c,664e6bda5721dc63be16bcf7d962a436,2026_04_ARI_NYG,2026,4,2026-10-04T17:00:00Z,spreads,HOME,2026-09-25T21:00:31.801654Z,2026-09-25T21:00:28.639096Z,2026-09-22T18:51:43.097248Z,3ecdbfbaf3290a1d0f9b9aee517e61634d37a7bdde41367b8b77ffdf6363f311,,,,,,,,,,RETAIL_ONLY,2,,,,,,,,,MODELED_DEVELOPMENT_MARGIN_SHADOW_ONLY,INELIGIBLE_PINNACLE_TWO_SIDED_CONTRACT_MISSING,PASS,EXPERIMENTAL_SHADOW_NO_STAKES;INELIGIBLE_PINNACLE_TWO_SIDED_CONTRACT_MISSING;Challenger feature/game rows are missing or duplicated,local:challenger+the-odds-api,2026-09-25T21:00:31.801654Z,,1.1.0,4e0da301891f8f82e9c7e7ceef97327a47cae132ae898ed658155bf4f43eac4a
035c5d68796df6f439ce4c93d6f7bb83b6eefe6a03e2c1a0efb7dfcc7179e9d9,1.1.2,6590a4bbb77802175afa4c406de831d596569cbf2e1f596de7df0910f43e8fd5,e51f21289a5f63ada7c1746ad6385412db3f6a4e7fc3ba4e33e43fbdb6e9bf14,241bade8665d15f1855e8ed5cb5a8f8bc3dbb5e66c87d76b45ab5d76f1caa9f7,dffe8acdbd3e011d12e5e45e08331fd300f3b67f,8b8b5771-d3ca-480c-9980-dac450e82c42,664e6bda5721dc63be16bcf7d962a436,2026_04_ARI_NYG,2026,4,2026-10-04T17:00:00Z,spreads,HOME,2026-09-26T13:00:27.689180Z,2026-09-26T13:00:27.208512Z,2026-09-22T18:51:43.097248Z,bb86d96ac8c5a37027060695827d4ca64ef6cc1d2ef5b5808941c85556f173d5,,,,,,,,,,RETAIL_ONLY,2,,,,,,,,,UNAVAILABLE_FOR_BETTING,INELIGIBLE_PINNACLE_TWO_SIDED_CONTRACT_MISSING,PASS,MODEL_LOCKED_UNTESTED_2026;UNCERTAINTY_UNAVAILABLE_FOR_BETTING;INELIGIBLE_PINNACLE_TWO_SIDED_CONTRACT_MISSING;Feature store does not contain exactly two rows for the game,local:v11-prospective-observer,2026-09-26T13:00:27.689180Z,,1.1.0,ad66e46666647d80819153daaa63dc423ff142aa4666f736b92ba7bc14fb608a
cce8c66bc7d36db2fba78e311053c6589078262f2f8c3b83c0d06c3b60191a7e,challenger-0.2.0,5c8bf3ec348a261ab2c0ce94bd8cc315f754a8dc991c15c20d0d961d06997984,49fadb583b0dee0ba78c242826cb3e521cee0c4af2da837cfd5df18936598793,159ec87beb47e140832d992a80618f94b5cef5681c9d11c24e999ce1cad03b10,dffe8acdbd3e011d12e5e45e08331fd300f3b67f,8b8b5771-d3ca-480c-9980-dac450e82c42,664e6bda5721dc63be16bcf7d962a436,2026_04_ARI_NYG,2026,4,2026-10-04T17:00:00Z,spreads,HOME,2026-09-26T13:00:30.675609Z,2026-09-26T13:00:27.208512Z,2026-09-22T18:51:43.097248Z,3ecdbfbaf3290a1d0f9b9aee517e61634d37a7bdde41367b8b77ffdf6363f311,,,,,,,,,,RETAIL_ONLY,2,,,,,,,,,MODELED_DEVELOPMENT_MARGIN_SHADOW_ONLY,INELIGIBLE_PINNACLE_TWO_SIDED_CONTRACT_MISSING,PASS,EXPERIMENTAL_SHADOW_NO_STAKES;INELIGIBLE_PINNACLE_TWO_SIDED_CONTRACT_MISSING;Challenger feature/game rows are missing or duplicated,local:challenger+the-odds-api,2026-09-26T13:00:30.675609Z,,1.1.0,164e1d4e3fcf8b60fa7fea2793df0e88b47dbe9ffed241b3861c836231b612cf
105760bd449bf774eaa09ded4722e54ae70d3842f7d3027af017bbd0fc1ecf73,1.1.2,6590a4bbb77802175afa4c406de831d596569cbf2e1f596de7df0910f43e8fd5,e51f21289a5f63ada7c1746ad6385412db3f6a4e7fc3ba4e33e43fbdb6e9bf14,241bade8665d15f1855e8ed5cb5a8f8bc3dbb5e66c87d76b45ab5d76f1caa9f7,dffe8acdbd3e011d12e5e45e08331fd300f3b67f,d2d710b1-c436-4180-8c43-56a6e84b5e0f,664e6bda5721dc63be16bcf7d962a436,2026_04_ARI_NYG,2026,4,2026-10-04T17:00:00Z,spreads,HOME,2026-09-26T21:00:26.360329Z,2026-09-26T21:00:25.892304Z,2026-09-22T18:51:43.097248Z,bb86d96ac8c5a37027060695827d4ca64ef6cc1d2ef5b5808941c85556f173d5,,,,,,,,,,RETAIL_ONLY,2,,,,,,,,,UNAVAILABLE_FOR_BETTING,INELIGIBLE_PINNACLE_TWO_SIDED_CONTRACT_MISSING,PASS,MODEL_LOCKED_UNTESTED_2026;UNCERTAINTY_UNAVAILABLE_FOR_BETTING;INELIGIBLE_PINNACLE_TWO_SIDED_CONTRACT_MISSING;Feature store does not contain exactly two rows for the game,local:v11-prospective-observer,2026-09-26T21:00:26.360329Z,,1.1.0,17563b0f5b8dcdb024baabc19a2ee0be9a1a0cfda232831b574dec11edcf9060
42fce5639de5d5e4d941ff95371acd437780ab16ced34be274e80119d62d8a46,challenger-0.2.0,5c8bf3ec348a261ab2c0ce94bd8cc315f754a8dc991c15c20d0d961d06997984,49fadb583b0dee0ba78c242826cb3e521cee0c4af2da837cfd5df18936598793,159ec87beb47e140832d992a80618f94b5cef5681c9d11c24e999ce1cad03b10,dffe8acdbd3e011d12e5e45e08331fd300f3b67f,d2d710b1-c436-4180-8c43-56a6e84b5e0f,664e6bda5721dc63be16bcf7d962a436,2026_04_ARI_NYG,2026,4,2026-10-04T17:00:00Z,spreads,HOME,2026-09-26T21:00:29.199963Z,2026-09-26T21:00:25.892304Z,2026-09-22T18:51:43.097248Z,3ecdbfbaf3290a1d0f9b9aee517e61634d37a7bdde41367b8b77ffdf6363f311,,,,,,,,,,RETAIL_ONLY,2,,,,,,,,,MODELED_DEVELOPMENT_MARGIN_SHADOW_ONLY,INELIGIBLE_PINNACLE_TWO_SIDED_CONTRACT_MISSING,PASS,EXPERIMENTAL_SHADOW_NO_STAKES;INELIGIBLE_PINNACLE_TWO_SIDED_CONTRACT_MISSING;Challenger feature/game rows are missing or duplicated,local:challenger+the-odds-api,2026-09-26T21:00:29.199963Z,,1.1.0,3aed343f6f03c6158f03bf03fedc8e754009f0ff7d470910e338da0c5d1f8386
094219a845e2ba41616323b61cc5567bd19285dcd77469d2c4e1da85737b03bc,1.1.2,6590a4bbb77802175afa4c406de831d596569cbf2e1f596de7df0910f43e8fd5,e51f21289a5f63ada7c1746ad6385412db3f6a4e7fc3ba4e33e43fbdb6e9bf14,241bade8665d15f1855e8ed5cb5a8f8bc3dbb5e66c87d76b45ab5d76f1caa9f7,dffe8acdbd3e011d12e5e45e08331fd300f3b67f,214053eb-5084-4022-8817-4ddbbf933e60,664e6bda5721dc63be16bcf7d962a436,2026_04_ARI_NYG,2026,4,2026-10-04T17:00:00Z,spreads,HOME,2026-09-27T03:00:57.907341Z,2026-09-27T03:00:57.384540Z,2026-09-22T18:51:43.097248Z,bb86d96ac8c5a37027060695827d4ca64ef6cc1d2ef5b5808941c85556f173d5,,,,,,,,,,RETAIL_ONLY,2,,,,,,,,,UNAVAILABLE_FOR_BETTING,INELIGIBLE_PINNACLE_TWO_SIDED_CONTRACT_MISSING,PASS,MODEL_LOCKED_UNTESTED_2026;UNCERTAINTY_UNAVAILABLE_FOR_BETTING;INELIGIBLE_PINNACLE_TWO_SIDED_CONTRACT_MISSING;Feature store does not contain exactly two rows for the game,local:v11-prospective-observer,2026-09-27T03:00:57.907341Z,,1.1.0,8d65d6158c8ad7afa8e012ddb6934e6fc6897a601a98c16e61150cb367cd65ae
3baefa313d913a43d198d5150d855814c58ed0c4a1c8a8c20be734679f79932e,challenger-0.2.0,5c8bf3ec348a261ab2c0ce94bd8cc315f754a8dc991c15c20d0d961d06997984,49fadb583b0dee0ba78c242826cb3e521cee0c4af2da837cfd5df18936598793,159ec87beb47e140832d992a80618f94b5cef5681c9d11c24e999ce1cad03b10,dffe8acdbd3e011d12e5e45e08331fd300f3b67f,214053eb-5084-4022-8817-4ddbbf933e60,664e6bda5721dc63be16bcf7d962a436,2026_04_ARI_NYG,2026,4,2026-10-04T17:00:00Z,spreads,HOME,2026-09-27T03:01:00.857309Z,2026-09-27T03:00:57.384540Z,2026-09-22T18:51:43.097248Z,3ecdbfbaf3290a1d0f9b9aee517e61634d37a7bdde41367b8b77ffdf6363f311,,,,,,,,,,RETAIL_ONLY,2,,,,,,,,,MODELED_DEVELOPMENT_MARGIN_SHADOW_ONLY,INELIGIBLE_PINNACLE_TWO_SIDED_CONTRACT_MISSING,PASS,EXPERIMENTAL_SHADOW_NO_STAKES;INELIGIBLE_PINNACLE_TWO_SIDED_CONTRACT_MISSING;Challenger feature/game rows are missing or duplicated,local:challenger+the-odds-api,2026-09-27T03:01:00.857309Z,,1.1.0,52c2d29c1446430d9d9d45faf8aaa147562374fb6dcc5960a09bff2a25266a44
d3846502e024e71ec2e0943cf8fe65f8dbce9572124a573967972019db864923,1.1.2,6590a4bbb77802175afa4c406de831d596569cbf2e1f596de7df0910f43e8fd5,e51f21289a5f63ada7c1746ad6385412db3f6a4e7fc3ba4e33e43fbdb6e9bf14,241bade8665d15f1855e8ed5cb5a8f8bc3dbb5e66c87d76b45ab5d76f1caa9f7,b143eda428696625817bd7042b4cf3a453477386,e1878b61-7760-4e06-9ca0-bec5e38d131c,664e6bda5721dc63be16bcf7d962a436,2026_04_ARI_NYG,2026,4,2026-10-04T17:00:00Z,spreads,HOME,2026-09-27T12:45:22.508290Z,2026-09-27T12:45:22.019645Z,2026-09-22T18:51:43.097248Z,bb86d96ac8c5a37027060695827d4ca64ef6cc1d2ef5b5808941c85556f173d5,,,,,,,,,,RETAIL_ONLY,2,,,,,,,,,UNAVAILABLE_FOR_BETTING,INELIGIBLE_PINNACLE_TWO_SIDED_CONTRACT_MISSING,PASS,MODEL_LOCKED_UNTESTED_2026;UNCERTAINTY_UNAVAILABLE_FOR_BETTING;INELIGIBLE_PINNACLE_TWO_SIDED_CONTRACT_MISSING;Feature store does not contain exactly two rows for the game,local:v11-prospective-observer,2026-09-27T12:45:22.508290Z,,1.1.0,69e350de437843439c02a31ac98768260b6aaf231bce90323da22908b9bce568
f53e7a6cd6c07ead692f1b4b2ca0c615ad035c67e61f1b1f5b5734f9c6bc177e,challenger-0.2.0,5c8bf3ec348a261ab2c0ce94bd8cc315f754a8dc991c15c20d0d961d06997984,49fadb583b0dee0ba78c242826cb3e521cee0c4af2da837cfd5df18936598793,159ec87beb47e140832d992a80618f94b5cef5681c9d11c24e999ce1cad03b10,b143eda428696625817bd7042b4cf3a453477386,e1878b61-7760-4e06-9ca0-bec5e38d131c,664e6bda5721dc63be16bcf7d962a436,2026_04_ARI_NYG,2026,4,2026-10-04T17:00:00Z,spreads,HOME,2026-09-27T12:45:25.295673Z,2026-09-27T12:45:22.019645Z,2026-09-22T18:51:43.097248Z,3ecdbfbaf3290a1d0f9b9aee517e61634d37a7bdde41367b8b77ffdf6363f311,,,,,,,,,,RETAIL_ONLY,2,,,,,,,,,MODELED_DEVELOPMENT_MARGIN_SHADOW_ONLY,INELIGIBLE_PINNACLE_TWO_SIDED_CONTRACT_MISSING,PASS,EXPERIMENTAL_SHADOW_NO_STAKES;INELIGIBLE_PINNACLE_TWO_SIDED_CONTRACT_MISSING;Challenger feature/game rows are missing or duplicated,local:challenger+the-odds-api,2026-09-27T12:45:25.295673Z,,1.1.0,574ea1860e7e4389f6778677e26443970b20d2347a3e202bc6880ae464f59c33
282d87598d49666b347550243576931e76b340b01fa9f1dc5321c270b569b439,challenger-0.2.0,5c8bf3ec348a261ab2c0ce94bd8cc315f754a8dc991c15c20d0d961d06997984,49fadb583b0dee0ba78c242826cb3e521cee0c4af2da837cfd5df18936598793,159ec87beb47e140832d992a80618f94b5cef5681c9d11c24e999ce1cad03b10,c8df716c912e3f6e3b11d508f2988b51a9d4b5a7,d4b87e91-991a-4aa9-bfef-bc8de675e276,664e6bda5721dc63be16bcf7d962a436,2026_04_ARI_NYG,2026,4,2026-10-04T17:00:00Z,totals,OVER,2026-09-23T13:00:24.484171Z,2026-09-23T13:00:21.551276Z,2026-09-22T18:51:43.097248Z,3ecdbfbaf3290a1d0f9b9aee517e61634d37a7bdde41367b8b77ffdf6363f311,,,,,,,,,,RETAIL_ONLY,2,,,,,,,,,MODELED_DEVELOPMENT_MARGIN_SHADOW_ONLY,INELIGIBLE_PINNACLE_TWO_SIDED_CONTRACT_MISSING,PASS,EXPERIMENTAL_SHADOW_NO_STAKES;INELIGIBLE_PINNACLE_TWO_SIDED_CONTRACT_MISSING;Challenger feature/game rows are missing or duplicated,local:challenger+the-odds-api,2026-09-23T13:00:24.484171Z,,1.1.0,844425e09935e3912b81be68daa1b1eb050dc3a05448eeaab4dcb594b76dea57
bfb422769b66b51882675bb569bc2d567b06a25b9bdbcf6c12571e448446ff91,1.1.2,6590a4bbb77802175afa4c406de831d596569cbf2e1f596de7df0910f43e8fd5,e51f21289a5f63ada7c1746ad6385412db3f6a4e7fc3ba4e33e43fbdb6e9bf14,241bade8665d15f1855e8ed5cb5a8f8bc3dbb5e66c87d76b45ab5d76f1caa9f7,c8df716c912e3f6e3b11d508f2988b51a9d4b5a7,d4b87e91-991a-4aa9-bfef-bc8de675e276,664e6bda5721dc63be16bcf7d962a436,2026_04_ARI_NYG,2026,4,2026-10-04T17:00:00Z,totals,OVER,2026-09-23T13:00:21.951453Z,2026-09-23T13:00:21.551276Z,2026-09-22T18:51:43.097248Z,bb86d96ac8c5a37027060695827d4ca64ef6cc1d2ef5b5808941c85556f173d5,,,,,,,,,,RETAIL_ONLY,2,,,,,,,,,UNAVAILABLE_FOR_BETTING,INELIGIBLE_PINNACLE_TWO_SIDED_CONTRACT_MISSING,PASS,MODEL_LOCKED_UNTESTED_2026;UNCERTAINTY_UNAVAILABLE_FOR_BETTING;INELIGIBLE_PINNACLE_TWO_SIDED_CONTRACT_MISSING;Feature store does not contain exactly two rows for the game,local:v11-prospective-observer,2026-09-23T13:00:21.951453Z,,1.1.0,e5ef0327cf9dd2a6eb7ed70fe2512fa581b2356d8bf8b29cfc0404a788b964d1
60c59b546389c6897e053d924fd348a8ef0647b540dc004ea2c1620d452501ee,1.1.2,6590a4bbb77802175afa4c406de831d596569cbf2e1f596de7df0910f43e8fd5,e51f21289a5f63ada7c1746ad6385412db3f6a4e7fc3ba4e33e43fbdb6e9bf14,241bade8665d15f1855e8ed5cb5a8f8bc3dbb5e66c87d76b45ab5d76f1caa9f7,dffe8acdbd3e011d12e5e45e08331fd300f3b67f,d842d1fe-0de3-48ea-8341-bb9cfc6a6383,664e6bda5721dc63be16bcf7d962a436,2026_04_ARI_NYG,2026,4,2026-10-04T17:00:00Z,totals,OVER,2026-09-24T16:00:22.882475Z,2026-09-24T16:00:22.454081Z,2026-09-22T18:51:43.097248Z,bb86d96ac8c5a37027060695827d4ca64ef6cc1d2ef5b5808941c85556f173d5,,,,,,,,,,RETAIL_ONLY,2,,,,,,,,,UNAVAILABLE_FOR_BETTING,INELIGIBLE_PINNACLE_TWO_SIDED_CONTRACT_MISSING,PASS,MODEL_LOCKED_UNTESTED_2026;UNCERTAINTY_UNAVAILABLE_FOR_BETTING;INELIGIBLE_PINNACLE_TWO_SIDED_CONTRACT_MISSING;Feature store does not contain exactly two rows for the game,local:v11-prospective-observer,2026-09-24T16:00:22.882475Z,,1.1.0,9a3e61a6f30fc4ebe12f178086c04ac5cffc73368bc2310a1d66701c4b9c0841
ac398e97f6424e155fd0a8c5ab9ede44699723d1a6d5333a93d83fbb31c6421e,challenger-0.2.0,5c8bf3ec348a261ab2c0ce94bd8cc315f754a8dc991c15c20d0d961d06997984,49fadb583b0dee0ba78c242826cb3e521cee0c4af2da837cfd5df18936598793,159ec87beb47e140832d992a80618f94b5cef5681c9d11c24e999ce1cad03b10,dffe8acdbd3e011d12e5e45e08331fd300f3b67f,d842d1fe-0de3-48ea-8341-bb9cfc6a6383,664e6bda5721dc63be16bcf7d962a436,2026_04_ARI_NYG,2026,4,2026-10-04T17:00:00Z,totals,OVER,2026-09-24T16:00:25.607332Z,2026-09-24T16:00:22.454081Z,2026-09-22T18:51:43.097248Z,3ecdbfbaf3290a1d0f9b9aee517e61634d37a7bdde41367b8b77ffdf6363f311,,,,,,,,,,RETAIL_ONLY,2,,,,,,,,,MODELED_DEVELOPMENT_MARGIN_SHADOW_ONLY,INELIGIBLE_PINNACLE_TWO_SIDED_CONTRACT_MISSING,PASS,EXPERIMENTAL_SHADOW_NO_STAKES;INELIGIBLE_PINNACLE_TWO_SIDED_CONTRACT_MISSING;Challenger feature/game rows are missing or duplicated,local:challenger+the-odds-api,2026-09-24T16:00:25.607332Z,,1.1.0,7066a33bfc132031859aab515331f11431638a151a744d5ebe31268cafaf1300
678d8281f747f3a95e0e5a4074c1a58ec38c4f44e167c6f090289d12abc24ed0,challenger-0.2.0,5c8bf3ec348a261ab2c0ce94bd8cc315f754a8dc991c15c20d0d961d06997984,49fadb583b0dee0ba78c242826cb3e521cee0c4af2da837cfd5df18936598793,159ec87beb47e140832d992a80618f94b5cef5681c9d11c24e999ce1cad03b10,dffe8acdbd3e011d12e5e45e08331fd300f3b67f,b7f8819c-86a9-428f-bb46-debf3999015c,664e6bda5721dc63be16bcf7d962a436,2026_04_ARI_NYG,2026,4,2026-10-04T17:00:00Z,totals,OVER,2026-09-25T21:00:31.801654Z,2026-09-25T21:00:28.639096Z,2026-09-22T18:51:43.097248Z,3ecdbfbaf3290a1d0f9b9aee517e61634d37a7bdde41367b8b77ffdf6363f311,,,,,,,,,,RETAIL_ONLY,2,,,,,,,,,MODELED_DEVELOPMENT_MARGIN_SHADOW_ONLY,INELIGIBLE_PINNACLE_TWO_SIDED_CONTRACT_MISSING,PASS,EXPERIMENTAL_SHADOW_NO_STAKES;INELIGIBLE_PINNACLE_TWO_SIDED_CONTRACT_MISSING;Challenger feature/game rows are missing or duplicated,local:challenger+the-odds-api,2026-09-25T21:00:31.801654Z,,1.1.0,08fc3ce6fbc3cbddd58ac625abc8216709d135e91966122acd30cb849cf2b6e7
f99def458c8bae6163ffa58529947929a199fc8430c19dd9700e9fdcf7428857,1.1.2,6590a4bbb77802175afa4c406de831d596569cbf2e1f596de7df0910f43e8fd5,e51f21289a5f63ada7c1746ad6385412db3f6a4e7fc3ba4e33e43fbdb6e9bf14,241bade8665d15f1855e8ed5cb5a8f8bc3dbb5e66c87d76b45ab5d76f1caa9f7,dffe8acdbd3e011d12e5e45e08331fd300f3b67f,b7f8819c-86a9-428f-bb46-debf3999015c,664e6bda5721dc63be16bcf7d962a436,2026_04_ARI_NYG,2026,4,2026-10-04T17:00:00Z,totals,OVER,2026-09-25T21:00:29.089372Z,2026-09-25T21:00:28.639096Z,2026-09-22T18:51:43.097248Z,bb86d96ac8c5a37027060695827d4ca64ef6cc1d2ef5b5808941c85556f173d5,,,,,,,,,,RETAIL_ONLY,2,,,,,,,,,UNAVAILABLE_FOR_BETTING,INELIGIBLE_PINNACLE_TWO_SIDED_CONTRACT_MISSING,PASS,MODEL_LOCKED_UNTESTED_2026;UNCERTAINTY_UNAVAILABLE_FOR_BETTING;INELIGIBLE_PINNACLE_TWO_SIDED_CONTRACT_MISSING;Feature store does not contain exactly two rows for the game,local:v11-prospective-observer,2026-09-25T21:00:29.089372Z,,1.1.0,a60750f154164fd9667c72abb9da64f40b76c68a3f105ae49eb275fe4778d40b
29e04d33da3c9d44d02645df766a28e0964114ebf4da0e0f46ee6004720a4cb6,challenger-0.2.0,5c8bf3ec348a261ab2c0ce94bd8cc315f754a8dc991c15c20d0d961d06997984,49fadb583b0dee0ba78c242826cb3e521cee0c4af2da837cfd5df18936598793,159ec87beb47e140832d992a80618f94b5cef5681c9d11c24e999ce1cad03b10,dffe8acdbd3e011d12e5e45e08331fd300f3b67f,8b8b5771-d3ca-480c-9980-dac450e82c42,664e6bda5721dc63be16bcf7d962a436,2026_04_ARI_NYG,2026,4,2026-10-04T17:00:00Z,totals,OVER,2026-09-26T13:00:30.675609Z,2026-09-26T13:00:27.208512Z,2026-09-22T18:51:43.097248Z,3ecdbfbaf3290a1d0f9b9aee517e61634d37a7bdde41367b8b77ffdf6363f311,,,,,,,,,,RETAIL_ONLY,2,,,,,,,,,MODELED_DEVELOPMENT_MARGIN_SHADOW_ONLY,INELIGIBLE_PINNACLE_TWO_SIDED_CONTRACT_MISSING,PASS,EXPERIMENTAL_SHADOW_NO_STAKES;INELIGIBLE_PINNACLE_TWO_SIDED_CONTRACT_MISSING;Challenger feature/game rows are missing or duplicated,local:challenger+the-odds-api,2026-09-26T13:00:30.675609Z,,1.1.0,7008f7cc9ad5ee907a361b8ba37147c292fb3d3e2da974cf15d8fa73763d1671
2eac0c08c329d40e847df60546568e37812afc30d96e441c9ff69d11826d161f,1.1.2,6590a4bbb77802175afa4c406de831d596569cbf2e1f596de7df0910f43e8fd5,e51f21289a5f63ada7c1746ad6385412db3f6a4e7fc3ba4e33e43fbdb6e9bf14,241bade8665d15f1855e8ed5cb5a8f8bc3dbb5e66c87d76b45ab5d76f1caa9f7,dffe8acdbd3e011d12e5e45e08331fd300f3b67f,8b8b5771-d3ca-480c-9980-dac450e82c42,664e6bda5721dc63be16bcf7d962a436,2026_04_ARI_NYG,2026,4,2026-10-04T17:00:00Z,totals,OVER,2026-09-26T13:00:27.689180Z,2026-09-26T13:00:27.208512Z,2026-09-22T18:51:43.097248Z,bb86d96ac8c5a37027060695827d4ca64ef6cc1d2ef5b5808941c85556f173d5,,,,,,,,,,RETAIL_ONLY,2,,,,,,,,,UNAVAILABLE_FOR_BETTING,INELIGIBLE_PINNACLE_TWO_SIDED_CONTRACT_MISSING,PASS,MODEL_LOCKED_UNTESTED_2026;UNCERTAINTY_UNAVAILABLE_FOR_BETTING;INELIGIBLE_PINNACLE_TWO_SIDED_CONTRACT_MISSING;Feature store does not contain exactly two rows for the game,local:v11-prospective-observer,2026-09-26T13:00:27.689180Z,,1.1.0,967debd88155aba47d13985dfa798a417613a8580db424b34d2b62ec936d0da0
b84df24d3b886648227e2fd91e3985a43f63443983d03b173537904be37d804f,challenger-0.2.0,5c8bf3ec348a261ab2c0ce94bd8cc315f754a8dc991c15c20d0d961d06997984,49fadb583b0dee0ba78c242826cb3e521cee0c4af2da837cfd5df18936598793,159ec87beb47e140832d992a80618f94b5cef5681c9d11c24e999ce1cad03b10,dffe8acdbd3e011d12e5e45e08331fd300f3b67f,d2d710b1-c436-4180-8c43-56a6e84b5e0f,664e6bda5721dc63be16bcf7d962a436,2026_04_ARI_NYG,2026,4,2026-10-04T17:00:00Z,totals,OVER,2026-09-26T21:00:29.199963Z,2026-09-26T21:00:25.892304Z,2026-09-22T18:51:43.097248Z,3ecdbfbaf3290a1d0f9b9aee517e61634d37a7bdde41367b8b77ffdf6363f311,,,,,,,,,,RETAIL_ONLY,2,,,,,,,,,MODELED_DEVELOPMENT_MARGIN_SHADOW_ONLY,INELIGIBLE_PINNACLE_TWO_SIDED_CONTRACT_MISSING,PASS,EXPERIMENTAL_SHADOW_NO_STAKES;INELIGIBLE_PINNACLE_TWO_SIDED_CONTRACT_MISSING;Challenger feature/game rows are missing or duplicated,local:challenger+the-odds-api,2026-09-26T21:00:29.199963Z,,1.1.0,51a36c9763ece0ed060f01786837010e4373f6de665753381ae544e3f773ae02
ffbe81b5ab6469f54052cf15627fcfcde25ea9e863afd468666662de9d49f002,1.1.2,6590a4bbb77802175afa4c406de831d596569cbf2e1f596de7df0910f43e8fd5,e51f21289a5f63ada7c1746ad6385412db3f6a4e7fc3ba4e33e43fbdb6e9bf14,241bade8665d15f1855e8ed5cb5a8f8bc3dbb5e66c87d76b45ab5d76f1caa9f7,dffe8acdbd3e011d12e5e45e08331fd300f3b67f,d2d710b1-c436-4180-8c43-56a6e84b5e0f,664e6bda5721dc63be16bcf7d962a436,2026_04_ARI_NYG,2026,4,2026-10-04T17:00:00Z,totals,OVER,2026-09-26T21:00:26.360329Z,2026-09-26T21:00:25.892304Z,2026-09-22T18:51:43.097248Z,bb86d96ac8c5a37027060695827d4ca64ef6cc1d2ef5b5808941c85556f173d5,,,,,,,,,,RETAIL_ONLY,2,,,,,,,,,UNAVAILABLE_FOR_BETTING,INELIGIBLE_PINNACLE_TWO_SIDED_CONTRACT_MISSING,PASS,MODEL_LOCKED_UNTESTED_2026;UNCERTAINTY_UNAVAILABLE_FOR_BETTING;INELIGIBLE_PINNACLE_TWO_SIDED_CONTRACT_MISSING;Feature store does not contain exactly two rows for the game,local:v11-prospective-observer,2026-09-26T21:00:26.360329Z,,1.1.0,784e2fca54cb5ffaa6fdf91bf6c85094d2e418735e07133b299d5c673340d862
35f400490d49fb7af24b999d23c1461073716f93d1dd6bdac8f074bf11801a93,1.1.2,6590a4bbb77802175afa4c406de831d596569cbf2e1f596de7df0910f43e8fd5,e51f21289a5f63ada7c1746ad6385412db3f6a4e7fc3ba4e33e43fbdb6e9bf14,241bade8665d15f1855e8ed5cb5a8f8bc3dbb5e66c87d76b45ab5d76f1caa9f7,dffe8acdbd3e011d12e5e45e08331fd300f3b67f,214053eb-5084-4022-8817-4ddbbf933e60,664e6bda5721dc63be16bcf7d962a436,2026_04_ARI_NYG,2026,4,2026-10-04T17:00:00Z,totals,OVER,2026-09-27T03:00:57.907341Z,2026-09-27T03:00:57.384540Z,2026-09-22T18:51:43.097248Z,bb86d96ac8c5a37027060695827d4ca64ef6cc1d2ef5b5808941c85556f173d5,,,,,,,,,,RETAIL_ONLY,2,,,,,,,,,UNAVAILABLE_FOR_BETTING,INELIGIBLE_PINNACLE_TWO_SIDED_CONTRACT_MISSING,PASS,MODEL_LOCKED_UNTESTED_2026;UNCERTAINTY_UNAVAILABLE_FOR_BETTING;INELIGIBLE_PINNACLE_TWO_SIDED_CONTRACT_MISSING;Feature store does not contain exactly two rows for the game,local:v11-prospective-observer,2026-09-27T03:00:57.907341Z,,1.1.0,30ecea2ffcafaede970cfea1b61253dbfc26bee823667a186e914d211083125d
4cf0eec8f3cfa8723acf066e9d9355fdc68a1b2073b81e0c819d16a29bc84038,challenger-0.2.0,5c8bf3ec348a261ab2c0ce94bd8cc315f754a8dc991c15c20d0d961d06997984,49fadb583b0dee0ba78c242826cb3e521cee0c4af2da837cfd5df18936598793,159ec87beb47e140832d992a80618f94b5cef5681c9d11c24e999ce1cad03b10,dffe8acdbd3e011d12e5e45e08331fd300f3b67f,214053eb-5084-4022-8817-4ddbbf933e60,664e6bda5721dc63be16bcf7d962a436,2026_04_ARI_NYG,2026,4,2026-10-04T17:00:00Z,totals,OVER,2026-09-27T03:01:00.857309Z,2026-09-27T03:00:57.384540Z,2026-09-22T18:51:43.097248Z,3ecdbfbaf3290a1d0f9b9aee517e61634d37a7bdde41367b8b77ffdf6363f311,,,,,,,,,,RETAIL_ONLY,2,,,,,,,,,MODELED_DEVELOPMENT_MARGIN_SHADOW_ONLY,INELIGIBLE_PINNACLE_TWO_SIDED_CONTRACT_MISSING,PASS,EXPERIMENTAL_SHADOW_NO_STAKES;INELIGIBLE_PINNACLE_TWO_SIDED_CONTRACT_MISSING;Challenger feature/game rows are missing or duplicated,local:challenger+the-odds-api,2026-09-27T03:01:00.857309Z,,1.1.0,33f39ddcabfecb560fde8f31bb00432721b7d726d3b2f57da43027b7d077e276
9181e8a4add692e2e28a392451a43636c1b356de869dedc7e8e9db3d4d2ddc13,1.1.2,6590a4bbb77802175afa4c406de831d596569cbf2e1f596de7df0910f43e8fd5,e51f21289a5f63ada7c1746ad6385412db3f6a4e7fc3ba4e33e43fbdb6e9bf14,241bade8665d15f1855e8ed5cb5a8f8bc3dbb5e66c87d76b45ab5d76f1caa9f7,b143eda428696625817bd7042b4cf3a453477386,e1878b61-7760-4e06-9ca0-bec5e38d131c,664e6bda5721dc63be16bcf7d962a436,2026_04_ARI_NYG,2026,4,2026-10-04T17:00:00Z,totals,OVER,2026-09-27T12:45:22.508290Z,2026-09-27T12:45:22.019645Z,2026-09-22T18:51:43.097248Z,bb86d96ac8c5a37027060695827d4ca64ef6cc1d2ef5b5808941c85556f173d5,,,,,,,,,,RETAIL_ONLY,2,,,,,,,,,UNAVAILABLE_FOR_BETTING,INELIGIBLE_PINNACLE_TWO_SIDED_CONTRACT_MISSING,PASS,MODEL_LOCKED_UNTESTED_2026;UNCERTAINTY_UNAVAILABLE_FOR_BETTING;INELIGIBLE_PINNACLE_TWO_SIDED_CONTRACT_MISSING;Feature store does not contain exactly two rows for the game,local:v11-prospective-observer,2026-09-27T12:45:22.508290Z,,1.1.0,48610923c0a4b955d27c00b1630c702b0fd438d26391c803372151359a15d425
ef5ff205b827cd950bf9781d2e006f249c51fae381af39d55c9ca4e4486da65f,challenger-0.2.0,5c8bf3ec348a261ab2c0ce94bd8cc315f754a8dc991c15c20d0d961d06997984,49fadb583b0dee0ba78c242826cb3e521cee0c4af2da837cfd5df18936598793,159ec87beb47e140832d992a80618f94b5cef5681c9d11c24e999ce1cad03b10,b143eda428696625817bd7042b4cf3a453477386,e1878b61-7760-4e06-9ca0-bec5e38d131c,664e6bda5721dc63be16bcf7d962a436,2026_04_ARI_NYG,2026,4,2026-10-04T17:00:00Z,totals,OVER,2026-09-27T12:45:25.295673Z,2026-09-27T12:45:22.019645Z,2026-09-22T18:51:43.097248Z,3ecdbfbaf3290a1d0f9b9aee517e61634d37a7bdde41367b8b77ffdf6363f311,,,,,,,,,,RETAIL_ONLY,2,,,,,,,,,MODELED_DEVELOPMENT_MARGIN_SHADOW_ONLY,INELIGIBLE_PINNACLE_TWO_SIDED_CONTRACT_MISSING,PASS,EXPERIMENTAL_SHADOW_NO_STAKES;INELIGIBLE_PINNACLE_TWO_SIDED_CONTRACT_MISSING;Challenger feature/game rows are missing or duplicated,local:challenger+the-odds-api,2026-09-27T12:45:25.295673Z,,1.1.0,7565ede216fcd81f9e765e54f64a21d6858981f08c7ff546fa5e280175041692
5f8ea524ac4e185261ace3c3226818a1ecf8997967810fc5e2e9dc8359e68ec7,1.1.2,6590a4bbb77802175afa4c406de831d596569cbf2e1f596de7df0910f43e8fd5,e51f21289a5f63ada7c1746ad6385412db3f6a4e7fc3ba4e33e43fbdb6e9bf14,241bade8665d15f1855e8ed5cb5a8f8bc3dbb5e66c87d76b45ab5d76f1caa9f7,c8df716c912e3f6e3b11d508f2988b51a9d4b5a7,d4b87e91-991a-4aa9-bfef-bc8de675e276,daf55e2df5341c007fee5a0fc5bbc2d4,2026_04_DAL_HOU,2026,4,2026-10-04T17:00:00Z,spreads,HOME,2026-09-23T13:00:21.951453Z,2026-09-23T13:00:21.551276Z,2026-09-22T18:51:43.097248Z,bb86d96ac8c5a37027060695827d4ca64ef6cc1d2ef5b5808941c85556f173d5,,,,,,,,,,RETAIL_ONLY,2,,,,,,,,,UNAVAILABLE_FOR_BETTING,INELIGIBLE_PINNACLE_TWO_SIDED_CONTRACT_MISSING,PASS,MODEL_LOCKED_UNTESTED_2026;UNCERTAINTY_UNAVAILABLE_FOR_BETTING;INELIGIBLE_PINNACLE_TWO_SIDED_CONTRACT_MISSING;Feature store does not contain exactly two rows for the game,local:v11-prospective-observer,2026-09-23T13:00:21.951453Z,,1.1.0,c86a6cdf2e53938a68c753d3b0d5260dc0d985968fd7adb8eb0d0f0f647fe756
66f2368c864827f95147df2ec82b72d806d1cf442214d082b39171c59188b06e,challenger-0.2.0,5c8bf3ec348a261ab2c0ce94bd8cc315f754a8dc991c15c20d0d961d06997984,49fadb583b0dee0ba78c242826cb3e521cee0c4af2da837cfd5df18936598793,159ec87beb47e140832d992a80618f94b5cef5681c9d11c24e999ce1cad03b10,c8df716c912e3f6e3b11d508f2988b51a9d4b5a7,d4b87e91-991a-4aa9-bfef-bc8de675e276,daf55e2df5341c007fee5a0fc5bbc2d4,2026_04_DAL_HOU,2026,4,2026-10-04T17:00:00Z,spreads,HOME,2026-09-23T13:00:24.484171Z,2026-09-23T13:00:21.551276Z,2026-09-22T18:51:43.097248Z,3ecdbfbaf3290a1d0f9b9aee517e61634d37a7bdde41367b8b77ffdf6363f311,,,,,,,,,,RETAIL_ONLY,2,,,,,,,,,MODELED_DEVELOPMENT_MARGIN_SHADOW_ONLY,INELIGIBLE_PINNACLE_TWO_SIDED_CONTRACT_MISSING,PASS,EXPERIMENTAL_SHADOW_NO_STAKES;INELIGIBLE_PINNACLE_TWO_SIDED_CONTRACT_MISSING;Challenger feature/game rows are missing or duplicated,local:challenger+the-odds-api,2026-09-23T13:00:24.484171Z,,1.1.0,ef44d51177a4d2270a77c2ca71d87f2b8ce5d6e5d82a9e6c9a952c9d02064a5c
72cc2fa1856acd20f9c97200c6fbe1f9e5ab647e8a654b9a4119ae912f9d2376,1.1.2,6590a4bbb77802175afa4c406de831d596569cbf2e1f596de7df0910f43e8fd5,e51f21289a5f63ada7c1746ad6385412db3f6a4e7fc3ba4e33e43fbdb6e9bf14,241bade8665d15f1855e8ed5cb5a8f8bc3dbb5e66c87d76b45ab5d76f1caa9f7,dffe8acdbd3e011d12e5e45e08331fd300f3b67f,d842d1fe-0de3-48ea-8341-bb9cfc6a6383,daf55e2df5341c007fee5a0fc5bbc2d4,2026_04_DAL_HOU,2026,4,2026-10-04T17:00:00Z,spreads,HOME,2026-09-24T16:00:22.882475Z,2026-09-24T16:00:22.454081Z,2026-09-22T18:51:43.097248Z,bb86d96ac8c5a37027060695827d4ca64ef6cc1d2ef5b5808941c85556f173d5,,,,,,,,,,RETAIL_ONLY,2,,,,,,,,,UNAVAILABLE_FOR_BETTING,INELIGIBLE_PINNACLE_TWO_SIDED_CONTRACT_MISSING,PASS,MODEL_LOCKED_UNTESTED_2026;UNCERTAINTY_UNAVAILABLE_FOR_BETTING;INELIGIBLE_PINNACLE_TWO_SIDED_CONTRACT_MISSING;Feature store does not contain exactly two rows for the game,local:v11-prospective-observer,2026-09-24T16:00:22.882475Z,,1.1.0,46768362b93c837a98438a6e6bc37b76c340131a9320be86bbf7cd0d5300fc3a
a6ba9014a9d234676a67f485dc5eb1f3261799200e021266acfba51ca4275239,challenger-0.2.0,5c8bf3ec348a261ab2c0ce94bd8cc315f754a8dc991c15c20d0d961d06997984,49fadb583b0dee0ba78c242826cb3e521cee0c4af2da837cfd5df18936598793,159ec87beb47e140832d992a80618f94b5cef5681c9d11c24e999ce1cad03b10,dffe8acdbd3e011d12e5e45e08331fd300f3b67f,d842d1fe-0de3-48ea-8341-bb9cfc6a6383,daf55e2df5341c007fee5a0fc5bbc2d4,2026_04_DAL_HOU,2026,4,2026-10-04T17:00:00Z,spreads,HOME,2026-09-24T16:00:25.607332Z,2026-09-24T16:00:22.454081Z,2026-09-22T18:51:43.097248Z,3ecdbfbaf3290a1d0f9b9aee517e61634d37a7bdde41367b8b77ffdf6363f311,,,,,,,,,,RETAIL_ONLY,2,,,,,,,,,MODELED_DEVELOPMENT_MARGIN_SHADOW_ONLY,INELIGIBLE_PINNACLE_TWO_SIDED_CONTRACT_MISSING,PASS,EXPERIMENTAL_SHADOW_NO_STAKES;INELIGIBLE_PINNACLE_TWO_SIDED_CONTRACT_MISSING;Challenger feature/game rows are missing or duplicated,local:challenger+the-odds-api,2026-09-24T16:00:25.607332Z,,1.1.0,fbb8a28bbfd49385472e329cb5b2d6abf8ebe7380f4f25aeeb6d174a035bda1c
562a5cf57756e60e427d30c9b4de64da879570e3b1e614150a85a5e02ab2a306,challenger-0.2.0,5c8bf3ec348a261ab2c0ce94bd8cc315f754a8dc991c15c20d0d961d06997984,49fadb583b0dee0ba78c242826cb3e521cee0c4af2da837cfd5df18936598793,159ec87beb47e140832d992a80618f94b5cef5681c9d11c24e999ce1cad03b10,dffe8acdbd3e011d12e5e45e08331fd300f3b67f,b7f8819c-86a9-428f-bb46-debf3999015c,daf55e2df5341c007fee5a0fc5bbc2d4,2026_04_DAL_HOU,2026,4,2026-10-04T17:00:00Z,spreads,HOME,2026-09-25T21:00:31.801654Z,2026-09-25T21:00:28.639096Z,2026-09-22T18:51:43.097248Z,3ecdbfbaf3290a1d0f9b9aee517e61634d37a7bdde41367b8b77ffdf6363f311,,,,,,,,,,RETAIL_ONLY,2,,,,,,,,,MODELED_DEVELOPMENT_MARGIN_SHADOW_ONLY,INELIGIBLE_PINNACLE_TWO_SIDED_CONTRACT_MISSING,PASS,EXPERIMENTAL_SHADOW_NO_STAKES;INELIGIBLE_PINNACLE_TWO_SIDED_CONTRACT_MISSING;Challenger feature/game rows are missing or duplicated,local:challenger+the-odds-api,2026-09-25T21:00:31.801654Z,,1.1.0,b6cca6682612bb00d4887950657e373601eb717c6a77e2478350f74d8832e73a
96e2b6b20c9df58c5fe017d4d7423570597d41ffb3cf79df899980e065eddcba,1.1.2,6590a4bbb77802175afa4c406de831d596569cbf2e1f596de7df0910f43e8fd5,e51f21289a5f63ada7c1746ad6385412db3f6a4e7fc3ba4e33e43fbdb6e9bf14,241bade8665d15f1855e8ed5cb5a8f8bc3dbb5e66c87d76b45ab5d76f1caa9f7,dffe8acdbd3e011d12e5e45e08331fd300f3b67f,b7f8819c-86a9-428f-bb46-debf3999015c,daf55e2df5341c007fee5a0fc5bbc2d4,2026_04_DAL_HOU,2026,4,2026-10-04T17:00:00Z,spreads,HOME,2026-09-25T21:00:29.089372Z,2026-09-25T21:00:28.639096Z,2026-09-22T18:51:43.097248Z,bb86d96ac8c5a37027060695827d4ca64ef6cc1d2ef5b5808941c85556f173d5,,,,,,,,,,RETAIL_ONLY,2,,,,,,,,,UNAVAILABLE_FOR_BETTING,INELIGIBLE_PINNACLE_TWO_SIDED_CONTRACT_MISSING,PASS,MODEL_LOCKED_UNTESTED_2026;UNCERTAINTY_UNAVAILABLE_FOR_BETTING;INELIGIBLE_PINNACLE_TWO_SIDED_CONTRACT_MISSING;Feature store does not contain exactly two rows for the game,local:v11-prospective-observer,2026-09-25T21:00:29.089372Z,,1.1.0,2d29a2e032cfe376d3a7dd53d774d78cb163084c4b9020820fb5dac27c32ad97
cd956815fac866d7349074fe01630b9894dac82d30fdee54dc1ecd8f1024b3fd,1.1.2,6590a4bbb77802175afa4c406de831d596569cbf2e1f596de7df0910f43e8fd5,e51f21289a5f63ada7c1746ad6385412db3f6a4e7fc3ba4e33e43fbdb6e9bf14,241bade8665d15f1855e8ed5cb5a8f8bc3dbb5e66c87d76b45ab5d76f1caa9f7,dffe8acdbd3e011d12e5e45e08331fd300f3b67f,8b8b5771-d3ca-480c-9980-dac450e82c42,daf55e2df5341c007fee5a0fc5bbc2d4,2026_04_DAL_HOU,2026,4,2026-10-04T17:00:00Z,spreads,HOME,2026-09-26T13:00:27.689180Z,2026-09-26T13:00:27.208512Z,2026-09-22T18:51:43.097248Z,bb86d96ac8c5a37027060695827d4ca64ef6cc1d2ef5b5808941c85556f173d5,,,,,,,,,,RETAIL_ONLY,2,,,,,,,,,UNAVAILABLE_FOR_BETTING,INELIGIBLE_PINNACLE_TWO_SIDED_CONTRACT_MISSING,PASS,MODEL_LOCKED_UNTESTED_2026;UNCERTAINTY_UNAVAILABLE_FOR_BETTING;INELIGIBLE_PINNACLE_TWO_SIDED_CONTRACT_MISSING;Feature store does not contain exactly two rows for the game,local:v11-prospective-observer,2026-09-26T13:00:27.689180Z,,1.1.0,98fb815eb9e8281249d041ea28b879c83aebd98d0f75360b9a6b0038d4413d9d
fc9acecea07ea39909e0e728512369fd28724109a4a3e324e7efc448196ff10a,challenger-0.2.0,5c8bf3ec348a261ab2c0ce94bd8cc315f754a8dc991c15c20d0d961d06997984,49fadb583b0dee0ba78c242826cb3e521cee0c4af2da837cfd5df18936598793,159ec87beb47e140832d992a80618f94b5cef5681c9d11c24e999ce1cad03b10,dffe8acdbd3e011d12e5e45e08331fd300f3b67f,8b8b5771-d3ca-480c-9980-dac450e82c42,daf55e2df5341c007fee5a0fc5bbc2d4,2026_04_DAL_HOU,2026,4,2026-10-04T17:00:00Z,spreads,HOME,2026-09-26T13:00:30.675609Z,2026-09-26T13:00:27.208512Z,2026-09-22T18:51:43.097248Z,3ecdbfbaf3290a1d0f9b9aee517e61634d37a7bdde41367b8b77ffdf6363f311,,,,,,,,,,RETAIL_ONLY,2,,,,,,,,,MODELED_DEVELOPMENT_MARGIN_SHADOW_ONLY,INELIGIBLE_PINNACLE_TWO_SIDED_CONTRACT_MISSING,PASS,EXPERIMENTAL_SHADOW_NO_STAKES;INELIGIBLE_PINNACLE_TWO_SIDED_CONTRACT_MISSING;Challenger feature/game rows are missing or duplicated,local:challenger+the-odds-api,2026-09-26T13:00:30.675609Z,,1.1.0,6c18d0668ccf6a3735c38df4c4862df98ac3739a4acac2c19c891a93622674da
2c3e73b1ed84313a61fb0e61dea49b31f06307d469acaca5d2dd15a7b4ba599a,challenger-0.2.0,5c8bf3ec348a261ab2c0ce94bd8cc315f754a8dc991c15c20d0d961d06997984,49fadb583b0dee0ba78c242826cb3e521cee0c4af2da837cfd5df18936598793,159ec87beb47e140832d992a80618f94b5cef5681c9d11c24e999ce1cad03b10,dffe8acdbd3e011d12e5e45e08331fd300f3b67f,d2d710b1-c436-4180-8c43-56a6e84b5e0f,daf55e2df5341c007fee5a0fc5bbc2d4,2026_04_DAL_HOU,2026,4,2026-10-04T17:00:00Z,spreads,HOME,2026-09-26T21:00:29.199963Z,2026-09-26T21:00:25.892304Z,2026-09-22T18:51:43.097248Z,3ecdbfbaf3290a1d0f9b9aee517e61634d37a7bdde41367b8b77ffdf6363f311,,,,,,,,,,RETAIL_ONLY,2,,,,,,,,,MODELED_DEVELOPMENT_MARGIN_SHADOW_ONLY,INELIGIBLE_PINNACLE_TWO_SIDED_CONTRACT_MISSING,PASS,EXPERIMENTAL_SHADOW_NO_STAKES;INELIGIBLE_PINNACLE_TWO_SIDED_CONTRACT_MISSING;Challenger feature/game rows are missing or duplicated,local:challenger+the-odds-api,2026-09-26T21:00:29.199963Z,,1.1.0,938356bb2676d0484e7a538bb964eaf528b179755ab077928a4b091570b66f5d
7a045939546341caa0a331dad17fa51c81a276592fa6e5d3430f176622a5c50a,1.1.2,6590a4bbb77802175afa4c406de831d596569cbf2e1f596de7df0910f43e8fd5,e51f21289a5f63ada7c1746ad6385412db3f6a4e7fc3ba4e33e43fbdb6e9bf14,241bade8665d15f1855e8ed5cb5a8f8bc3dbb5e66c87d76b45ab5d76f1caa9f7,dffe8acdbd3e011d12e5e45e08331fd300f3b67f,d2d710b1-c436-4180-8c43-56a6e84b5e0f,daf55e2df5341c007fee5a0fc5bbc2d4,2026_04_DAL_HOU,2026,4,2026-10-04T17:00:00Z,spreads,HOME,2026-09-26T21:00:26.360329Z,2026-09-26T21:00:25.892304Z,2026-09-22T18:51:43.097248Z,bb86d96ac8c5a37027060695827d4ca64ef6cc1d2ef5b5808941c85556f173d5,,,,,,,,,,RETAIL_ONLY,2,,,,,,,,,UNAVAILABLE_FOR_BETTING,INELIGIBLE_PINNACLE_TWO_SIDED_CONTRACT_MISSING,PASS,MODEL_LOCKED_UNTESTED_2026;UNCERTAINTY_UNAVAILABLE_FOR_BETTING;INELIGIBLE_PINNACLE_TWO_SIDED_CONTRACT_MISSING;Feature store does not contain exactly two rows for the game,local:v11-prospective-observer,2026-09-26T21:00:26.360329Z,,1.1.0,f5e4e52dc95073aef7ffcc5e0f74968fb541a68803628200932ee16a10400f7b
2c3ab5b83855ebe6babca613d9c272271bd706eaa87ca4d42dcd25f20500429f,1.1.2,6590a4bbb77802175afa4c406de831d596569cbf2e1f596de7df0910f43e8fd5,e51f21289a5f63ada7c1746ad6385412db3f6a4e7fc3ba4e33e43fbdb6e9bf14,241bade8665d15f1855e8ed5cb5a8f8bc3dbb5e66c87d76b45ab5d76f1caa9f7,dffe8acdbd3e011d12e5e45e08331fd300f3b67f,214053eb-5084-4022-8817-4ddbbf933e60,daf55e2df5341c007fee5a0fc5bbc2d4,2026_04_DAL_HOU,2026,4,2026-10-04T17:00:00Z,spreads,HOME,2026-09-27T03:00:57.907341Z,2026-09-27T03:00:57.384540Z,2026-09-22T18:51:43.097248Z,bb86d96ac8c5a37027060695827d4ca64ef6cc1d2ef5b5808941c85556f173d5,,,,,,,,,,RETAIL_ONLY,2,,,,,,,,,UNAVAILABLE_FOR_BETTING,INELIGIBLE_PINNACLE_TWO_SIDED_CONTRACT_MISSING,PASS,MODEL_LOCKED_UNTESTED_2026;UNCERTAINTY_UNAVAILABLE_FOR_BETTING;INELIGIBLE_PINNACLE_TWO_SIDED_CONTRACT_MISSING;Feature store does not contain exactly two rows for the game,local:v11-prospective-observer,2026-09-27T03:00:57.907341Z,,1.1.0,ddd48a43f9cf5895873b2069f452411db6270da715e95a6341a4f86dcfecafe3
9c9f2416e10d0ac15eb36d18b3c484206a7682393be448a8969663da110f22c1,challenger-0.2.0,5c8bf3ec348a261ab2c0ce94bd8cc315f754a8dc991c15c20d0d961d06997984,49fadb583b0dee0ba78c242826cb3e521cee0c4af2da837cfd5df18936598793,159ec87beb47e140832d992a80618f94b5cef5681c9d11c24e999ce1cad03b10,dffe8acdbd3e011d12e5e45e08331fd300f3b67f,214053eb-5084-4022-8817-4ddbbf933e60,daf55e2df5341c007fee5a0fc5bbc2d4,2026_04_DAL_HOU,2026,4,2026-10-04T17:00:00Z,spreads,HOME,2026-09-27T03:01:00.857309Z,2026-09-27T03:00:57.384540Z,2026-09-22T18:51:43.097248Z,3ecdbfbaf3290a1d0f9b9aee517e61634d37a7bdde41367b8b77ffdf6363f311,,,,,,,,,,RETAIL_ONLY,2,,,,,,,,,MODELED_DEVELOPMENT_MARGIN_SHADOW_ONLY,INELIGIBLE_PINNACLE_TWO_SIDED_CONTRACT_MISSING,PASS,EXPERIMENTAL_SHADOW_NO_STAKES;INELIGIBLE_PINNACLE_TWO_SIDED_CONTRACT_MISSING;Challenger feature/game rows are missing or duplicated,local:challenger+the-odds-api,2026-09-27T03:01:00.857309Z,,1.1.0,b3cb19f4bd5f507b5bcaeb60a6a66710d5bc0f1ec0c571c435a82e75e89f8ed6
7d6d92244264dba8cf9c9b501cf53081d2ec2140e2373921565c1ecc5844d144,challenger-0.2.0,5c8bf3ec348a261ab2c0ce94bd8cc315f754a8dc991c15c20d0d961d06997984,49fadb583b0dee0ba78c242826cb3e521cee0c4af2da837cfd5df18936598793,159ec87beb47e140832d992a80618f94b5cef5681c9d11c24e999ce1cad03b10,b143eda428696625817bd7042b4cf3a453477386,e1878b61-7760-4e06-9ca0-bec5e38d131c,daf55e2df5341c007fee5a0fc5bbc2d4,2026_04_DAL_HOU,2026,4,2026-10-04T17:00:00Z,spreads,HOME,2026-09-27T12:45:25.295673Z,2026-09-27T12:45:22.019645Z,2026-09-22T18:51:43.097248Z,3ecdbfbaf3290a1d0f9b9aee517e61634d37a7bdde41367b8b77ffdf6363f311,,,,,,,,,,RETAIL_ONLY,2,,,,,,,,,MODELED_DEVELOPMENT_MARGIN_SHADOW_ONLY,INELIGIBLE_PINNACLE_TWO_SIDED_CONTRACT_MISSING,PASS,EXPERIMENTAL_SHADOW_NO_STAKES;INELIGIBLE_PINNACLE_TWO_SIDED_CONTRACT_MISSING;Challenger feature/game rows are missing or duplicated,local:challenger+the-odds-api,2026-09-27T12:45:25.295673Z,,1.1.0,3786b34b088669d9cca0e6971994e83be8be5cbfb49a2346a739f9a6ad466a1d
f13f3ebe168599b6fd5e00c02b6d6b9ea47c065b07fefe22073c5aaf2202ec03,1.1.2,6590a4bbb77802175afa4c406de831d596569cbf2e1f596de7df0910f43e8fd5,e51f21289a5f63ada7c1746ad6385412db3f6a4e7fc3ba4e33e43fbdb6e9bf14,241bade8665d15f1855e8ed5cb5a8f8bc3dbb5e66c87d76b45ab5d76f1caa9f7,b143eda428696625817bd7042b4cf3a453477386,e1878b61-7760-4e06-9ca0-bec5e38d131c,daf55e2df5341c007fee5a0fc5bbc2d4,2026_04_DAL_HOU,2026,4,2026-10-04T17:00:00Z,spreads,HOME,2026-09-27T12:45:22.508290Z,2026-09-27T12:45:22.019645Z,2026-09-22T18:51:43.097248Z,bb86d96ac8c5a37027060695827d4ca64ef6cc1d2ef5b5808941c85556f173d5,,,,,,,,,,RETAIL_ONLY,2,,,,,,,,,UNAVAILABLE_FOR_BETTING,INELIGIBLE_PINNACLE_TWO_SIDED_CONTRACT_MISSING,PASS,MODEL_LOCKED_UNTESTED_2026;UNCERTAINTY_UNAVAILABLE_FOR_BETTING;INELIGIBLE_PINNACLE_TWO_SIDED_CONTRACT_MISSING;Feature store does not contain exactly two rows for the game,local:v11-prospective-observer,2026-09-27T12:45:22.508290Z,,1.1.0,9343be3449af340c030c5b3f83b6d73c3c8c385c709ab7967f841c0265c0bd82
8871a6c406a8b25f5eac0350e5af4b73ac459f0197d554772dc5068924658bff,1.1.2,6590a4bbb77802175afa4c406de831d596569cbf2e1f596de7df0910f43e8fd5,e51f21289a5f63ada7c1746ad6385412db3f6a4e7fc3ba4e33e43fbdb6e9bf14,241bade8665d15f1855e8ed5cb5a8f8bc3dbb5e66c87d76b45ab5d76f1caa9f7,c8df716c912e3f6e3b11d508f2988b51a9d4b5a7,d4b87e91-991a-4aa9-bfef-bc8de675e276,daf55e2df5341c007fee5a0fc5bbc2d4,2026_04_DAL_HOU,2026,4,2026-10-04T17:00:00Z,totals,OVER,2026-09-23T13:00:21.951453Z,2026-09-23T13:00:21.551276Z,2026-09-22T18:51:43.097248Z,bb86d96ac8c5a37027060695827d4ca64ef6cc1d2ef5b5808941c85556f173d5,,,,,,,,,,RETAIL_ONLY,2,,,,,,,,,UNAVAILABLE_FOR_BETTING,INELIGIBLE_PINNACLE_TWO_SIDED_CONTRACT_MISSING,PASS,MODEL_LOCKED_UNTESTED_2026;UNCERTAINTY_UNAVAILABLE_FOR_BETTING;INELIGIBLE_PINNACLE_TWO_SIDED_CONTRACT_MISSING;Feature store does not contain exactly two rows for the game,local:v11-prospective-observer,2026-09-23T13:00:21.951453Z,,1.1.0,ae0ad53cdbe8bd9075a95ba505601a179e5920a686ff82d366665925694fadd3
a7852ef716766153cbc57fb0782755e051b488a04cd194ae2c35db46439a9b4a,challenger-0.2.0,5c8bf3ec348a261ab2c0ce94bd8cc315f754a8dc991c15c20d0d961d06997984,49fadb583b0dee0ba78c242826cb3e521cee0c4af2da837cfd5df18936598793,159ec87beb47e140832d992a80618f94b5cef5681c9d11c24e999ce1cad03b10,c8df716c912e3f6e3b11d508f2988b51a9d4b5a7,d4b87e91-991a-4aa9-bfef-bc8de675e276,daf55e2df5341c007fee5a0fc5bbc2d4,2026_04_DAL_HOU,2026,4,2026-10-04T17:00:00Z,totals,OVER,2026-09-23T13:00:24.484171Z,2026-09-23T13:00:21.551276Z,2026-09-22T18:51:43.097248Z,3ecdbfbaf3290a1d0f9b9aee517e61634d37a7bdde41367b8b77ffdf6363f311,,,,,,,,,,RETAIL_ONLY,2,,,,,,,,,MODELED_DEVELOPMENT_MARGIN_SHADOW_ONLY,INELIGIBLE_PINNACLE_TWO_SIDED_CONTRACT_MISSING,PASS,EXPERIMENTAL_SHADOW_NO_STAKES;INELIGIBLE_PINNACLE_TWO_SIDED_CONTRACT_MISSING;Challenger feature/game rows are missing or duplicated,local:challenger+the-odds-api,2026-09-23T13:00:24.484171Z,,1.1.0,75175d68b79723b56f897a421ab279b7b3be4d5a24d43378ab062cbb6fc5df85
3adcdf47eaa73cc8d06ac82044cffa368496d99f32d5335669e77d6c0507e4c8,1.1.2,6590a4bbb77802175afa4c406de831d596569cbf2e1f596de7df0910f43e8fd5,e51f21289a5f63ada7c1746ad6385412db3f6a4e7fc3ba4e33e43fbdb6e9bf14,241bade8665d15f1855e8ed5cb5a8f8bc3dbb5e66c87d76b45ab5d76f1caa9f7,dffe8acdbd3e011d12e5e45e08331fd300f3b67f,d842d1fe-0de3-48ea-8341-bb9cfc6a6383,daf55e2df5341c007fee5a0fc5bbc2d4,2026_04_DAL_HOU,2026,4,2026-10-04T17:00:00Z,totals,OVER,2026-09-24T16:00:22.882475Z,2026-09-24T16:00:22.454081Z,2026-09-22T18:51:43.097248Z,bb86d96ac8c5a37027060695827d4ca64ef6cc1d2ef5b5808941c85556f173d5,,,,,,,,,,RETAIL_ONLY,2,,,,,,,,,UNAVAILABLE_FOR_BETTING,INELIGIBLE_PINNACLE_TWO_SIDED_CONTRACT_MISSING,PASS,MODEL_LOCKED_UNTESTED_2026;UNCERTAINTY_UNAVAILABLE_FOR_BETTING;INELIGIBLE_PINNACLE_TWO_SIDED_CONTRACT_MISSING;Feature store does not contain exactly two rows for the game,local:v11-prospective-observer,2026-09-24T16:00:22.882475Z,,1.1.0,03de248d336cb0cc70384a41871d8a71e8dee99da4b4c749679541b8c6c29b56
9495d45f2f3cb19e9050228d545f359beb0d578e9cfba085444c07177026752d,challenger-0.2.0,5c8bf3ec348a261ab2c0ce94bd8cc315f754a8dc991c15c20d0d961d06997984,49fadb583b0dee0ba78c242826cb3e521cee0c4af2da837cfd5df18936598793,159ec87beb47e140832d992a80618f94b5cef5681c9d11c24e999ce1cad03b10,dffe8acdbd3e011d12e5e45e08331fd300f3b67f,d842d1fe-0de3-48ea-8341-bb9cfc6a6383,daf55e2df5341c007fee5a0fc5bbc2d4,2026_04_DAL_HOU,2026,4,2026-10-04T17:00:00Z,totals,OVER,2026-09-24T16:00:25.607332Z,2026-09-24T16:00:22.454081Z,2026-09-22T18:51:43.097248Z,3ecdbfbaf3290a1d0f9b9aee517e61634d37a7bdde41367b8b77ffdf6363f311,,,,,,,,,,RETAIL_ONLY,2,,,,,,,,,MODELED_DEVELOPMENT_MARGIN_SHADOW_ONLY,INELIGIBLE_PINNACLE_TWO_SIDED_CONTRACT_MISSING,PASS,EXPERIMENTAL_SHADOW_NO_STAKES;INELIGIBLE_PINNACLE_TWO_SIDED_CONTRACT_MISSING;Challenger feature/game rows are missing or duplicated,local:challenger+the-odds-api,2026-09-24T16:00:25.607332Z,,1.1.0,2c30af6f18b81981a5232f5e666954ff426af572c52e88618e3f837cda905b99
650f6edd0d4bb091aa4430d70248fe6cd78e7ca9cf82291d32ab9a01953acdc5,1.1.2,6590a4bbb77802175afa4c406de831d596569cbf2e1f596de7df0910f43e8fd5,e51f21289a5f63ada7c1746ad6385412db3f6a4e7fc3ba4e33e43fbdb6e9bf14,241bade8665d15f1855e8ed5cb5a8f8bc3dbb5e66c87d76b45ab5d76f1caa9f7,dffe8acdbd3e011d12e5e45e08331fd300f3b67f,b7f8819c-86a9-428f-bb46-debf3999015c,daf55e2df5341c007fee5a0fc5bbc2d4,2026_04_DAL_HOU,2026,4,2026-10-04T17:00:00Z,totals,OVER,2026-09-25T21:00:29.089372Z,2026-09-25T21:00:28.639096Z,2026-09-22T18:51:43.097248Z,bb86d96ac8c5a37027060695827d4ca64ef6cc1d2ef5b5808941c85556f173d5,,,,,,,,,,RETAIL_ONLY,2,,,,,,,,,UNAVAILABLE_FOR_BETTING,INELIGIBLE_PINNACLE_TWO_SIDED_CONTRACT_MISSING,PASS,MODEL_LOCKED_UNTESTED_2026;UNCERTAINTY_UNAVAILABLE_FOR_BETTING;INELIGIBLE_PINNACLE_TWO_SIDED_CONTRACT_MISSING;Feature store does not contain exactly two rows for the game,local:v11-prospective-observer,2026-09-25T21:00:29.089372Z,,1.1.0,bfc4346b6227d72da52ae7370f4886c89e828991147bcb3d235dd28466d388ad
a7bdc149a5fff48bdf29431f2e1a70c25f5934c6ab9ac315ce6bc97322436366,challenger-0.2.0,5c8bf3ec348a261ab2c0ce94bd8cc315f754a8dc991c15c20d0d961d06997984,49fadb583b0dee0ba78c242826cb3e521cee0c4af2da837cfd5df18936598793,159ec87beb47e140832d992a80618f94b5cef5681c9d11c24e999ce1cad03b10,dffe8acdbd3e011d12e5e45e08331fd300f3b67f,b7f8819c-86a9-428f-bb46-debf3999015c,daf55e2df5341c007fee5a0fc5bbc2d4,2026_04_DAL_HOU,2026,4,2026-10-04T17:00:00Z,totals,OVER,2026-09-25T21:00:31.801654Z,2026-09-25T21:00:28.639096Z,2026-09-22T18:51:43.097248Z,3ecdbfbaf3290a1d0f9b9aee517e61634d37a7bdde41367b8b77ffdf6363f311,,,,,,,,,,RETAIL_ONLY,2,,,,,,,,,MODELED_DEVELOPMENT_MARGIN_SHADOW_ONLY,INELIGIBLE_PINNACLE_TWO_SIDED_CONTRACT_MISSING,PASS,EXPERIMENTAL_SHADOW_NO_STAKES;INELIGIBLE_PINNACLE_TWO_SIDED_CONTRACT_MISSING;Challenger feature/game rows are missing or duplicated,local:challenger+the-odds-api,2026-09-25T21:00:31.801654Z,,1.1.0,71e65d7b6a73c26b0cf7b73c2993599fec579d958cf6d3c0cedfd35de825c209
10153a6180bc58527b05e1ae03ac02db7faa58481fd0c7fd4fd4e4934b12c6d8,1.1.2,6590a4bbb77802175afa4c406de831d596569cbf2e1f596de7df0910f43e8fd5,e51f21289a5f63ada7c1746ad6385412db3f6a4e7fc3ba4e33e43fbdb6e9bf14,241bade8665d15f1855e8ed5cb5a8f8bc3dbb5e66c87d76b45ab5d76f1caa9f7,dffe8acdbd3e011d12e5e45e08331fd300f3b67f,8b8b5771-d3ca-480c-9980-dac450e82c42,daf55e2df5341c007fee5a0fc5bbc2d4,2026_04_DAL_HOU,2026,4,2026-10-04T17:00:00Z,totals,OVER,2026-09-26T13:00:27.689180Z,2026-09-26T13:00:27.208512Z,2026-09-22T18:51:43.097248Z,bb86d96ac8c5a37027060695827d4ca64ef6cc1d2ef5b5808941c85556f173d5,,,,,,,,,,RETAIL_ONLY,2,,,,,,,,,UNAVAILABLE_FOR_BETTING,INELIGIBLE_PINNACLE_TWO_SIDED_CONTRACT_MISSING,PASS,MODEL_LOCKED_UNTESTED_2026;UNCERTAINTY_UNAVAILABLE_FOR_BETTING;INELIGIBLE_PINNACLE_TWO_SIDED_CONTRACT_MISSING;Feature store does not contain exactly two rows for the game,local:v11-prospective-observer,2026-09-26T13:00:27.689180Z,,1.1.0,93bd57f96c051dc4b37f539f8c11cc5c1987a2d93a41758f30647742450de695
fed7131831d5c05f57fd175ce3be08db57832df078889a6900f72195f16a1a2d,challenger-0.2.0,5c8bf3ec348a261ab2c0ce94bd8cc315f754a8dc991c15c20d0d961d06997984,49fadb583b0dee0ba78c242826cb3e521cee0c4af2da837cfd5df18936598793,159ec87beb47e140832d992a80618f94b5cef5681c9d11c24e999ce1cad03b10,dffe8acdbd3e011d12e5e45e08331fd300f3b67f,8b8b5771-d3ca-480c-9980-dac450e82c42,daf55e2df5341c007fee5a0fc5bbc2d4,2026_04_DAL_HOU,2026,4,2026-10-04T17:00:00Z,totals,OVER,2026-09-26T13:00:30.675609Z,2026-09-26T13:00:27.208512Z,2026-09-22T18:51:43.097248Z,3ecdbfbaf3290a1d0f9b9aee517e61634d37a7bdde41367b8b77ffdf6363f311,,,,,,,,,,RETAIL_ONLY,2,,,,,,,,,MODELED_DEVELOPMENT_MARGIN_SHADOW_ONLY,INELIGIBLE_PINNACLE_TWO_SIDED_CONTRACT_MISSING,PASS,EXPERIMENTAL_SHADOW_NO_STAKES;INELIGIBLE_PINNACLE_TWO_SIDED_CONTRACT_MISSING;Challenger feature/game rows are missing or duplicated,local:challenger+the-odds-api,2026-09-26T13:00:30.675609Z,,1.1.0,a214f42d3a34cc99d9272975a63e59a19b5537c6de244e067585dd7ef14ffc01
1af224fff0726d6aff0143b02dc2f279c1ea94d1cc58ec3517411d4840f60f7f,1.1.2,6590a4bbb77802175afa4c406de831d596569cbf2e1f596de7df0910f43e8fd5,e51f21289a5f63ada7c1746ad6385412db3f6a4e7fc3ba4e33e43fbdb6e9bf14,241bade8665d15f1855e8ed5cb5a8f8bc3dbb5e66c87d76b45ab5d76f1caa9f7,dffe8acdbd3e011d12e5e45e08331fd300f3b67f,d2d710b1-c436-4180-8c43-56a6e84b5e0f,daf55e2df5341c007fee5a0fc5bbc2d4,2026_04_DAL_HOU,2026,4,2026-10-04T17:00:00Z,totals,OVER,2026-09-26T21:00:26.360329Z,2026-09-26T21:00:25.892304Z,2026-09-22T18:51:43.097248Z,bb86d96ac8c5a37027060695827d4ca64ef6cc1d2ef5b5808941c85556f173d5,,,,,,,,,,RETAIL_ONLY,2,,,,,,,,,UNAVAILABLE_FOR_BETTING,INELIGIBLE_PINNACLE_TWO_SIDED_CONTRACT_MISSING,PASS,MODEL_LOCKED_UNTESTED_2026;UNCERTAINTY_UNAVAILABLE_FOR_BETTING;INELIGIBLE_PINNACLE_TWO_SIDED_CONTRACT_MISSING;Feature store does not contain exactly two rows for the game,local:v11-prospective-observer,2026-09-26T21:00:26.360329Z,,1.1.0,d3f288357cf9d6d0bffdad75f12f8b9b7bcceccd89637595d09b231632a30f71
d6ab3e84309b724bd8ec66a040c065758ce495e24f077a751e9940a8db144c65,challenger-0.2.0,5c8bf3ec348a261ab2c0ce94bd8cc315f754a8dc991c15c20d0d961d06997984,49fadb583b0dee0ba78c242826cb3e521cee0c4af2da837cfd5df18936598793,159ec87beb47e140832d992a80618f94b5cef5681c9d11c24e999ce1cad03b10,dffe8acdbd3e011d12e5e45e08331fd300f3b67f,d2d710b1-c436-4180-8c43-56a6e84b5e0f,daf55e2df5341c007fee5a0fc5bbc2d4,2026_04_DAL_HOU,2026,4,2026-10-04T17:00:00Z,totals,OVER,2026-09-26T21:00:29.199963Z,2026-09-26T21:00:25.892304Z,2026-09-22T18:51:43.097248Z,3ecdbfbaf3290a1d0f9b9aee517e61634d37a7bdde41367b8b77ffdf6363f311,,,,,,,,,,RETAIL_ONLY,2,,,,,,,,,MODELED_DEVELOPMENT_MARGIN_SHADOW_ONLY,INELIGIBLE_PINNACLE_TWO_SIDED_CONTRACT_MISSING,PASS,EXPERIMENTAL_SHADOW_NO_STAKES;INELIGIBLE_PINNACLE_TWO_SIDED_CONTRACT_MISSING;Challenger feature/game rows are missing or duplicated,local:challenger+the-odds-api,2026-09-26T21:00:29.199963Z,,1.1.0,8d7e8118d5d757327fd08c7464a612be0df2b1d643745b3260dfd553b83c1bca
8f24879255520001440288a2c57d291b527b791db4aa3078b8503ccfe129fd56,1.1.2,6590a4bbb77802175afa4c406de831d596569cbf2e1f596de7df0910f43e8fd5,e51f21289a5f63ada7c1746ad6385412db3f6a4e7fc3ba4e33e43fbdb6e9bf14,241bade8665d15f1855e8ed5cb5a8f8bc3dbb5e66c87d76b45ab5d76f1caa9f7,dffe8acdbd3e011d12e5e45e08331fd300f3b67f,214053eb-5084-4022-8817-4ddbbf933e60,daf55e2df5341c007fee5a0fc5bbc2d4,2026_04_DAL_HOU,2026,4,2026-10-04T17:00:00Z,totals,OVER,2026-09-27T03:00:57.907341Z,2026-09-27T03:00:57.384540Z,2026-09-22T18:51:43.097248Z,bb86d96ac8c5a37027060695827d4ca64ef6cc1d2ef5b5808941c85556f173d5,,,,,,,,,,RETAIL_ONLY,2,,,,,,,,,UNAVAILABLE_FOR_BETTING,INELIGIBLE_PINNACLE_TWO_SIDED_CONTRACT_MISSING,PASS,MODEL_LOCKED_UNTESTED_2026;UNCERTAINTY_UNAVAILABLE_FOR_BETTING;INELIGIBLE_PINNACLE_TWO_SIDED_CONTRACT_MISSING;Feature store does not contain exactly two rows for the game,local:v11-prospective-observer,2026-09-27T03:00:57.907341Z,,1.1.0,6e565684cdb91d87eb5577bcf6068149db85d46e6d8a9f348dac809d38f2e562
f4fe4cfc7bd813a58a4de80b2d202920f7755de68acdd60b420cbbe38a116c63,challenger-0.2.0,5c8bf3ec348a261ab2c0ce94bd8cc315f754a8dc991c15c20d0d961d06997984,49fadb583b0dee0ba78c242826cb3e521cee0c4af2da837cfd5df18936598793,159ec87beb47e140832d992a80618f94b5cef5681c9d11c24e999ce1cad03b10,dffe8acdbd3e011d12e5e45e08331fd300f3b67f,214053eb-5084-4022-8817-4ddbbf933e60,daf55e2df5341c007fee5a0fc5bbc2d4,2026_04_DAL_HOU,2026,4,2026-10-04T17:00:00Z,totals,OVER,2026-09-27T03:01:00.857309Z,2026-09-27T03:00:57.384540Z,2026-09-22T18:51:43.097248Z,3ecdbfbaf3290a1d0f9b9aee517e61634d37a7bdde41367b8b77ffdf6363f311,,,,,,,,,,RETAIL_ONLY,2,,,,,,,,,MODELED_DEVELOPMENT_MARGIN_SHADOW_ONLY,INELIGIBLE_PINNACLE_TWO_SIDED_CONTRACT_MISSING,PASS,EXPERIMENTAL_SHADOW_NO_STAKES;INELIGIBLE_PINNACLE_TWO_SIDED_CONTRACT_MISSING;Challenger feature/game rows are missing or duplicated,local:challenger+the-odds-api,2026-09-27T03:01:00.857309Z,,1.1.0,80e986b487dffa8619246b485c44fce3c06590a3a3a6a08bbcd5a9a72c02c71f
2760be6962dfc2883022765f661c50dc438ac75af78108ee02edd3e617fc6ac9,1.1.2,6590a4bbb77802175afa4c406de831d596569cbf2e1f596de7df0910f43e8fd5,e51f21289a5f63ada7c1746ad6385412db3f6a4e7fc3ba4e33e43fbdb6e9bf14,241bade8665d15f1855e8ed5cb5a8f8bc3dbb5e66c87d76b45ab5d76f1caa9f7,b143eda428696625817bd7042b4cf3a453477386,e1878b61-7760-4e06-9ca0-bec5e38d131c,daf55e2df5341c007fee5a0fc5bbc2d4,2026_04_DAL_HOU,2026,4,2026-10-04T17:00:00Z,totals,OVER,2026-09-27T12:45:22.508290Z,2026-09-27T12:45:22.019645Z,2026-09-22T18:51:43.097248Z,bb86d96ac8c5a37027060695827d4ca64ef6cc1d2ef5b5808941c85556f173d5,,,,,,,,,,RETAIL_ONLY,2,,,,,,,,,UNAVAILABLE_FOR_BETTING,INELIGIBLE_PINNACLE_TWO_SIDED_CONTRACT_MISSING,PASS,MODEL_LOCKED_UNTESTED_2026;UNCERTAINTY_UNAVAILABLE_FOR_BETTING;INELIGIBLE_PINNACLE_TWO_SIDED_CONTRACT_MISSING;Feature store does not contain exactly two rows for the game,local:v11-prospective-observer,2026-09-27T12:45:22.508290Z,,1.1.0,797b2571af04eb0ccef8fba7b7107e1c3567f356afaf5a8f167a985b601672b8
9bfe2a967824538a830c75d06f2f8b6c9e9eeb3cb2494908d25761e634062ac0,challenger-0.2.0,5c8bf3ec348a261ab2c0ce94bd8cc315f754a8dc991c15c20d0d961d06997984,49fadb583b0dee0ba78c242826cb3e521cee0c4af2da837cfd5df18936598793,159ec87beb47e140832d992a80618f94b5cef5681c9d11c24e999ce1cad03b10,b143eda428696625817bd7042b4cf3a453477386,e1878b61-7760-4e06-9ca0-bec5e38d131c,daf55e2df5341c007fee5a0fc5bbc2d4,2026_04_DAL_HOU,2026,4,2026-10-04T17:00:00Z,totals,OVER,2026-09-27T12:45:25.295673Z,2026-09-27T12:45:22.019645Z,2026-09-22T18:51:43.097248Z,3ecdbfbaf3290a1d0f9b9aee517e61634d37a7bdde41367b8b77ffdf6363f311,,,,,,,,,,RETAIL_ONLY,2,,,,,,,,,MODELED_DEVELOPMENT_MARGIN_SHADOW_ONLY,INELIGIBLE_PINNACLE_TWO_SIDED_CONTRACT_MISSING,PASS,EXPERIMENTAL_SHADOW_NO_STAKES;INELIGIBLE_PINNACLE_TWO_SIDED_CONTRACT_MISSING;Challenger feature/game rows are missing or duplicated,local:challenger+the-odds-api,2026-09-27T12:45:25.295673Z,,1.1.0,0e289503e9fc3202ca637481f72087f0469355a9e9b27afd88dadf9ebb5d39b6
b68c5b8bf2961dbe80c285c5a38553c3a21f05f82e6ffc98c4e7a917ae7f03d0,challenger-0.2.0,5c8bf3ec348a261ab2c0ce94bd8cc315f754a8dc991c15c20d0d961d06997984,49fadb583b0dee0ba78c242826cb3e521cee0c4af2da837cfd5df18936598793,159ec87beb47e140832d992a80618f94b5cef5681c9d11c24e999ce1cad03b10,c8df716c912e3f6e3b11d508f2988b51a9d4b5a7,d4b87e91-991a-4aa9-bfef-bc8de675e276,99a9bae4dc0dc2590496bd3102b211f2,2026_04_GB_TB,2026,4,2026-10-04T17:00:00Z,spreads,HOME,2026-09-23T13:00:24.484171Z,2026-09-23T13:00:21.551276Z,2026-09-22T18:51:43.097248Z,3ecdbfbaf3290a1d0f9b9aee517e61634d37a7bdde41367b8b77ffdf6363f311,,,,,,,,,,RETAIL_ONLY,2,,,,,,,,,MODELED_DEVELOPMENT_MARGIN_SHADOW_ONLY,INELIGIBLE_PINNACLE_TWO_SIDED_CONTRACT_MISSING,PASS,EXPERIMENTAL_SHADOW_NO_STAKES;INELIGIBLE_PINNACLE_TWO_SIDED_CONTRACT_MISSING;Challenger feature/game rows are missing or duplicated,local:challenger+the-odds-api,2026-09-23T13:00:24.484171Z,,1.1.0,442a6b2383a6c0fb342b21fce68944b8b4a76d83be0e74b0ce1e392653288dbe
ff07a154f3ed933715b1dcf771d820afe1db8fd0a2f4445bd4b3d338a4182448,1.1.2,6590a4bbb77802175afa4c406de831d596569cbf2e1f596de7df0910f43e8fd5,e51f21289a5f63ada7c1746ad6385412db3f6a4e7fc3ba4e33e43fbdb6e9bf14,241bade8665d15f1855e8ed5cb5a8f8bc3dbb5e66c87d76b45ab5d76f1caa9f7,c8df716c912e3f6e3b11d508f2988b51a9d4b5a7,d4b87e91-991a-4aa9-bfef-bc8de675e276,99a9bae4dc0dc2590496bd3102b211f2,2026_04_GB_TB,2026,4,2026-10-04T17:00:00Z,spreads,HOME,2026-09-23T13:00:21.951453Z,2026-09-23T13:00:21.551276Z,2026-09-22T18:51:43.097248Z,bb86d96ac8c5a37027060695827d4ca64ef6cc1d2ef5b5808941c85556f173d5,,,,,,,,,,RETAIL_ONLY,2,,,,,,,,,UNAVAILABLE_FOR_BETTING,INELIGIBLE_PINNACLE_TWO_SIDED_CONTRACT_MISSING,PASS,MODEL_LOCKED_UNTESTED_2026;UNCERTAINTY_UNAVAILABLE_FOR_BETTING;INELIGIBLE_PINNACLE_TWO_SIDED_CONTRACT_MISSING;Feature store does not contain exactly two rows for the game,local:v11-prospective-observer,2026-09-23T13:00:21.951453Z,,1.1.0,259b467df69515295ff89429ae2dbbcdf92370c61944d3e46cddcc56ee5b8156
56a845c78c1dd3aef2b7316740b6453fd1c50f024fc6f74f001cd29720816bf3,challenger-0.2.0,5c8bf3ec348a261ab2c0ce94bd8cc315f754a8dc991c15c20d0d961d06997984,49fadb583b0dee0ba78c242826cb3e521cee0c4af2da837cfd5df18936598793,159ec87beb47e140832d992a80618f94b5cef5681c9d11c24e999ce1cad03b10,dffe8acdbd3e011d12e5e45e08331fd300f3b67f,d842d1fe-0de3-48ea-8341-bb9cfc6a6383,99a9bae4dc0dc2590496bd3102b211f2,2026_04_GB_TB,2026,4,2026-10-04T17:00:00Z,spreads,HOME,2026-09-24T16:00:25.607332Z,2026-09-24T16:00:22.454081Z,2026-09-22T18:51:43.097248Z,3ecdbfbaf3290a1d0f9b9aee517e61634d37a7bdde41367b8b77ffdf6363f311,,,,,,,,,,RETAIL_ONLY,2,,,,,,,,,MODELED_DEVELOPMENT_MARGIN_SHADOW_ONLY,INELIGIBLE_PINNACLE_TWO_SIDED_CONTRACT_MISSING,PASS,EXPERIMENTAL_SHADOW_NO_STAKES;INELIGIBLE_PINNACLE_TWO_SIDED_CONTRACT_MISSING;Challenger feature/game rows are missing or duplicated,local:challenger+the-odds-api,2026-09-24T16:00:25.607332Z,,1.1.0,400c8c5db5c9f1716d7657ba80a0b080d1be70ab449d01e958c47052ca49d126
8c29e02feb41ab31602ba6d006179267051f2c145d87a4401f59e2011c2b138d,1.1.2,6590a4bbb77802175afa4c406de831d596569cbf2e1f596de7df0910f43e8fd5,e51f21289a5f63ada7c1746ad6385412db3f6a4e7fc3ba4e33e43fbdb6e9bf14,241bade8665d15f1855e8ed5cb5a8f8bc3dbb5e66c87d76b45ab5d76f1caa9f7,dffe8acdbd3e011d12e5e45e08331fd300f3b67f,d842d1fe-0de3-48ea-8341-bb9cfc6a6383,99a9bae4dc0dc2590496bd3102b211f2,2026_04_GB_TB,2026,4,2026-10-04T17:00:00Z,spreads,HOME,2026-09-24T16:00:22.882475Z,2026-09-24T16:00:22.454081Z,2026-09-22T18:51:43.097248Z,bb86d96ac8c5a37027060695827d4ca64ef6cc1d2ef5b5808941c85556f173d5,,,,,,,,,,RETAIL_ONLY,2,,,,,,,,,UNAVAILABLE_FOR_BETTING,INELIGIBLE_PINNACLE_TWO_SIDED_CONTRACT_MISSING,PASS,MODEL_LOCKED_UNTESTED_2026;UNCERTAINTY_UNAVAILABLE_FOR_BETTING;INELIGIBLE_PINNACLE_TWO_SIDED_CONTRACT_MISSING;Feature store does not contain exactly two rows for the game,local:v11-prospective-observer,2026-09-24T16:00:22.882475Z,,1.1.0,52331ceeafcb0fce841f8e26e107e27f9757c12425a743c567776500b7074cf6
1ec338405d2427530d0633c43b1663bdc8888accfdf7f6f325b7473118b84670,challenger-0.2.0,5c8bf3ec348a261ab2c0ce94bd8cc315f754a8dc991c15c20d0d961d06997984,49fadb583b0dee0ba78c242826cb3e521cee0c4af2da837cfd5df18936598793,159ec87beb47e140832d992a80618f94b5cef5681c9d11c24e999ce1cad03b10,c8df716c912e3f6e3b11d508f2988b51a9d4b5a7,d4b87e91-991a-4aa9-bfef-bc8de675e276,99a9bae4dc0dc2590496bd3102b211f2,2026_04_GB_TB,2026,4,2026-10-04T17:00:00Z,totals,OVER,2026-09-23T13:00:24.484171Z,2026-09-23T13:00:21.551276Z,2026-09-22T18:51:43.097248Z,3ecdbfbaf3290a1d0f9b9aee517e61634d37a7bdde41367b8b77ffdf6363f311,,,,,,,,,,RETAIL_ONLY,2,,,,,,,,,MODELED_DEVELOPMENT_MARGIN_SHADOW_ONLY,INELIGIBLE_PINNACLE_TWO_SIDED_CONTRACT_MISSING,PASS,EXPERIMENTAL_SHADOW_NO_STAKES;INELIGIBLE_PINNACLE_TWO_SIDED_CONTRACT_MISSING;Challenger feature/game rows are missing or duplicated,local:challenger+the-odds-api,2026-09-23T13:00:24.484171Z,,1.1.0,fbf957632983712f79f6f5e4243606da16f295021488d32fe1fd54565a973f18
f95f8314b00666deae94278ab1053a37368a1dc72d65e4e23daaa4fc45a1304a,1.1.2,6590a4bbb77802175afa4c406de831d596569cbf2e1f596de7df0910f43e8fd5,e51f21289a5f63ada7c1746ad6385412db3f6a4e7fc3ba4e33e43fbdb6e9bf14,241bade8665d15f1855e8ed5cb5a8f8bc3dbb5e66c87d76b45ab5d76f1caa9f7,c8df716c912e3f6e3b11d508f2988b51a9d4b5a7,d4b87e91-991a-4aa9-bfef-bc8de675e276,99a9bae4dc0dc2590496bd3102b211f2,2026_04_GB_TB,2026,4,2026-10-04T17:00:00Z,totals,OVER,2026-09-23T13:00:21.951453Z,2026-09-23T13:00:21.551276Z,2026-09-22T18:51:43.097248Z,bb86d96ac8c5a37027060695827d4ca64ef6cc1d2ef5b5808941c85556f173d5,,,,,,,,,,RETAIL_ONLY,2,,,,,,,,,UNAVAILABLE_FOR_BETTING,INELIGIBLE_PINNACLE_TWO_SIDED_CONTRACT_MISSING,PASS,MODEL_LOCKED_UNTESTED_2026;UNCERTAINTY_UNAVAILABLE_FOR_BETTING;INELIGIBLE_PINNACLE_TWO_SIDED_CONTRACT_MISSING;Feature store does not contain exactly two rows for the game,local:v11-prospective-observer,2026-09-23T13:00:21.951453Z,,1.1.0,5ae551368a3aae50f7bc40fc23a6f959b4a3df1f61719cd1da00a01632f1f8f0
3608110bd4de6f6d308a0918d421871ad4020dabd02c60a15f1a43c2eb73ded2,1.1.2,6590a4bbb77802175afa4c406de831d596569cbf2e1f596de7df0910f43e8fd5,e51f21289a5f63ada7c1746ad6385412db3f6a4e7fc3ba4e33e43fbdb6e9bf14,241bade8665d15f1855e8ed5cb5a8f8bc3dbb5e66c87d76b45ab5d76f1caa9f7,dffe8acdbd3e011d12e5e45e08331fd300f3b67f,d842d1fe-0de3-48ea-8341-bb9cfc6a6383,99a9bae4dc0dc2590496bd3102b211f2,2026_04_GB_TB,2026,4,2026-10-04T17:00:00Z,totals,OVER,2026-09-24T16:00:22.882475Z,2026-09-24T16:00:22.454081Z,2026-09-22T18:51:43.097248Z,bb86d96ac8c5a37027060695827d4ca64ef6cc1d2ef5b5808941c85556f173d5,,,,,,,,,,RETAIL_ONLY,2,,,,,,,,,UNAVAILABLE_FOR_BETTING,INELIGIBLE_PINNACLE_TWO_SIDED_CONTRACT_MISSING,PASS,MODEL_LOCKED_UNTESTED_2026;UNCERTAINTY_UNAVAILABLE_FOR_BETTING;INELIGIBLE_PINNACLE_TWO_SIDED_CONTRACT_MISSING;Feature store does not contain exactly two rows for the game,local:v11-prospective-observer,2026-09-24T16:00:22.882475Z,,1.1.0,ed08759119f3b5f2bb7a6b5fb76268fc9ac3fd03ed554124a23f166b60d80d2e
4eaf20457582b41edd3fe113d782118d3256b5114e5ca4321abc9315ae826bc8,challenger-0.2.0,5c8bf3ec348a261ab2c0ce94bd8cc315f754a8dc991c15c20d0d961d06997984,49fadb583b0dee0ba78c242826cb3e521cee0c4af2da837cfd5df18936598793,159ec87beb47e140832d992a80618f94b5cef5681c9d11c24e999ce1cad03b10,dffe8acdbd3e011d12e5e45e08331fd300f3b67f,d842d1fe-0de3-48ea-8341-bb9cfc6a6383,99a9bae4dc0dc2590496bd3102b211f2,2026_04_GB_TB,2026,4,2026-10-04T17:00:00Z,totals,OVER,2026-09-24T16:00:25.607332Z,2026-09-24T16:00:22.454081Z,2026-09-22T18:51:43.097248Z,3ecdbfbaf3290a1d0f9b9aee517e61634d37a7bdde41367b8b77ffdf6363f311,,,,,,,,,,RETAIL_ONLY,2,,,,,,,,,MODELED_DEVELOPMENT_MARGIN_SHADOW_ONLY,INELIGIBLE_PINNACLE_TWO_SIDED_CONTRACT_MISSING,PASS,EXPERIMENTAL_SHADOW_NO_STAKES;INELIGIBLE_PINNACLE_TWO_SIDED_CONTRACT_MISSING;Challenger feature/game rows are missing or duplicated,local:challenger+the-odds-api,2026-09-24T16:00:25.607332Z,,1.1.0,dfa23f3e53bd2e5041002d674845acd433aba6a42188eb4e8ee55760aff47342
5ffb77e88165b756203fd28accb4c520e1fdcd3080f2ddf9158a11f55ea838e7,challenger-0.2.0,5c8bf3ec348a261ab2c0ce94bd8cc315f754a8dc991c15c20d0d961d06997984,49fadb583b0dee0ba78c242826cb3e521cee0c4af2da837cfd5df18936598793,159ec87beb47e140832d992a80618f94b5cef5681c9d11c24e999ce1cad03b10,c8df716c912e3f6e3b11d508f2988b51a9d4b5a7,d4b87e91-991a-4aa9-bfef-bc8de675e276,2ea94ddf20f66432b9024fe2e2eaba5f,2026_04_JAX_CIN,2026,4,2026-10-04T17:00:00Z,spreads,HOME,2026-09-23T13:00:24.484171Z,2026-09-23T13:00:21.551276Z,2026-09-22T18:51:43.097248Z,3ecdbfbaf3290a1d0f9b9aee517e61634d37a7bdde41367b8b77ffdf6363f311,,,,,,,,,,RETAIL_ONLY,2,,,,,,,,,MODELED_DEVELOPMENT_MARGIN_SHADOW_ONLY,INELIGIBLE_PINNACLE_TWO_SIDED_CONTRACT_MISSING,PASS,EXPERIMENTAL_SHADOW_NO_STAKES;INELIGIBLE_PINNACLE_TWO_SIDED_CONTRACT_MISSING;Challenger feature/game rows are missing or duplicated,local:challenger+the-odds-api,2026-09-23T13:00:24.484171Z,,1.1.0,b810e135f2d3b1f3a9005b3bd0489b95ccf2910f07639b5f934dcc62b91dc97a
e895a8ba7f0aae7bc7db8e27d46178477bca23cc916258f8f8d262b0c1a81a91,1.1.2,6590a4bbb77802175afa4c406de831d596569cbf2e1f596de7df0910f43e8fd5,e51f21289a5f63ada7c1746ad6385412db3f6a4e7fc3ba4e33e43fbdb6e9bf14,241bade8665d15f1855e8ed5cb5a8f8bc3dbb5e66c87d76b45ab5d76f1caa9f7,c8df716c912e3f6e3b11d508f2988b51a9d4b5a7,d4b87e91-991a-4aa9-bfef-bc8de675e276,2ea94ddf20f66432b9024fe2e2eaba5f,2026_04_JAX_CIN,2026,4,2026-10-04T17:00:00Z,spreads,HOME,2026-09-23T13:00:21.951453Z,2026-09-23T13:00:21.551276Z,2026-09-22T18:51:43.097248Z,bb86d96ac8c5a37027060695827d4ca64ef6cc1d2ef5b5808941c85556f173d5,,,,,,,,,,RETAIL_ONLY,2,,,,,,,,,UNAVAILABLE_FOR_BETTING,INELIGIBLE_PINNACLE_TWO_SIDED_CONTRACT_MISSING,PASS,MODEL_LOCKED_UNTESTED_2026;UNCERTAINTY_UNAVAILABLE_FOR_BETTING;INELIGIBLE_PINNACLE_TWO_SIDED_CONTRACT_MISSING;Feature store does not contain exactly two rows for the game,local:v11-prospective-observer,2026-09-23T13:00:21.951453Z,,1.1.0,d5fe1813c300b147c38bfad041a300f5138f8d469f7bbafba263c5d4b5be16d5
8b0d891c26c21d4c1b9e7da34164cafa1b12ad657686ed470457a0502fb574cf,challenger-0.2.0,5c8bf3ec348a261ab2c0ce94bd8cc315f754a8dc991c15c20d0d961d06997984,49fadb583b0dee0ba78c242826cb3e521cee0c4af2da837cfd5df18936598793,159ec87beb47e140832d992a80618f94b5cef5681c9d11c24e999ce1cad03b10,dffe8acdbd3e011d12e5e45e08331fd300f3b67f,d842d1fe-0de3-48ea-8341-bb9cfc6a6383,2ea94ddf20f66432b9024fe2e2eaba5f,2026_04_JAX_CIN,2026,4,2026-10-04T17:00:00Z,spreads,HOME,2026-09-24T16:00:25.607332Z,2026-09-24T16:00:22.454081Z,2026-09-22T18:51:43.097248Z,3ecdbfbaf3290a1d0f9b9aee517e61634d37a7bdde41367b8b77ffdf6363f311,,,,,,,,,,RETAIL_ONLY,2,,,,,,,,,MODELED_DEVELOPMENT_MARGIN_SHADOW_ONLY,INELIGIBLE_PINNACLE_TWO_SIDED_CONTRACT_MISSING,PASS,EXPERIMENTAL_SHADOW_NO_STAKES;INELIGIBLE_PINNACLE_TWO_SIDED_CONTRACT_MISSING;Challenger feature/game rows are missing or duplicated,local:challenger+the-odds-api,2026-09-24T16:00:25.607332Z,,1.1.0,ab1c21941c7bb0a10e2e8ea013447aba6a19fc112c3e6c07cf62e5d0f58184e2
ec16c89dce45c85935fb26f089a7855d11d731a287ef15eea5e03f3bbe45fe19,1.1.2,6590a4bbb77802175afa4c406de831d596569cbf2e1f596de7df0910f43e8fd5,e51f21289a5f63ada7c1746ad6385412db3f6a4e7fc3ba4e33e43fbdb6e9bf14,241bade8665d15f1855e8ed5cb5a8f8bc3dbb5e66c87d76b45ab5d76f1caa9f7,dffe8acdbd3e011d12e5e45e08331fd300f3b67f,d842d1fe-0de3-48ea-8341-bb9cfc6a6383,2ea94ddf20f66432b9024fe2e2eaba5f,2026_04_JAX_CIN,2026,4,2026-10-04T17:00:00Z,spreads,HOME,2026-09-24T16:00:22.882475Z,2026-09-24T16:00:22.454081Z,2026-09-22T18:51:43.097248Z,bb86d96ac8c5a37027060695827d4ca64ef6cc1d2ef5b5808941c85556f173d5,,,,,,,,,,RETAIL_ONLY,2,,,,,,,,,UNAVAILABLE_FOR_BETTING,INELIGIBLE_PINNACLE_TWO_SIDED_CONTRACT_MISSING,PASS,MODEL_LOCKED_UNTESTED_2026;UNCERTAINTY_UNAVAILABLE_FOR_BETTING;INELIGIBLE_PINNACLE_TWO_SIDED_CONTRACT_MISSING;Feature store does not contain exactly two rows for the game,local:v11-prospective-observer,2026-09-24T16:00:22.882475Z,,1.1.0,986ccc0ecd8e9c164428ee7ae5d3b8db58973808d3ea89064c3cabffca89be74
b57471b293d70651e48211319bccb10669293633a5de404ecbfb2441873af5f7,1.1.2,6590a4bbb77802175afa4c406de831d596569cbf2e1f596de7df0910f43e8fd5,e51f21289a5f63ada7c1746ad6385412db3f6a4e7fc3ba4e33e43fbdb6e9bf14,241bade8665d15f1855e8ed5cb5a8f8bc3dbb5e66c87d76b45ab5d76f1caa9f7,dffe8acdbd3e011d12e5e45e08331fd300f3b67f,b7f8819c-86a9-428f-bb46-debf3999015c,2ea94ddf20f66432b9024fe2e2eaba5f,2026_04_JAX_CIN,2026,4,2026-10-04T17:00:00Z,spreads,HOME,2026-09-25T21:00:29.089372Z,2026-09-25T21:00:28.639096Z,2026-09-22T18:51:43.097248Z,bb86d96ac8c5a37027060695827d4ca64ef6cc1d2ef5b5808941c85556f173d5,,,,,,,,,,RETAIL_ONLY,2,,,,,,,,,UNAVAILABLE_FOR_BETTING,INELIGIBLE_PINNACLE_TWO_SIDED_CONTRACT_MISSING,PASS,MODEL_LOCKED_UNTESTED_2026;UNCERTAINTY_UNAVAILABLE_FOR_BETTING;INELIGIBLE_PINNACLE_TWO_SIDED_CONTRACT_MISSING;Feature store does not contain exactly two rows for the game,local:v11-prospective-observer,2026-09-25T21:00:29.089372Z,,1.1.0,f3474a2f044dab446a9baa1e17430a447a96e0c4c2da7e7a2120291099cbb039
fdb9359320e637acf3df74ffeec14cbef89e222b2bd50736c8fbc7c3a8e6f9fe,challenger-0.2.0,5c8bf3ec348a261ab2c0ce94bd8cc315f754a8dc991c15c20d0d961d06997984,49fadb583b0dee0ba78c242826cb3e521cee0c4af2da837cfd5df18936598793,159ec87beb47e140832d992a80618f94b5cef5681c9d11c24e999ce1cad03b10,dffe8acdbd3e011d12e5e45e08331fd300f3b67f,b7f8819c-86a9-428f-bb46-debf3999015c,2ea94ddf20f66432b9024fe2e2eaba5f,2026_04_JAX_CIN,2026,4,2026-10-04T17:00:00Z,spreads,HOME,2026-09-25T21:00:31.801654Z,2026-09-25T21:00:28.639096Z,2026-09-22T18:51:43.097248Z,3ecdbfbaf3290a1d0f9b9aee517e61634d37a7bdde41367b8b77ffdf6363f311,,,,,,,,,,RETAIL_ONLY,2,,,,,,,,,MODELED_DEVELOPMENT_MARGIN_SHADOW_ONLY,INELIGIBLE_PINNACLE_TWO_SIDED_CONTRACT_MISSING,PASS,EXPERIMENTAL_SHADOW_NO_STAKES;INELIGIBLE_PINNACLE_TWO_SIDED_CONTRACT_MISSING;Challenger feature/game rows are missing or duplicated,local:challenger+the-odds-api,2026-09-25T21:00:31.801654Z,,1.1.0,30882587e5db7e40f388d690ac447cfa0ff5d87bb94b0d4128f2c96d8039528f
6480474461235da2f96f1965534c17aac142e407923c91b6d0378e94f95b080f,1.1.2,6590a4bbb77802175afa4c406de831d596569cbf2e1f596de7df0910f43e8fd5,e51f21289a5f63ada7c1746ad6385412db3f6a4e7fc3ba4e33e43fbdb6e9bf14,241bade8665d15f1855e8ed5cb5a8f8bc3dbb5e66c87d76b45ab5d76f1caa9f7,dffe8acdbd3e011d12e5e45e08331fd300f3b67f,8b8b5771-d3ca-480c-9980-dac450e82c42,2ea94ddf20f66432b9024fe2e2eaba5f,2026_04_JAX_CIN,2026,4,2026-10-04T17:00:00Z,spreads,HOME,2026-09-26T13:00:27.689180Z,2026-09-26T13:00:27.208512Z,2026-09-22T18:51:43.097248Z,bb86d96ac8c5a37027060695827d4ca64ef6cc1d2ef5b5808941c85556f173d5,,,,,,,,,,RETAIL_ONLY,2,,,,,,,,,UNAVAILABLE_FOR_BETTING,INELIGIBLE_PINNACLE_TWO_SIDED_CONTRACT_MISSING,PASS,MODEL_LOCKED_UNTESTED_2026;UNCERTAINTY_UNAVAILABLE_FOR_BETTING;INELIGIBLE_PINNACLE_TWO_SIDED_CONTRACT_MISSING;Feature store does not contain exactly two rows for the game,local:v11-prospective-observer,2026-09-26T13:00:27.689180Z,,1.1.0,df49e14ab2baa71d1a6b041579b06da4f814ffc9ced69a32e9d3a05c843babf5
ebab19a7bfde590405779e69ae379a43725c20c1ef12e522ae5310c32b6ba57d,challenger-0.2.0,5c8bf3ec348a261ab2c0ce94bd8cc315f754a8dc991c15c20d0d961d06997984,49fadb583b0dee0ba78c242826cb3e521cee0c4af2da837cfd5df18936598793,159ec87beb47e140832d992a80618f94b5cef5681c9d11c24e999ce1cad03b10,dffe8acdbd3e011d12e5e45e08331fd300f3b67f,8b8b5771-d3ca-480c-9980-dac450e82c42,2ea94ddf20f66432b9024fe2e2eaba5f,2026_04_JAX_CIN,2026,4,2026-10-04T17:00:00Z,spreads,HOME,2026-09-26T13:00:30.675609Z,2026-09-26T13:00:27.208512Z,2026-09-22T18:51:43.097248Z,3ecdbfbaf3290a1d0f9b9aee517e61634d37a7bdde41367b8b77ffdf6363f311,,,,,,,,,,RETAIL_ONLY,2,,,,,,,,,MODELED_DEVELOPMENT_MARGIN_SHADOW_ONLY,INELIGIBLE_PINNACLE_TWO_SIDED_CONTRACT_MISSING,PASS,EXPERIMENTAL_SHADOW_NO_STAKES;INELIGIBLE_PINNACLE_TWO_SIDED_CONTRACT_MISSING;Challenger feature/game rows are missing or duplicated,local:challenger+the-odds-api,2026-09-26T13:00:30.675609Z,,1.1.0,513a23f34c7e07a1708a89cc75d5e0cc9a603bbf9366a0c373afa56fdc20bab0
4792de7f20e7a5b9c04993e4663af1839f2562c598049c0f640f7ca113d2f7a3,1.1.2,6590a4bbb77802175afa4c406de831d596569cbf2e1f596de7df0910f43e8fd5,e51f21289a5f63ada7c1746ad6385412db3f6a4e7fc3ba4e33e43fbdb6e9bf14,241bade8665d15f1855e8ed5cb5a8f8bc3dbb5e66c87d76b45ab5d76f1caa9f7,dffe8acdbd3e011d12e5e45e08331fd300f3b67f,d2d710b1-c436-4180-8c43-56a6e84b5e0f,2ea94ddf20f66432b9024fe2e2eaba5f,2026_04_JAX_CIN,2026,4,2026-10-04T17:00:00Z,spreads,HOME,2026-09-26T21:00:26.360329Z,2026-09-26T21:00:25.892304Z,2026-09-22T18:51:43.097248Z,bb86d96ac8c5a37027060695827d4ca64ef6cc1d2ef5b5808941c85556f173d5,,,,,,,,,,RETAIL_ONLY,2,,,,,,,,,UNAVAILABLE_FOR_BETTING,INELIGIBLE_PINNACLE_TWO_SIDED_CONTRACT_MISSING,PASS,MODEL_LOCKED_UNTESTED_2026;UNCERTAINTY_UNAVAILABLE_FOR_BETTING;INELIGIBLE_PINNACLE_TWO_SIDED_CONTRACT_MISSING;Feature store does not contain exactly two rows for the game,local:v11-prospective-observer,2026-09-26T21:00:26.360329Z,,1.1.0,6e396c4602a7367d52d8e8a457f9c57289fa4e7558091c33d90d35a62da8ed1e
73588bcdfaedb86fbe89ae345d4c4fda455d68080af511c8e5f3015ae5cde137,challenger-0.2.0,5c8bf3ec348a261ab2c0ce94bd8cc315f754a8dc991c15c20d0d961d06997984,49fadb583b0dee0ba78c242826cb3e521cee0c4af2da837cfd5df18936598793,159ec87beb47e140832d992a80618f94b5cef5681c9d11c24e999ce1cad03b10,dffe8acdbd3e011d12e5e45e08331fd300f3b67f,d2d710b1-c436-4180-8c43-56a6e84b5e0f,2ea94ddf20f66432b9024fe2e2eaba5f,2026_04_JAX_CIN,2026,4,2026-10-04T17:00:00Z,spreads,HOME,2026-09-26T21:00:29.199963Z,2026-09-26T21:00:25.892304Z,2026-09-22T18:51:43.097248Z,3ecdbfbaf3290a1d0f9b9aee517e61634d37a7bdde41367b8b77ffdf6363f311,,,,,,,,,,RETAIL_ONLY,2,,,,,,,,,MODELED_DEVELOPMENT_MARGIN_SHADOW_ONLY,INELIGIBLE_PINNACLE_TWO_SIDED_CONTRACT_MISSING,PASS,EXPERIMENTAL_SHADOW_NO_STAKES;INELIGIBLE_PINNACLE_TWO_SIDED_CONTRACT_MISSING;Challenger feature/game rows are missing or duplicated,local:challenger+the-odds-api,2026-09-26T21:00:29.199963Z,,1.1.0,b6804bb3ec7b6873f706e3cc52f6e4f67944de50a84e9d82c5eb6eb36d501c32
87f4ba331208d375be3178dbb5ecde6628a0e26115dfa09f4fa039d990724bcd,challenger-0.2.0,5c8bf3ec348a261ab2c0ce94bd8cc315f754a8dc991c15c20d0d961d06997984,49fadb583b0dee0ba78c242826cb3e521cee0c4af2da837cfd5df18936598793,159ec87beb47e140832d992a80618f94b5cef5681c9d11c24e999ce1cad03b10,dffe8acdbd3e011d12e5e45e08331fd300f3b67f,214053eb-5084-4022-8817-4ddbbf933e60,2ea94ddf20f66432b9024fe2e2eaba5f,2026_04_JAX_CIN,2026,4,2026-10-04T17:00:00Z,spreads,HOME,2026-09-27T03:01:00.857309Z,2026-09-27T03:00:57.384540Z,2026-09-22T18:51:43.097248Z,3ecdbfbaf3290a1d0f9b9aee517e61634d37a7bdde41367b8b77ffdf6363f311,,,,,,,,,,RETAIL_ONLY,2,,,,,,,,,MODELED_DEVELOPMENT_MARGIN_SHADOW_ONLY,INELIGIBLE_PINNACLE_TWO_SIDED_CONTRACT_MISSING,PASS,EXPERIMENTAL_SHADOW_NO_STAKES;INELIGIBLE_PINNACLE_TWO_SIDED_CONTRACT_MISSING;Challenger feature/game rows are missing or duplicated,local:challenger+the-odds-api,2026-09-27T03:01:00.857309Z,,1.1.0,333628d7a1c613859a7b13acb057117e5cee3233284216934eff211865de6fc8
d2cc4969eb49a89751607b558d3719cf1e32b2dac2e1fa74ab85da475c7e5d5f,1.1.2,6590a4bbb77802175afa4c406de831d596569cbf2e1f596de7df0910f43e8fd5,e51f21289a5f63ada7c1746ad6385412db3f6a4e7fc3ba4e33e43fbdb6e9bf14,241bade8665d15f1855e8ed5cb5a8f8bc3dbb5e66c87d76b45ab5d76f1caa9f7,dffe8acdbd3e011d12e5e45e08331fd300f3b67f,214053eb-5084-4022-8817-4ddbbf933e60,2ea94ddf20f66432b9024fe2e2eaba5f,2026_04_JAX_CIN,2026,4,2026-10-04T17:00:00Z,spreads,HOME,2026-09-27T03:00:57.907341Z,2026-09-27T03:00:57.384540Z,2026-09-22T18:51:43.097248Z,bb86d96ac8c5a37027060695827d4ca64ef6cc1d2ef5b5808941c85556f173d5,,,,,,,,,,RETAIL_ONLY,2,,,,,,,,,UNAVAILABLE_FOR_BETTING,INELIGIBLE_PINNACLE_TWO_SIDED_CONTRACT_MISSING,PASS,MODEL_LOCKED_UNTESTED_2026;UNCERTAINTY_UNAVAILABLE_FOR_BETTING;INELIGIBLE_PINNACLE_TWO_SIDED_CONTRACT_MISSING;Feature store does not contain exactly two rows for the game,local:v11-prospective-observer,2026-09-27T03:00:57.907341Z,,1.1.0,110ba10c491cc60c7589d95eeba26f8aa8390ed7e4ac903b8dda77ef03e4a51e
22ee05e566bc7f594741cb8a0532983ce18aba4bf75f3da882f0de28f7796739,challenger-0.2.0,5c8bf3ec348a261ab2c0ce94bd8cc315f754a8dc991c15c20d0d961d06997984,49fadb583b0dee0ba78c242826cb3e521cee0c4af2da837cfd5df18936598793,159ec87beb47e140832d992a80618f94b5cef5681c9d11c24e999ce1cad03b10,b143eda428696625817bd7042b4cf3a453477386,e1878b61-7760-4e06-9ca0-bec5e38d131c,2ea94ddf20f66432b9024fe2e2eaba5f,2026_04_JAX_CIN,2026,4,2026-10-04T17:00:00Z,spreads,HOME,2026-09-27T12:45:25.295673Z,2026-09-27T12:45:22.019645Z,2026-09-22T18:51:43.097248Z,3ecdbfbaf3290a1d0f9b9aee517e61634d37a7bdde41367b8b77ffdf6363f311,,,,,,,,,,RETAIL_ONLY,2,,,,,,,,,MODELED_DEVELOPMENT_MARGIN_SHADOW_ONLY,INELIGIBLE_PINNACLE_TWO_SIDED_CONTRACT_MISSING,PASS,EXPERIMENTAL_SHADOW_NO_STAKES;INELIGIBLE_PINNACLE_TWO_SIDED_CONTRACT_MISSING;Challenger feature/game rows are missing or duplicated,local:challenger+the-odds-api,2026-09-27T12:45:25.295673Z,,1.1.0,36ff53bfe7ce489a46d1b417920cc5c2b813ffefcc4047186d571446578deec3
71a0c3391711587fa6e19c067ae82fb69b29853eefe80347c9f608c15fbece6a,1.1.2,6590a4bbb77802175afa4c406de831d596569cbf2e1f596de7df0910f43e8fd5,e51f21289a5f63ada7c1746ad6385412db3f6a4e7fc3ba4e33e43fbdb6e9bf14,241bade8665d15f1855e8ed5cb5a8f8bc3dbb5e66c87d76b45ab5d76f1caa9f7,b143eda428696625817bd7042b4cf3a453477386,e1878b61-7760-4e06-9ca0-bec5e38d131c,2ea94ddf20f66432b9024fe2e2eaba5f,2026_04_JAX_CIN,2026,4,2026-10-04T17:00:00Z,spreads,HOME,2026-09-27T12:45:22.508290Z,2026-09-27T12:45:22.019645Z,2026-09-22T18:51:43.097248Z,bb86d96ac8c5a37027060695827d4ca64ef6cc1d2ef5b5808941c85556f173d5,,,,,,,,,,RETAIL_ONLY,2,,,,,,,,,UNAVAILABLE_FOR_BETTING,INELIGIBLE_PINNACLE_TWO_SIDED_CONTRACT_MISSING,PASS,MODEL_LOCKED_UNTESTED_2026;UNCERTAINTY_UNAVAILABLE_FOR_BETTING;INELIGIBLE_PINNACLE_TWO_SIDED_CONTRACT_MISSING;Feature store does not contain exactly two rows for the game,local:v11-prospective-observer,2026-09-27T12:45:22.508290Z,,1.1.0,309a153c30c9579a584b9a693e81e658f9bfaddd1f4f0c5fe17ede3c7de41855
056e98d345b938be590236b638fea5b2c4a959f127769a2dcc5f9df73cb41f1e,challenger-0.2.0,5c8bf3ec348a261ab2c0ce94bd8cc315f754a8dc991c15c20d0d961d06997984,49fadb583b0dee0ba78c242826cb3e521cee0c4af2da837cfd5df18936598793,159ec87beb47e140832d992a80618f94b5cef5681c9d11c24e999ce1cad03b10,c8df716c912e3f6e3b11d508f2988b51a9d4b5a7,d4b87e91-991a-4aa9-bfef-bc8de675e276,2ea94ddf20f66432b9024fe2e2eaba5f,2026_04_JAX_CIN,2026,4,2026-10-04T17:00:00Z,totals,OVER,2026-09-23T13:00:24.484171Z,2026-09-23T13:00:21.551276Z,2026-09-22T18:51:43.097248Z,3ecdbfbaf3290a1d0f9b9aee517e61634d37a7bdde41367b8b77ffdf6363f311,,,,,,,,,,RETAIL_ONLY,2,,,,,,,,,MODELED_DEVELOPMENT_MARGIN_SHADOW_ONLY,INELIGIBLE_PINNACLE_TWO_SIDED_CONTRACT_MISSING,PASS,EXPERIMENTAL_SHADOW_NO_STAKES;INELIGIBLE_PINNACLE_TWO_SIDED_CONTRACT_MISSING;Challenger feature/game rows are missing or duplicated,local:challenger+the-odds-api,2026-09-23T13:00:24.484171Z,,1.1.0,b0b6e9b6b9f2dd710f93a3d3991e869a2316bdcd3c7c66c60f5964569a525c00
9e68674e5769c8445028917ce53efc13982ea0ce1aa8889c9d78c1f0b9e9ca3e,1.1.2,6590a4bbb77802175afa4c406de831d596569cbf2e1f596de7df0910f43e8fd5,e51f21289a5f63ada7c1746ad6385412db3f6a4e7fc3ba4e33e43fbdb6e9bf14,241bade8665d15f1855e8ed5cb5a8f8bc3dbb5e66c87d76b45ab5d76f1caa9f7,c8df716c912e3f6e3b11d508f2988b51a9d4b5a7,d4b87e91-991a-4aa9-bfef-bc8de675e276,2ea94ddf20f66432b9024fe2e2eaba5f,2026_04_JAX_CIN,2026,4,2026-10-04T17:00:00Z,totals,OVER,2026-09-23T13:00:21.951453Z,2026-09-23T13:00:21.551276Z,2026-09-22T18:51:43.097248Z,bb86d96ac8c5a37027060695827d4ca64ef6cc1d2ef5b5808941c85556f173d5,,,,,,,,,,RETAIL_ONLY,2,,,,,,,,,UNAVAILABLE_FOR_BETTING,INELIGIBLE_PINNACLE_TWO_SIDED_CONTRACT_MISSING,PASS,MODEL_LOCKED_UNTESTED_2026;UNCERTAINTY_UNAVAILABLE_FOR_BETTING;INELIGIBLE_PINNACLE_TWO_SIDED_CONTRACT_MISSING;Feature store does not contain exactly two rows for the game,local:v11-prospective-observer,2026-09-23T13:00:21.951453Z,,1.1.0,f383ab41174cfcc1e50864decc3b858c19a67e60d7f7969230530c3bb21843c3
228ca5c79c825f0150a0a772b65190f7dfa54160d941ee6c23bd04b6747c474a,1.1.2,6590a4bbb77802175afa4c406de831d596569cbf2e1f596de7df0910f43e8fd5,e51f21289a5f63ada7c1746ad6385412db3f6a4e7fc3ba4e33e43fbdb6e9bf14,241bade8665d15f1855e8ed5cb5a8f8bc3dbb5e66c87d76b45ab5d76f1caa9f7,dffe8acdbd3e011d12e5e45e08331fd300f3b67f,d842d1fe-0de3-48ea-8341-bb9cfc6a6383,2ea94ddf20f66432b9024fe2e2eaba5f,2026_04_JAX_CIN,2026,4,2026-10-04T17:00:00Z,totals,OVER,2026-09-24T16:00:22.882475Z,2026-09-24T16:00:22.454081Z,2026-09-22T18:51:43.097248Z,bb86d96ac8c5a37027060695827d4ca64ef6cc1d2ef5b5808941c85556f173d5,,,,,,,,,,RETAIL_ONLY,2,,,,,,,,,UNAVAILABLE_FOR_BETTING,INELIGIBLE_PINNACLE_TWO_SIDED_CONTRACT_MISSING,PASS,MODEL_LOCKED_UNTESTED_2026;UNCERTAINTY_UNAVAILABLE_FOR_BETTING;INELIGIBLE_PINNACLE_TWO_SIDED_CONTRACT_MISSING;Feature store does not contain exactly two rows for the game,local:v11-prospective-observer,2026-09-24T16:00:22.882475Z,,1.1.0,499b8847df0e3653e663769e721b397a6e21dadbda6e512b520334926ab2760a
442643c572aabb8016e52af217847fadb431ccf7a089b32f16abcf81ab0f85b2,challenger-0.2.0,5c8bf3ec348a261ab2c0ce94bd8cc315f754a8dc991c15c20d0d961d06997984,49fadb583b0dee0ba78c242826cb3e521cee0c4af2da837cfd5df18936598793,159ec87beb47e140832d992a80618f94b5cef5681c9d11c24e999ce1cad03b10,dffe8acdbd3e011d12e5e45e08331fd300f3b67f,d842d1fe-0de3-48ea-8341-bb9cfc6a6383,2ea94ddf20f66432b9024fe2e2eaba5f,2026_04_JAX_CIN,2026,4,2026-10-04T17:00:00Z,totals,OVER,2026-09-24T16:00:25.607332Z,2026-09-24T16:00:22.454081Z,2026-09-22T18:51:43.097248Z,3ecdbfbaf3290a1d0f9b9aee517e61634d37a7bdde41367b8b77ffdf6363f311,,,,,,,,,,RETAIL_ONLY,2,,,,,,,,,MODELED_DEVELOPMENT_MARGIN_SHADOW_ONLY,INELIGIBLE_PINNACLE_TWO_SIDED_CONTRACT_MISSING,PASS,EXPERIMENTAL_SHADOW_NO_STAKES;INELIGIBLE_PINNACLE_TWO_SIDED_CONTRACT_MISSING;Challenger feature/game rows are missing or duplicated,local:challenger+the-odds-api,2026-09-24T16:00:25.607332Z,,1.1.0,536f0774708c9251e91019eb076fe9a335bc71d44846c7db12f43eb815bb35e9
7568239a401e0014a82026cb1cd448b3741eac1b4ff3c3ec670f0d953b6ad925,challenger-0.2.0,5c8bf3ec348a261ab2c0ce94bd8cc315f754a8dc991c15c20d0d961d06997984,49fadb583b0dee0ba78c242826cb3e521cee0c4af2da837cfd5df18936598793,159ec87beb47e140832d992a80618f94b5cef5681c9d11c24e999ce1cad03b10,dffe8acdbd3e011d12e5e45e08331fd300f3b67f,b7f8819c-86a9-428f-bb46-debf3999015c,2ea94ddf20f66432b9024fe2e2eaba5f,2026_04_JAX_CIN,2026,4,2026-10-04T17:00:00Z,totals,OVER,2026-09-25T21:00:31.801654Z,2026-09-25T21:00:28.639096Z,2026-09-22T18:51:43.097248Z,3ecdbfbaf3290a1d0f9b9aee517e61634d37a7bdde41367b8b77ffdf6363f311,,,,,,,,,,RETAIL_ONLY,2,,,,,,,,,MODELED_DEVELOPMENT_MARGIN_SHADOW_ONLY,INELIGIBLE_PINNACLE_TWO_SIDED_CONTRACT_MISSING,PASS,EXPERIMENTAL_SHADOW_NO_STAKES;INELIGIBLE_PINNACLE_TWO_SIDED_CONTRACT_MISSING;Challenger feature/game rows are missing or duplicated,local:challenger+the-odds-api,2026-09-25T21:00:31.801654Z,,1.1.0,95dac169f30a2d223ac29299078e38ff9d228d0f4e8baa10d92bf0a90171c3a2
794fecbab821c278624d1cb45d622eb348651d29099c474b66cb58561883e5a3,1.1.2,6590a4bbb77802175afa4c406de831d596569cbf2e1f596de7df0910f43e8fd5,e51f21289a5f63ada7c1746ad6385412db3f6a4e7fc3ba4e33e43fbdb6e9bf14,241bade8665d15f1855e8ed5cb5a8f8bc3dbb5e66c87d76b45ab5d76f1caa9f7,dffe8acdbd3e011d12e5e45e08331fd300f3b67f,b7f8819c-86a9-428f-bb46-debf3999015c,2ea94ddf20f66432b9024fe2e2eaba5f,2026_04_JAX_CIN,2026,4,2026-10-04T17:00:00Z,totals,OVER,2026-09-25T21:00:29.089372Z,2026-09-25T21:00:28.639096Z,2026-09-22T18:51:43.097248Z,bb86d96ac8c5a37027060695827d4ca64ef6cc1d2ef5b5808941c85556f173d5,,,,,,,,,,RETAIL_ONLY,2,,,,,,,,,UNAVAILABLE_FOR_BETTING,INELIGIBLE_PINNACLE_TWO_SIDED_CONTRACT_MISSING,PASS,MODEL_LOCKED_UNTESTED_2026;UNCERTAINTY_UNAVAILABLE_FOR_BETTING;INELIGIBLE_PINNACLE_TWO_SIDED_CONTRACT_MISSING;Feature store does not contain exactly two rows for the game,local:v11-prospective-observer,2026-09-25T21:00:29.089372Z,,1.1.0,692f8b0d72c0cdaeb3c06b38f40bf5517bc21bb8672afdf95f18074fe52bedc9
5b2d356164c565df1001c66636b491a97e223e4c6856096de497a4bf5da64af1,challenger-0.2.0,5c8bf3ec348a261ab2c0ce94bd8cc315f754a8dc991c15c20d0d961d06997984,49fadb583b0dee0ba78c242826cb3e521cee0c4af2da837cfd5df18936598793,159ec87beb47e140832d992a80618f94b5cef5681c9d11c24e999ce1cad03b10,dffe8acdbd3e011d12e5e45e08331fd300f3b67f,8b8b5771-d3ca-480c-9980-dac450e82c42,2ea94ddf20f66432b9024fe2e2eaba5f,2026_04_JAX_CIN,2026,4,2026-10-04T17:00:00Z,totals,OVER,2026-09-26T13:00:30.675609Z,2026-09-26T13:00:27.208512Z,2026-09-22T18:51:43.097248Z,3ecdbfbaf3290a1d0f9b9aee517e61634d37a7bdde41367b8b77ffdf6363f311,,,,,,,,,,RETAIL_ONLY,2,,,,,,,,,MODELED_DEVELOPMENT_MARGIN_SHADOW_ONLY,INELIGIBLE_PINNACLE_TWO_SIDED_CONTRACT_MISSING,PASS,EXPERIMENTAL_SHADOW_NO_STAKES;INELIGIBLE_PINNACLE_TWO_SIDED_CONTRACT_MISSING;Challenger feature/game rows are missing or duplicated,local:challenger+the-odds-api,2026-09-26T13:00:30.675609Z,,1.1.0,a82e54b7cf7b2b348e67b063828d00b5b566e7bb5932445dc52a376407952668
85c1d5881ecbfcdf4ddae56a46a945ba1c50737fadb7fb20aeb0b92bbe93e8ab,1.1.2,6590a4bbb77802175afa4c406de831d596569cbf2e1f596de7df0910f43e8fd5,e51f21289a5f63ada7c1746ad6385412db3f6a4e7fc3ba4e33e43fbdb6e9bf14,241bade8665d15f1855e8ed5cb5a8f8bc3dbb5e66c87d76b45ab5d76f1caa9f7,dffe8acdbd3e011d12e5e45e08331fd300f3b67f,8b8b5771-d3ca-480c-9980-dac450e82c42,2ea94ddf20f66432b9024fe2e2eaba5f,2026_04_JAX_CIN,2026,4,2026-10-04T17:00:00Z,totals,OVER,2026-09-26T13:00:27.689180Z,2026-09-26T13:00:27.208512Z,2026-09-22T18:51:43.097248Z,bb86d96ac8c5a37027060695827d4ca64ef6cc1d2ef5b5808941c85556f173d5,,,,,,,,,,RETAIL_ONLY,2,,,,,,,,,UNAVAILABLE_FOR_BETTING,INELIGIBLE_PINNACLE_TWO_SIDED_CONTRACT_MISSING,PASS,MODEL_LOCKED_UNTESTED_2026;UNCERTAINTY_UNAVAILABLE_FOR_BETTING;INELIGIBLE_PINNACLE_TWO_SIDED_CONTRACT_MISSING;Feature store does not contain exactly two rows for the game,local:v11-prospective-observer,2026-09-26T13:00:27.689180Z,,1.1.0,f95ffffe4dbda97168dc7acf1566d225b6d42a7e5b50ba2968f48b634dad1309
3ebc583d06386c7691838a2923cad8c13a29eb37a7813825d7f47a17e220d96a,challenger-0.2.0,5c8bf3ec348a261ab2c0ce94bd8cc315f754a8dc991c15c20d0d961d06997984,49fadb583b0dee0ba78c242826cb3e521cee0c4af2da837cfd5df18936598793,159ec87beb47e140832d992a80618f94b5cef5681c9d11c24e999ce1cad03b10,dffe8acdbd3e011d12e5e45e08331fd300f3b67f,d2d710b1-c436-4180-8c43-56a6e84b5e0f,2ea94ddf20f66432b9024fe2e2eaba5f,2026_04_JAX_CIN,2026,4,2026-10-04T17:00:00Z,totals,OVER,2026-09-26T21:00:29.199963Z,2026-09-26T21:00:25.892304Z,2026-09-22T18:51:43.097248Z,3ecdbfbaf3290a1d0f9b9aee517e61634d37a7bdde41367b8b77ffdf6363f311,,,,,,,,,,RETAIL_ONLY,2,,,,,,,,,MODELED_DEVELOPMENT_MARGIN_SHADOW_ONLY,INELIGIBLE_PINNACLE_TWO_SIDED_CONTRACT_MISSING,PASS,EXPERIMENTAL_SHADOW_NO_STAKES;INELIGIBLE_PINNACLE_TWO_SIDED_CONTRACT_MISSING;Challenger feature/game rows are missing or duplicated,local:challenger+the-odds-api,2026-09-26T21:00:29.199963Z,,1.1.0,43751b4e7088979cfcbc884d58b12ab49b05b4667ea6a64a07c2004f4f633fbb
5caf18285a4322c2d8ca59182c204071ff2773736332364afdcc9d94e59e571e,1.1.2,6590a4bbb77802175afa4c406de831d596569cbf2e1f596de7df0910f43e8fd5,e51f21289a5f63ada7c1746ad6385412db3f6a4e7fc3ba4e33e43fbdb6e9bf14,241bade8665d15f1855e8ed5cb5a8f8bc3dbb5e66c87d76b45ab5d76f1caa9f7,dffe8acdbd3e011d12e5e45e08331fd300f3b67f,d2d710b1-c436-4180-8c43-56a6e84b5e0f,2ea94ddf20f66432b9024fe2e2eaba5f,2026_04_JAX_CIN,2026,4,2026-10-04T17:00:00Z,totals,OVER,2026-09-26T21:00:26.360329Z,2026-09-26T21:00:25.892304Z,2026-09-22T18:51:43.097248Z,bb86d96ac8c5a37027060695827d4ca64ef6cc1d2ef5b5808941c85556f173d5,,,,,,,,,,RETAIL_ONLY,2,,,,,,,,,UNAVAILABLE_FOR_BETTING,INELIGIBLE_PINNACLE_TWO_SIDED_CONTRACT_MISSING,PASS,MODEL_LOCKED_UNTESTED_2026;UNCERTAINTY_UNAVAILABLE_FOR_BETTING;INELIGIBLE_PINNACLE_TWO_SIDED_CONTRACT_MISSING;Feature store does not contain exactly two rows for the game,local:v11-prospective-observer,2026-09-26T21:00:26.360329Z,,1.1.0,d11b16be0f7f075be1386d4bc05987c620fc905c01213bcdf7f9db7a47f201d5
e64ce55676f205b148065a1da338c2ef05b75faf0c6eb16147809cdc918240e8,challenger-0.2.0,5c8bf3ec348a261ab2c0ce94bd8cc315f754a8dc991c15c20d0d961d06997984,49fadb583b0dee0ba78c242826cb3e521cee0c4af2da837cfd5df18936598793,159ec87beb47e140832d992a80618f94b5cef5681c9d11c24e999ce1cad03b10,dffe8acdbd3e011d12e5e45e08331fd300f3b67f,214053eb-5084-4022-8817-4ddbbf933e60,2ea94ddf20f66432b9024fe2e2eaba5f,2026_04_JAX_CIN,2026,4,2026-10-04T17:00:00Z,totals,OVER,2026-09-27T03:01:00.857309Z,2026-09-27T03:00:57.384540Z,2026-09-22T18:51:43.097248Z,3ecdbfbaf3290a1d0f9b9aee517e61634d37a7bdde41367b8b77ffdf6363f311,,,,,,,,,,RETAIL_ONLY,2,,,,,,,,,MODELED_DEVELOPMENT_MARGIN_SHADOW_ONLY,INELIGIBLE_PINNACLE_TWO_SIDED_CONTRACT_MISSING,PASS,EXPERIMENTAL_SHADOW_NO_STAKES;INELIGIBLE_PINNACLE_TWO_SIDED_CONTRACT_MISSING;Challenger feature/game rows are missing or duplicated,local:challenger+the-odds-api,2026-09-27T03:01:00.857309Z,,1.1.0,c99eded97ea2837a764cc29d953076526de4324873c206bfaafa0ee414571fd5
f1fe09c44e86b5e059a7c95f92fb4df6a57592205b2c12543b92f57a819e4385,1.1.2,6590a4bbb77802175afa4c406de831d596569cbf2e1f596de7df0910f43e8fd5,e51f21289a5f63ada7c1746ad6385412db3f6a4e7fc3ba4e33e43fbdb6e9bf14,241bade8665d15f1855e8ed5cb5a8f8bc3dbb5e66c87d76b45ab5d76f1caa9f7,dffe8acdbd3e011d12e5e45e08331fd300f3b67f,214053eb-5084-4022-8817-4ddbbf933e60,2ea94ddf20f66432b9024fe2e2eaba5f,2026_04_JAX_CIN,2026,4,2026-10-04T17:00:00Z,totals,OVER,2026-09-27T03:00:57.907341Z,2026-09-27T03:00:57.384540Z,2026-09-22T18:51:43.097248Z,bb86d96ac8c5a37027060695827d4ca64ef6cc1d2ef5b5808941c85556f173d5,,,,,,,,,,RETAIL_ONLY,2,,,,,,,,,UNAVAILABLE_FOR_BETTING,INELIGIBLE_PINNACLE_TWO_SIDED_CONTRACT_MISSING,PASS,MODEL_LOCKED_UNTESTED_2026;UNCERTAINTY_UNAVAILABLE_FOR_BETTING;INELIGIBLE_PINNACLE_TWO_SIDED_CONTRACT_MISSING;Feature store does not contain exactly two rows for the game,local:v11-prospective-observer,2026-09-27T03:00:57.907341Z,,1.1.0,8d5ed6914c4289803ac3aee4fba468a5e9b249c640e21f6fa04ff852fe49c6f3
03599d7991ef95b33e19902d0e1ba752a00e0320caa6fb1cad347cc484e0e8e7,challenger-0.2.0,5c8bf3ec348a261ab2c0ce94bd8cc315f754a8dc991c15c20d0d961d06997984,49fadb583b0dee0ba78c242826cb3e521cee0c4af2da837cfd5df18936598793,159ec87beb47e140832d992a80618f94b5cef5681c9d11c24e999ce1cad03b10,b143eda428696625817bd7042b4cf3a453477386,e1878b61-7760-4e06-9ca0-bec5e38d131c,2ea94ddf20f66432b9024fe2e2eaba5f,2026_04_JAX_CIN,2026,4,2026-10-04T17:00:00Z,totals,OVER,2026-09-27T12:45:25.295673Z,2026-09-27T12:45:22.019645Z,2026-09-22T18:51:43.097248Z,3ecdbfbaf3290a1d0f9b9aee517e61634d37a7bdde41367b8b77ffdf6363f311,,,,,,,,,,RETAIL_ONLY,2,,,,,,,,,MODELED_DEVELOPMENT_MARGIN_SHADOW_ONLY,INELIGIBLE_PINNACLE_TWO_SIDED_CONTRACT_MISSING,PASS,EXPERIMENTAL_SHADOW_NO_STAKES;INELIGIBLE_PINNACLE_TWO_SIDED_CONTRACT_MISSING;Challenger feature/game rows are missing or duplicated,local:challenger+the-odds-api,2026-09-27T12:45:25.295673Z,,1.1.0,d9ad03ff53e9638716d2e26273ccb3d731237722efcf3c390cccbc988654e787
5308186c1e5b54069def98a6b1d3002fa990faca2300631c09b6c5edda7d2e8b,1.1.2,6590a4bbb77802175afa4c406de831d596569cbf2e1f596de7df0910f43e8fd5,e51f21289a5f63ada7c1746ad6385412db3f6a4e7fc3ba4e33e43fbdb6e9bf14,241bade8665d15f1855e8ed5cb5a8f8bc3dbb5e66c87d76b45ab5d76f1caa9f7,b143eda428696625817bd7042b4cf3a453477386,e1878b61-7760-4e06-9ca0-bec5e38d131c,2ea94ddf20f66432b9024fe2e2eaba5f,2026_04_JAX_CIN,2026,4,2026-10-04T17:00:00Z,totals,OVER,2026-09-27T12:45:22.508290Z,2026-09-27T12:45:22.019645Z,2026-09-22T18:51:43.097248Z,bb86d96ac8c5a37027060695827d4ca64ef6cc1d2ef5b5808941c85556f173d5,,,,,,,,,,RETAIL_ONLY,2,,,,,,,,,UNAVAILABLE_FOR_BETTING,INELIGIBLE_PINNACLE_TWO_SIDED_CONTRACT_MISSING,PASS,MODEL_LOCKED_UNTESTED_2026;UNCERTAINTY_UNAVAILABLE_FOR_BETTING;INELIGIBLE_PINNACLE_TWO_SIDED_CONTRACT_MISSING;Feature store does not contain exactly two rows for the game,local:v11-prospective-observer,2026-09-27T12:45:22.508290Z,,1.1.0,a480e10a7068bc697c6cf24f855bab327142c6f15366ef51548354b39edcfac4
ea002c391d42a4e3f425eb705b44f8f7d873f021f93f68d30cf208fa33a66fbb,1.1.2,6590a4bbb77802175afa4c406de831d596569cbf2e1f596de7df0910f43e8fd5,e51f21289a5f63ada7c1746ad6385412db3f6a4e7fc3ba4e33e43fbdb6e9bf14,241bade8665d15f1855e8ed5cb5a8f8bc3dbb5e66c87d76b45ab5d76f1caa9f7,c8df716c912e3f6e3b11d508f2988b51a9d4b5a7,d4b87e91-991a-4aa9-bfef-bc8de675e276,1b4f2e60ce83fa1d63a5dff83769d27c,2026_04_LA_PHI,2026,4,2026-10-04T17:00:00Z,spreads,HOME,2026-09-23T13:00:21.951453Z,2026-09-23T13:00:21.551276Z,2026-09-22T18:51:43.097248Z,bb86d96ac8c5a37027060695827d4ca64ef6cc1d2ef5b5808941c85556f173d5,,,,,,,,,,RETAIL_ONLY,2,,,,,,,,,UNAVAILABLE_FOR_BETTING,INELIGIBLE_PINNACLE_TWO_SIDED_CONTRACT_MISSING,PASS,MODEL_LOCKED_UNTESTED_2026;UNCERTAINTY_UNAVAILABLE_FOR_BETTING;INELIGIBLE_PINNACLE_TWO_SIDED_CONTRACT_MISSING;Feature store does not contain exactly two rows for the game,local:v11-prospective-observer,2026-09-23T13:00:21.951453Z,,1.1.0,309b099b14732d846404e90e3fc8a1ae7f073c950b79b5e527a45e5d67489122
f1e5a9cb58269eab9ff28674b30ee4184f61a8fffe366fc0fdeb63d65c806c2a,challenger-0.2.0,5c8bf3ec348a261ab2c0ce94bd8cc315f754a8dc991c15c20d0d961d06997984,49fadb583b0dee0ba78c242826cb3e521cee0c4af2da837cfd5df18936598793,159ec87beb47e140832d992a80618f94b5cef5681c9d11c24e999ce1cad03b10,c8df716c912e3f6e3b11d508f2988b51a9d4b5a7,d4b87e91-991a-4aa9-bfef-bc8de675e276,1b4f2e60ce83fa1d63a5dff83769d27c,2026_04_LA_PHI,2026,4,2026-10-04T17:00:00Z,spreads,HOME,2026-09-23T13:00:24.484171Z,2026-09-23T13:00:21.551276Z,2026-09-22T18:51:43.097248Z,3ecdbfbaf3290a1d0f9b9aee517e61634d37a7bdde41367b8b77ffdf6363f311,,,,,,,,,,RETAIL_ONLY,2,,,,,,,,,MODELED_DEVELOPMENT_MARGIN_SHADOW_ONLY,INELIGIBLE_PINNACLE_TWO_SIDED_CONTRACT_MISSING,PASS,EXPERIMENTAL_SHADOW_NO_STAKES;INELIGIBLE_PINNACLE_TWO_SIDED_CONTRACT_MISSING;Challenger feature/game rows are missing or duplicated,local:challenger+the-odds-api,2026-09-23T13:00:24.484171Z,,1.1.0,c7f17b30db8b30bafeacff20c830cb3ee14588a6f3d82c489aa737698a5c1367
6eee91e38b06ce06c3a8082c2305796f2b6f16048bdf0c38e0c00d4606f06990,1.1.2,6590a4bbb77802175afa4c406de831d596569cbf2e1f596de7df0910f43e8fd5,e51f21289a5f63ada7c1746ad6385412db3f6a4e7fc3ba4e33e43fbdb6e9bf14,241bade8665d15f1855e8ed5cb5a8f8bc3dbb5e66c87d76b45ab5d76f1caa9f7,dffe8acdbd3e011d12e5e45e08331fd300f3b67f,d842d1fe-0de3-48ea-8341-bb9cfc6a6383,1b4f2e60ce83fa1d63a5dff83769d27c,2026_04_LA_PHI,2026,4,2026-10-04T17:00:00Z,spreads,HOME,2026-09-24T16:00:22.882475Z,2026-09-24T16:00:22.454081Z,2026-09-22T18:51:43.097248Z,bb86d96ac8c5a37027060695827d4ca64ef6cc1d2ef5b5808941c85556f173d5,,,,,,,,,,RETAIL_ONLY,2,,,,,,,,,UNAVAILABLE_FOR_BETTING,INELIGIBLE_PINNACLE_TWO_SIDED_CONTRACT_MISSING,PASS,MODEL_LOCKED_UNTESTED_2026;UNCERTAINTY_UNAVAILABLE_FOR_BETTING;INELIGIBLE_PINNACLE_TWO_SIDED_CONTRACT_MISSING;Feature store does not contain exactly two rows for the game,local:v11-prospective-observer,2026-09-24T16:00:22.882475Z,,1.1.0,f06e5afbf7c78d1d28a66f5d3e62beeff968911a5292d1ebf1b10d6bbd4075dc
dc718b0da298c25ec08c6b54ab5fc9a9a15ef1942ff4f2ffa5ffcf4b302cdc53,challenger-0.2.0,5c8bf3ec348a261ab2c0ce94bd8cc315f754a8dc991c15c20d0d961d06997984,49fadb583b0dee0ba78c242826cb3e521cee0c4af2da837cfd5df18936598793,159ec87beb47e140832d992a80618f94b5cef5681c9d11c24e999ce1cad03b10,dffe8acdbd3e011d12e5e45e08331fd300f3b67f,d842d1fe-0de3-48ea-8341-bb9cfc6a6383,1b4f2e60ce83fa1d63a5dff83769d27c,2026_04_LA_PHI,2026,4,2026-10-04T17:00:00Z,spreads,HOME,2026-09-24T16:00:25.607332Z,2026-09-24T16:00:22.454081Z,2026-09-22T18:51:43.097248Z,3ecdbfbaf3290a1d0f9b9aee517e61634d37a7bdde41367b8b77ffdf6363f311,,,,,,,,,,RETAIL_ONLY,2,,,,,,,,,MODELED_DEVELOPMENT_MARGIN_SHADOW_ONLY,INELIGIBLE_PINNACLE_TWO_SIDED_CONTRACT_MISSING,PASS,EXPERIMENTAL_SHADOW_NO_STAKES;INELIGIBLE_PINNACLE_TWO_SIDED_CONTRACT_MISSING;Challenger feature/game rows are missing or duplicated,local:challenger+the-odds-api,2026-09-24T16:00:25.607332Z,,1.1.0,dd2a55891c7483b1260051db4d6b3a1942498072faef2643303dd19cb936d49f
32e103aa6e86c3f3db98f3e55b6811d02578e177573119734b63db30dd5c012f,challenger-0.2.0,5c8bf3ec348a261ab2c0ce94bd8cc315f754a8dc991c15c20d0d961d06997984,49fadb583b0dee0ba78c242826cb3e521cee0c4af2da837cfd5df18936598793,159ec87beb47e140832d992a80618f94b5cef5681c9d11c24e999ce1cad03b10,dffe8acdbd3e011d12e5e45e08331fd300f3b67f,b7f8819c-86a9-428f-bb46-debf3999015c,1b4f2e60ce83fa1d63a5dff83769d27c,2026_04_LA_PHI,2026,4,2026-10-04T17:00:00Z,spreads,HOME,2026-09-25T21:00:31.801654Z,2026-09-25T21:00:28.639096Z,2026-09-22T18:51:43.097248Z,3ecdbfbaf3290a1d0f9b9aee517e61634d37a7bdde41367b8b77ffdf6363f311,,,,,,,,,,RETAIL_ONLY,2,,,,,,,,,MODELED_DEVELOPMENT_MARGIN_SHADOW_ONLY,INELIGIBLE_PINNACLE_TWO_SIDED_CONTRACT_MISSING,PASS,EXPERIMENTAL_SHADOW_NO_STAKES;INELIGIBLE_PINNACLE_TWO_SIDED_CONTRACT_MISSING;Challenger feature/game rows are missing or duplicated,local:challenger+the-odds-api,2026-09-25T21:00:31.801654Z,,1.1.0,3152894991ac84c337b517de2fc8f7879fc6e961fa633dbf77876225909ffaef
bf5d58729a60fce15b19dcf41d5b23452c5432c35e6a5864985d810e4ea3e327,1.1.2,6590a4bbb77802175afa4c406de831d596569cbf2e1f596de7df0910f43e8fd5,e51f21289a5f63ada7c1746ad6385412db3f6a4e7fc3ba4e33e43fbdb6e9bf14,241bade8665d15f1855e8ed5cb5a8f8bc3dbb5e66c87d76b45ab5d76f1caa9f7,dffe8acdbd3e011d12e5e45e08331fd300f3b67f,b7f8819c-86a9-428f-bb46-debf3999015c,1b4f2e60ce83fa1d63a5dff83769d27c,2026_04_LA_PHI,2026,4,2026-10-04T17:00:00Z,spreads,HOME,2026-09-25T21:00:29.089372Z,2026-09-25T21:00:28.639096Z,2026-09-22T18:51:43.097248Z,bb86d96ac8c5a37027060695827d4ca64ef6cc1d2ef5b5808941c85556f173d5,,,,,,,,,,RETAIL_ONLY,2,,,,,,,,,UNAVAILABLE_FOR_BETTING,INELIGIBLE_PINNACLE_TWO_SIDED_CONTRACT_MISSING,PASS,MODEL_LOCKED_UNTESTED_2026;UNCERTAINTY_UNAVAILABLE_FOR_BETTING;INELIGIBLE_PINNACLE_TWO_SIDED_CONTRACT_MISSING;Feature store does not contain exactly two rows for the game,local:v11-prospective-observer,2026-09-25T21:00:29.089372Z,,1.1.0,bc3507a102529e77465bc2fc72a560d1828ee6a3f69782cfd3eb10a3851df97b
a35bdc624f2301232ec4f9346f497c4665f56cc9564f94956f9213282904a1fc,1.1.2,6590a4bbb77802175afa4c406de831d596569cbf2e1f596de7df0910f43e8fd5,e51f21289a5f63ada7c1746ad6385412db3f6a4e7fc3ba4e33e43fbdb6e9bf14,241bade8665d15f1855e8ed5cb5a8f8bc3dbb5e66c87d76b45ab5d76f1caa9f7,dffe8acdbd3e011d12e5e45e08331fd300f3b67f,8b8b5771-d3ca-480c-9980-dac450e82c42,1b4f2e60ce83fa1d63a5dff83769d27c,2026_04_LA_PHI,2026,4,2026-10-04T17:00:00Z,spreads,HOME,2026-09-26T13:00:27.689180Z,2026-09-26T13:00:27.208512Z,2026-09-22T18:51:43.097248Z,bb86d96ac8c5a37027060695827d4ca64ef6cc1d2ef5b5808941c85556f173d5,,,,,,,,,,RETAIL_ONLY,2,,,,,,,,,UNAVAILABLE_FOR_BETTING,INELIGIBLE_PINNACLE_TWO_SIDED_CONTRACT_MISSING,PASS,MODEL_LOCKED_UNTESTED_2026;UNCERTAINTY_UNAVAILABLE_FOR_BETTING;INELIGIBLE_PINNACLE_TWO_SIDED_CONTRACT_MISSING;Feature store does not contain exactly two rows for the game,local:v11-prospective-observer,2026-09-26T13:00:27.689180Z,,1.1.0,e98d4825a89efd27c587ada571b6b62ac05af563e681722091f8e9b499542402
b1902746502499531dd4c5e53ef715c2e569e3b39ad2f4ef2ffc9080e7074fee,challenger-0.2.0,5c8bf3ec348a261ab2c0ce94bd8cc315f754a8dc991c15c20d0d961d06997984,49fadb583b0dee0ba78c242826cb3e521cee0c4af2da837cfd5df18936598793,159ec87beb47e140832d992a80618f94b5cef5681c9d11c24e999ce1cad03b10,dffe8acdbd3e011d12e5e45e08331fd300f3b67f,8b8b5771-d3ca-480c-9980-dac450e82c42,1b4f2e60ce83fa1d63a5dff83769d27c,2026_04_LA_PHI,2026,4,2026-10-04T17:00:00Z,spreads,HOME,2026-09-26T13:00:30.675609Z,2026-09-26T13:00:27.208512Z,2026-09-22T18:51:43.097248Z,3ecdbfbaf3290a1d0f9b9aee517e61634d37a7bdde41367b8b77ffdf6363f311,,,,,,,,,,RETAIL_ONLY,2,,,,,,,,,MODELED_DEVELOPMENT_MARGIN_SHADOW_ONLY,INELIGIBLE_PINNACLE_TWO_SIDED_CONTRACT_MISSING,PASS,EXPERIMENTAL_SHADOW_NO_STAKES;INELIGIBLE_PINNACLE_TWO_SIDED_CONTRACT_MISSING;Challenger feature/game rows are missing or duplicated,local:challenger+the-odds-api,2026-09-26T13:00:30.675609Z,,1.1.0,5b164dc7f93b7b2b2a2434c1470b235bff30782c976524baf30b36295e22560f
30e021cf201e98b756a9555439dd26dad106db2c83d8c2e3f9bc9c1bb95c5b1e,1.1.2,6590a4bbb77802175afa4c406de831d596569cbf2e1f596de7df0910f43e8fd5,e51f21289a5f63ada7c1746ad6385412db3f6a4e7fc3ba4e33e43fbdb6e9bf14,241bade8665d15f1855e8ed5cb5a8f8bc3dbb5e66c87d76b45ab5d76f1caa9f7,dffe8acdbd3e011d12e5e45e08331fd300f3b67f,d2d710b1-c436-4180-8c43-56a6e84b5e0f,1b4f2e60ce83fa1d63a5dff83769d27c,2026_04_LA_PHI,2026,4,2026-10-04T17:00:00Z,spreads,HOME,2026-09-26T21:00:26.360329Z,2026-09-26T21:00:25.892304Z,2026-09-22T18:51:43.097248Z,bb86d96ac8c5a37027060695827d4ca64ef6cc1d2ef5b5808941c85556f173d5,,,,,,,,,,RETAIL_ONLY,2,,,,,,,,,UNAVAILABLE_FOR_BETTING,INELIGIBLE_PINNACLE_TWO_SIDED_CONTRACT_MISSING,PASS,MODEL_LOCKED_UNTESTED_2026;UNCERTAINTY_UNAVAILABLE_FOR_BETTING;INELIGIBLE_PINNACLE_TWO_SIDED_CONTRACT_MISSING;Feature store does not contain exactly two rows for the game,local:v11-prospective-observer,2026-09-26T21:00:26.360329Z,,1.1.0,2580035a9b8f47c7569c014598750c780e862be05ce4dde6a9594259e9417032
efaf17ff2f8371b7446a99cc71ea10c0bb62c7c7c708b9264f3e27206042303d,challenger-0.2.0,5c8bf3ec348a261ab2c0ce94bd8cc315f754a8dc991c15c20d0d961d06997984,49fadb583b0dee0ba78c242826cb3e521cee0c4af2da837cfd5df18936598793,159ec87beb47e140832d992a80618f94b5cef5681c9d11c24e999ce1cad03b10,dffe8acdbd3e011d12e5e45e08331fd300f3b67f,d2d710b1-c436-4180-8c43-56a6e84b5e0f,1b4f2e60ce83fa1d63a5dff83769d27c,2026_04_LA_PHI,2026,4,2026-10-04T17:00:00Z,spreads,HOME,2026-09-26T21:00:29.199963Z,2026-09-26T21:00:25.892304Z,2026-09-22T18:51:43.097248Z,3ecdbfbaf3290a1d0f9b9aee517e61634d37a7bdde41367b8b77ffdf6363f311,,,,,,,,,,RETAIL_ONLY,2,,,,,,,,,MODELED_DEVELOPMENT_MARGIN_SHADOW_ONLY,INELIGIBLE_PINNACLE_TWO_SIDED_CONTRACT_MISSING,PASS,EXPERIMENTAL_SHADOW_NO_STAKES;INELIGIBLE_PINNACLE_TWO_SIDED_CONTRACT_MISSING;Challenger feature/game rows are missing or duplicated,local:challenger+the-odds-api,2026-09-26T21:00:29.199963Z,,1.1.0,13f505a623df11e9020b21250961a15ee4e4d40424de541d872da39705da6d67
39f2dcea0c5f14d775c6988d1c8009f2bd30c86704295a85fb40a6274895d4eb,1.1.2,6590a4bbb77802175afa4c406de831d596569cbf2e1f596de7df0910f43e8fd5,e51f21289a5f63ada7c1746ad6385412db3f6a4e7fc3ba4e33e43fbdb6e9bf14,241bade8665d15f1855e8ed5cb5a8f8bc3dbb5e66c87d76b45ab5d76f1caa9f7,dffe8acdbd3e011d12e5e45e08331fd300f3b67f,214053eb-5084-4022-8817-4ddbbf933e60,1b4f2e60ce83fa1d63a5dff83769d27c,2026_04_LA_PHI,2026,4,2026-10-04T17:00:00Z,spreads,HOME,2026-09-27T03:00:57.907341Z,2026-09-27T03:00:57.384540Z,2026-09-22T18:51:43.097248Z,bb86d96ac8c5a37027060695827d4ca64ef6cc1d2ef5b5808941c85556f173d5,,,,,,,,,,RETAIL_ONLY,2,,,,,,,,,UNAVAILABLE_FOR_BETTING,INELIGIBLE_PINNACLE_TWO_SIDED_CONTRACT_MISSING,PASS,MODEL_LOCKED_UNTESTED_2026;UNCERTAINTY_UNAVAILABLE_FOR_BETTING;INELIGIBLE_PINNACLE_TWO_SIDED_CONTRACT_MISSING;Feature store does not contain exactly two rows for the game,local:v11-prospective-observer,2026-09-27T03:00:57.907341Z,,1.1.0,75f11dca52f54bf11088db0f5cd8157ec0d3c2b48edaa06c0072948f65a29f26
d461dffd2127b3b1dcd16a9b52d06c7e52d42e102e99d081f3ed8b00ad6dbaf8,challenger-0.2.0,5c8bf3ec348a261ab2c0ce94bd8cc315f754a8dc991c15c20d0d961d06997984,49fadb583b0dee0ba78c242826cb3e521cee0c4af2da837cfd5df18936598793,159ec87beb47e140832d992a80618f94b5cef5681c9d11c24e999ce1cad03b10,dffe8acdbd3e011d12e5e45e08331fd300f3b67f,214053eb-5084-4022-8817-4ddbbf933e60,1b4f2e60ce83fa1d63a5dff83769d27c,2026_04_LA_PHI,2026,4,2026-10-04T17:00:00Z,spreads,HOME,2026-09-27T03:01:00.857309Z,2026-09-27T03:00:57.384540Z,2026-09-22T18:51:43.097248Z,3ecdbfbaf3290a1d0f9b9aee517e61634d37a7bdde41367b8b77ffdf6363f311,,,,,,,,,,RETAIL_ONLY,2,,,,,,,,,MODELED_DEVELOPMENT_MARGIN_SHADOW_ONLY,INELIGIBLE_PINNACLE_TWO_SIDED_CONTRACT_MISSING,PASS,EXPERIMENTAL_SHADOW_NO_STAKES;INELIGIBLE_PINNACLE_TWO_SIDED_CONTRACT_MISSING;Challenger feature/game rows are missing or duplicated,local:challenger+the-odds-api,2026-09-27T03:01:00.857309Z,,1.1.0,2d93868402437724423b2a1fa8b13445f4a5b6a896e96cffc0895b2bdab2b0b9
3ea77edd95f5ac093cedd03f4187940ffdc52b44bd59aca43929180884be7091,1.1.2,6590a4bbb77802175afa4c406de831d596569cbf2e1f596de7df0910f43e8fd5,e51f21289a5f63ada7c1746ad6385412db3f6a4e7fc3ba4e33e43fbdb6e9bf14,241bade8665d15f1855e8ed5cb5a8f8bc3dbb5e66c87d76b45ab5d76f1caa9f7,b143eda428696625817bd7042b4cf3a453477386,e1878b61-7760-4e06-9ca0-bec5e38d131c,1b4f2e60ce83fa1d63a5dff83769d27c,2026_04_LA_PHI,2026,4,2026-10-04T17:00:00Z,spreads,HOME,2026-09-27T12:45:22.508290Z,2026-09-27T12:45:22.019645Z,2026-09-22T18:51:43.097248Z,bb86d96ac8c5a37027060695827d4ca64ef6cc1d2ef5b5808941c85556f173d5,,,,,,,,,,RETAIL_ONLY,2,,,,,,,,,UNAVAILABLE_FOR_BETTING,INELIGIBLE_PINNACLE_TWO_SIDED_CONTRACT_MISSING,PASS,MODEL_LOCKED_UNTESTED_2026;UNCERTAINTY_UNAVAILABLE_FOR_BETTING;INELIGIBLE_PINNACLE_TWO_SIDED_CONTRACT_MISSING;Feature store does not contain exactly two rows for the game,local:v11-prospective-observer,2026-09-27T12:45:22.508290Z,,1.1.0,afe64771c6e3dbd8bc31f85ee9c0d7c85bb4ca248a981ac88e8e37b6ebd55214
b32361824dec0ac238e849cff4e3f8f934ec999445af68179b1d4a5ec385b1db,challenger-0.2.0,5c8bf3ec348a261ab2c0ce94bd8cc315f754a8dc991c15c20d0d961d06997984,49fadb583b0dee0ba78c242826cb3e521cee0c4af2da837cfd5df18936598793,159ec87beb47e140832d992a80618f94b5cef5681c9d11c24e999ce1cad03b10,b143eda428696625817bd7042b4cf3a453477386,e1878b61-7760-4e06-9ca0-bec5e38d131c,1b4f2e60ce83fa1d63a5dff83769d27c,2026_04_LA_PHI,2026,4,2026-10-04T17:00:00Z,spreads,HOME,2026-09-27T12:45:25.295673Z,2026-09-27T12:45:22.019645Z,2026-09-22T18:51:43.097248Z,3ecdbfbaf3290a1d0f9b9aee517e61634d37a7bdde41367b8b77ffdf6363f311,,,,,,,,,,RETAIL_ONLY,2,,,,,,,,,MODELED_DEVELOPMENT_MARGIN_SHADOW_ONLY,INELIGIBLE_PINNACLE_TWO_SIDED_CONTRACT_MISSING,PASS,EXPERIMENTAL_SHADOW_NO_STAKES;INELIGIBLE_PINNACLE_TWO_SIDED_CONTRACT_MISSING;Challenger feature/game rows are missing or duplicated,local:challenger+the-odds-api,2026-09-27T12:45:25.295673Z,,1.1.0,66bfc752df3b1a7db701ec577e55b3a6b6bf3350fa8325f781e381cef742b9a8
607920d5e5eb34668b7b783753725ca453085677473fc72b982d352a198e9ccb,challenger-0.2.0,5c8bf3ec348a261ab2c0ce94bd8cc315f754a8dc991c15c20d0d961d06997984,49fadb583b0dee0ba78c242826cb3e521cee0c4af2da837cfd5df18936598793,159ec87beb47e140832d992a80618f94b5cef5681c9d11c24e999ce1cad03b10,c8df716c912e3f6e3b11d508f2988b51a9d4b5a7,d4b87e91-991a-4aa9-bfef-bc8de675e276,1b4f2e60ce83fa1d63a5dff83769d27c,2026_04_LA_PHI,2026,4,2026-10-04T17:00:00Z,totals,OVER,2026-09-23T13:00:24.484171Z,2026-09-23T13:00:21.551276Z,2026-09-22T18:51:43.097248Z,3ecdbfbaf3290a1d0f9b9aee517e61634d37a7bdde41367b8b77ffdf6363f311,,,,,,,,,,RETAIL_ONLY,2,,,,,,,,,MODELED_DEVELOPMENT_MARGIN_SHADOW_ONLY,INELIGIBLE_PINNACLE_TWO_SIDED_CONTRACT_MISSING,PASS,EXPERIMENTAL_SHADOW_NO_STAKES;INELIGIBLE_PINNACLE_TWO_SIDED_CONTRACT_MISSING;Challenger feature/game rows are missing or duplicated,local:challenger+the-odds-api,2026-09-23T13:00:24.484171Z,,1.1.0,d8407057bcaf2511a62cc32a89bf1b3ec182a6b622aa68a0b3bc4c5f3bdecd7d
75aabfe0a57267c53ad8bab93b53d5b399fa4d7923e6947e935a7f637592b958,1.1.2,6590a4bbb77802175afa4c406de831d596569cbf2e1f596de7df0910f43e8fd5,e51f21289a5f63ada7c1746ad6385412db3f6a4e7fc3ba4e33e43fbdb6e9bf14,241bade8665d15f1855e8ed5cb5a8f8bc3dbb5e66c87d76b45ab5d76f1caa9f7,c8df716c912e3f6e3b11d508f2988b51a9d4b5a7,d4b87e91-991a-4aa9-bfef-bc8de675e276,1b4f2e60ce83fa1d63a5dff83769d27c,2026_04_LA_PHI,2026,4,2026-10-04T17:00:00Z,totals,OVER,2026-09-23T13:00:21.951453Z,2026-09-23T13:00:21.551276Z,2026-09-22T18:51:43.097248Z,bb86d96ac8c5a37027060695827d4ca64ef6cc1d2ef5b5808941c85556f173d5,,,,,,,,,,RETAIL_ONLY,2,,,,,,,,,UNAVAILABLE_FOR_BETTING,INELIGIBLE_PINNACLE_TWO_SIDED_CONTRACT_MISSING,PASS,MODEL_LOCKED_UNTESTED_2026;UNCERTAINTY_UNAVAILABLE_FOR_BETTING;INELIGIBLE_PINNACLE_TWO_SIDED_CONTRACT_MISSING;Feature store does not contain exactly two rows for the game,local:v11-prospective-observer,2026-09-23T13:00:21.951453Z,,1.1.0,7c32eea96247e1ea74b0efe913019756db6aa2731b6bb3e25b61ab25e2258f05
7fb889a31d7ac1381e810294f2163efe26dce2ad287f33930d39f9de04c73e72,challenger-0.2.0,5c8bf3ec348a261ab2c0ce94bd8cc315f754a8dc991c15c20d0d961d06997984,49fadb583b0dee0ba78c242826cb3e521cee0c4af2da837cfd5df18936598793,159ec87beb47e140832d992a80618f94b5cef5681c9d11c24e999ce1cad03b10,dffe8acdbd3e011d12e5e45e08331fd300f3b67f,d842d1fe-0de3-48ea-8341-bb9cfc6a6383,1b4f2e60ce83fa1d63a5dff83769d27c,2026_04_LA_PHI,2026,4,2026-10-04T17:00:00Z,totals,OVER,2026-09-24T16:00:25.607332Z,2026-09-24T16:00:22.454081Z,2026-09-22T18:51:43.097248Z,3ecdbfbaf3290a1d0f9b9aee517e61634d37a7bdde41367b8b77ffdf6363f311,,,,,,,,,,RETAIL_ONLY,2,,,,,,,,,MODELED_DEVELOPMENT_MARGIN_SHADOW_ONLY,INELIGIBLE_PINNACLE_TWO_SIDED_CONTRACT_MISSING,PASS,EXPERIMENTAL_SHADOW_NO_STAKES;INELIGIBLE_PINNACLE_TWO_SIDED_CONTRACT_MISSING;Challenger feature/game rows are missing or duplicated,local:challenger+the-odds-api,2026-09-24T16:00:25.607332Z,,1.1.0,253c1962da5e4663dd5b66b2ae14e3f60b0d9add34670ac06295fe2ad6e7ae54
f0ca87e0ac171831e00069c647c9b79f2270661a6b086ea4e689ab2d4b3f76a2,1.1.2,6590a4bbb77802175afa4c406de831d596569cbf2e1f596de7df0910f43e8fd5,e51f21289a5f63ada7c1746ad6385412db3f6a4e7fc3ba4e33e43fbdb6e9bf14,241bade8665d15f1855e8ed5cb5a8f8bc3dbb5e66c87d76b45ab5d76f1caa9f7,dffe8acdbd3e011d12e5e45e08331fd300f3b67f,d842d1fe-0de3-48ea-8341-bb9cfc6a6383,1b4f2e60ce83fa1d63a5dff83769d27c,2026_04_LA_PHI,2026,4,2026-10-04T17:00:00Z,totals,OVER,2026-09-24T16:00:22.882475Z,2026-09-24T16:00:22.454081Z,2026-09-22T18:51:43.097248Z,bb86d96ac8c5a37027060695827d4ca64ef6cc1d2ef5b5808941c85556f173d5,,,,,,,,,,RETAIL_ONLY,2,,,,,,,,,UNAVAILABLE_FOR_BETTING,INELIGIBLE_PINNACLE_TWO_SIDED_CONTRACT_MISSING,PASS,MODEL_LOCKED_UNTESTED_2026;UNCERTAINTY_UNAVAILABLE_FOR_BETTING;INELIGIBLE_PINNACLE_TWO_SIDED_CONTRACT_MISSING;Feature store does not contain exactly two rows for the game,local:v11-prospective-observer,2026-09-24T16:00:22.882475Z,,1.1.0,09e17e1d994ec8dd59ca95ca623d2d945619bbcfa89d1b81d69043e6ce130785
7459893d60af5c4dc86caffb92cc5a8371b77922de7cbe6c356c865cbaacc90c,1.1.2,6590a4bbb77802175afa4c406de831d596569cbf2e1f596de7df0910f43e8fd5,e51f21289a5f63ada7c1746ad6385412db3f6a4e7fc3ba4e33e43fbdb6e9bf14,241bade8665d15f1855e8ed5cb5a8f8bc3dbb5e66c87d76b45ab5d76f1caa9f7,dffe8acdbd3e011d12e5e45e08331fd300f3b67f,b7f8819c-86a9-428f-bb46-debf3999015c,1b4f2e60ce83fa1d63a5dff83769d27c,2026_04_LA_PHI,2026,4,2026-10-04T17:00:00Z,totals,OVER,2026-09-25T21:00:29.089372Z,2026-09-25T21:00:28.639096Z,2026-09-22T18:51:43.097248Z,bb86d96ac8c5a37027060695827d4ca64ef6cc1d2ef5b5808941c85556f173d5,,,,,,,,,,RETAIL_ONLY,2,,,,,,,,,UNAVAILABLE_FOR_BETTING,INELIGIBLE_PINNACLE_TWO_SIDED_CONTRACT_MISSING,PASS,MODEL_LOCKED_UNTESTED_2026;UNCERTAINTY_UNAVAILABLE_FOR_BETTING;INELIGIBLE_PINNACLE_TWO_SIDED_CONTRACT_MISSING;Feature store does not contain exactly two rows for the game,local:v11-prospective-observer,2026-09-25T21:00:29.089372Z,,1.1.0,ce4b40d770f33ca0a65f22251dfafc69f89b13538767e56b0a217aec3c8d084e
7dd54d8bc2da4cd69ce60f117935f9802a275cc727753c3a1b9c849c66e67ab8,challenger-0.2.0,5c8bf3ec348a261ab2c0ce94bd8cc315f754a8dc991c15c20d0d961d06997984,49fadb583b0dee0ba78c242826cb3e521cee0c4af2da837cfd5df18936598793,159ec87beb47e140832d992a80618f94b5cef5681c9d11c24e999ce1cad03b10,dffe8acdbd3e011d12e5e45e08331fd300f3b67f,b7f8819c-86a9-428f-bb46-debf3999015c,1b4f2e60ce83fa1d63a5dff83769d27c,2026_04_LA_PHI,2026,4,2026-10-04T17:00:00Z,totals,OVER,2026-09-25T21:00:31.801654Z,2026-09-25T21:00:28.639096Z,2026-09-22T18:51:43.097248Z,3ecdbfbaf3290a1d0f9b9aee517e61634d37a7bdde41367b8b77ffdf6363f311,,,,,,,,,,RETAIL_ONLY,2,,,,,,,,,MODELED_DEVELOPMENT_MARGIN_SHADOW_ONLY,INELIGIBLE_PINNACLE_TWO_SIDED_CONTRACT_MISSING,PASS,EXPERIMENTAL_SHADOW_NO_STAKES;INELIGIBLE_PINNACLE_TWO_SIDED_CONTRACT_MISSING;Challenger feature/game rows are missing or duplicated,local:challenger+the-odds-api,2026-09-25T21:00:31.801654Z,,1.1.0,3778e195d99c4331b65f7073c6e9f2e2763417bbd0fc8b0b96f6539a21491931
1e91e5e9bee7877e8bd00a841969e77b798a64f5dc2cd1a02262fa07ee4fdff2,challenger-0.2.0,5c8bf3ec348a261ab2c0ce94bd8cc315f754a8dc991c15c20d0d961d06997984,49fadb583b0dee0ba78c242826cb3e521cee0c4af2da837cfd5df18936598793,159ec87beb47e140832d992a80618f94b5cef5681c9d11c24e999ce1cad03b10,dffe8acdbd3e011d12e5e45e08331fd300f3b67f,8b8b5771-d3ca-480c-9980-dac450e82c42,1b4f2e60ce83fa1d63a5dff83769d27c,2026_04_LA_PHI,2026,4,2026-10-04T17:00:00Z,totals,OVER,2026-09-26T13:00:30.675609Z,2026-09-26T13:00:27.208512Z,2026-09-22T18:51:43.097248Z,3ecdbfbaf3290a1d0f9b9aee517e61634d37a7bdde41367b8b77ffdf6363f311,,,,,,,,,,RETAIL_ONLY,2,,,,,,,,,MODELED_DEVELOPMENT_MARGIN_SHADOW_ONLY,INELIGIBLE_PINNACLE_TWO_SIDED_CONTRACT_MISSING,PASS,EXPERIMENTAL_SHADOW_NO_STAKES;INELIGIBLE_PINNACLE_TWO_SIDED_CONTRACT_MISSING;Challenger feature/game rows are missing or duplicated,local:challenger+the-odds-api,2026-09-26T13:00:30.675609Z,,1.1.0,93ba90cefef4591814be1163e8c1cef5875fd76c445d814065113ee960711e00
e511aff6659cb2d8ef830d85a73b927b8d8fa3f9390a9059cc4ccce1c03907b9,1.1.2,6590a4bbb77802175afa4c406de831d596569cbf2e1f596de7df0910f43e8fd5,e51f21289a5f63ada7c1746ad6385412db3f6a4e7fc3ba4e33e43fbdb6e9bf14,241bade8665d15f1855e8ed5cb5a8f8bc3dbb5e66c87d76b45ab5d76f1caa9f7,dffe8acdbd3e011d12e5e45e08331fd300f3b67f,8b8b5771-d3ca-480c-9980-dac450e82c42,1b4f2e60ce83fa1d63a5dff83769d27c,2026_04_LA_PHI,2026,4,2026-10-04T17:00:00Z,totals,OVER,2026-09-26T13:00:27.689180Z,2026-09-26T13:00:27.208512Z,2026-09-22T18:51:43.097248Z,bb86d96ac8c5a37027060695827d4ca64ef6cc1d2ef5b5808941c85556f173d5,,,,,,,,,,RETAIL_ONLY,2,,,,,,,,,UNAVAILABLE_FOR_BETTING,INELIGIBLE_PINNACLE_TWO_SIDED_CONTRACT_MISSING,PASS,MODEL_LOCKED_UNTESTED_2026;UNCERTAINTY_UNAVAILABLE_FOR_BETTING;INELIGIBLE_PINNACLE_TWO_SIDED_CONTRACT_MISSING;Feature store does not contain exactly two rows for the game,local:v11-prospective-observer,2026-09-26T13:00:27.689180Z,,1.1.0,76e335f0e3b5a331454302e17b12f81d103629889c4506a5b66f4f28913be6ed
418f09a998b2a38eb9f5dfc3692ea375730c1153f6f92b6396076db906b0acee,1.1.2,6590a4bbb77802175afa4c406de831d596569cbf2e1f596de7df0910f43e8fd5,e51f21289a5f63ada7c1746ad6385412db3f6a4e7fc3ba4e33e43fbdb6e9bf14,241bade8665d15f1855e8ed5cb5a8f8bc3dbb5e66c87d76b45ab5d76f1caa9f7,dffe8acdbd3e011d12e5e45e08331fd300f3b67f,d2d710b1-c436-4180-8c43-56a6e84b5e0f,1b4f2e60ce83fa1d63a5dff83769d27c,2026_04_LA_PHI,2026,4,2026-10-04T17:00:00Z,totals,OVER,2026-09-26T21:00:26.360329Z,2026-09-26T21:00:25.892304Z,2026-09-22T18:51:43.097248Z,bb86d96ac8c5a37027060695827d4ca64ef6cc1d2ef5b5808941c85556f173d5,,,,,,,,,,RETAIL_ONLY,2,,,,,,,,,UNAVAILABLE_FOR_BETTING,INELIGIBLE_PINNACLE_TWO_SIDED_CONTRACT_MISSING,PASS,MODEL_LOCKED_UNTESTED_2026;UNCERTAINTY_UNAVAILABLE_FOR_BETTING;INELIGIBLE_PINNACLE_TWO_SIDED_CONTRACT_MISSING;Feature store does not contain exactly two rows for the game,local:v11-prospective-observer,2026-09-26T21:00:26.360329Z,,1.1.0,ce391dfc80a07d9b0ca350d9081c1317f6714d9710065bdc274aad6fe3c00e0a
d8a02b3a84db958072103b776200185baed823c76842271dfe53b9ba1fc31740,challenger-0.2.0,5c8bf3ec348a261ab2c0ce94bd8cc315f754a8dc991c15c20d0d961d06997984,49fadb583b0dee0ba78c242826cb3e521cee0c4af2da837cfd5df18936598793,159ec87beb47e140832d992a80618f94b5cef5681c9d11c24e999ce1cad03b10,dffe8acdbd3e011d12e5e45e08331fd300f3b67f,d2d710b1-c436-4180-8c43-56a6e84b5e0f,1b4f2e60ce83fa1d63a5dff83769d27c,2026_04_LA_PHI,2026,4,2026-10-04T17:00:00Z,totals,OVER,2026-09-26T21:00:29.199963Z,2026-09-26T21:00:25.892304Z,2026-09-22T18:51:43.097248Z,3ecdbfbaf3290a1d0f9b9aee517e61634d37a7bdde41367b8b77ffdf6363f311,,,,,,,,,,RETAIL_ONLY,2,,,,,,,,,MODELED_DEVELOPMENT_MARGIN_SHADOW_ONLY,INELIGIBLE_PINNACLE_TWO_SIDED_CONTRACT_MISSING,PASS,EXPERIMENTAL_SHADOW_NO_STAKES;INELIGIBLE_PINNACLE_TWO_SIDED_CONTRACT_MISSING;Challenger feature/game rows are missing or duplicated,local:challenger+the-odds-api,2026-09-26T21:00:29.199963Z,,1.1.0,d452e7ff756a181211e26cbff47477c2cae45baed19ba7355f9e37752beaaf27
07678f23360226e00449e558d25dfb1bea47a5773de9dc2788c38f3a2ef5ec7e,1.1.2,6590a4bbb77802175afa4c406de831d596569cbf2e1f596de7df0910f43e8fd5,e51f21289a5f63ada7c1746ad6385412db3f6a4e7fc3ba4e33e43fbdb6e9bf14,241bade8665d15f1855e8ed5cb5a8f8bc3dbb5e66c87d76b45ab5d76f1caa9f7,dffe8acdbd3e011d12e5e45e08331fd300f3b67f,214053eb-5084-4022-8817-4ddbbf933e60,1b4f2e60ce83fa1d63a5dff83769d27c,2026_04_LA_PHI,2026,4,2026-10-04T17:00:00Z,totals,OVER,2026-09-27T03:00:57.907341Z,2026-09-27T03:00:57.384540Z,2026-09-22T18:51:43.097248Z,bb86d96ac8c5a37027060695827d4ca64ef6cc1d2ef5b5808941c85556f173d5,,,,,,,,,,RETAIL_ONLY,2,,,,,,,,,UNAVAILABLE_FOR_BETTING,INELIGIBLE_PINNACLE_TWO_SIDED_CONTRACT_MISSING,PASS,MODEL_LOCKED_UNTESTED_2026;UNCERTAINTY_UNAVAILABLE_FOR_BETTING;INELIGIBLE_PINNACLE_TWO_SIDED_CONTRACT_MISSING;Feature store does not contain exactly two rows for the game,local:v11-prospective-observer,2026-09-27T03:00:57.907341Z,,1.1.0,2233272a2ad9b5a42f207cdccc995a910accb5bbabd17bb8e7f8c6a49e93a787
84be4e986e0008d50a37460e6b30254f06670f24aedf4bddad6659d63f658ba8,challenger-0.2.0,5c8bf3ec348a261ab2c0ce94bd8cc315f754a8dc991c15c20d0d961d06997984,49fadb583b0dee0ba78c242826cb3e521cee0c4af2da837cfd5df18936598793,159ec87beb47e140832d992a80618f94b5cef5681c9d11c24e999ce1cad03b10,dffe8acdbd3e011d12e5e45e08331fd300f3b67f,214053eb-5084-4022-8817-4ddbbf933e60,1b4f2e60ce83fa1d63a5dff83769d27c,2026_04_LA_PHI,2026,4,2026-10-04T17:00:00Z,totals,OVER,2026-09-27T03:01:00.857309Z,2026-09-27T03:00:57.384540Z,2026-09-22T18:51:43.097248Z,3ecdbfbaf3290a1d0f9b9aee517e61634d37a7bdde41367b8b77ffdf6363f311,,,,,,,,,,RETAIL_ONLY,2,,,,,,,,,MODELED_DEVELOPMENT_MARGIN_SHADOW_ONLY,INELIGIBLE_PINNACLE_TWO_SIDED_CONTRACT_MISSING,PASS,EXPERIMENTAL_SHADOW_NO_STAKES;INELIGIBLE_PINNACLE_TWO_SIDED_CONTRACT_MISSING;Challenger feature/game rows are missing or duplicated,local:challenger+the-odds-api,2026-09-27T03:01:00.857309Z,,1.1.0,12cd3c0a49b41528b35de17f773a2a83d7bd57dc037766c4e109b13dac010771
8380c3785eff8ea9c86f267708333669d4f69e3b2de0d79ade8e073dcb560c33,challenger-0.2.0,5c8bf3ec348a261ab2c0ce94bd8cc315f754a8dc991c15c20d0d961d06997984,49fadb583b0dee0ba78c242826cb3e521cee0c4af2da837cfd5df18936598793,159ec87beb47e140832d992a80618f94b5cef5681c9d11c24e999ce1cad03b10,b143eda428696625817bd7042b4cf3a453477386,e1878b61-7760-4e06-9ca0-bec5e38d131c,1b4f2e60ce83fa1d63a5dff83769d27c,2026_04_LA_PHI,2026,4,2026-10-04T17:00:00Z,totals,OVER,2026-09-27T12:45:25.295673Z,2026-09-27T12:45:22.019645Z,2026-09-22T18:51:43.097248Z,3ecdbfbaf3290a1d0f9b9aee517e61634d37a7bdde41367b8b77ffdf6363f311,,,,,,,,,,RETAIL_ONLY,2,,,,,,,,,MODELED_DEVELOPMENT_MARGIN_SHADOW_ONLY,INELIGIBLE_PINNACLE_TWO_SIDED_CONTRACT_MISSING,PASS,EXPERIMENTAL_SHADOW_NO_STAKES;INELIGIBLE_PINNACLE_TWO_SIDED_CONTRACT_MISSING;Challenger feature/game rows are missing or duplicated,local:challenger+the-odds-api,2026-09-27T12:45:25.295673Z,,1.1.0,af11c379dc94d7746c8c9ccb065605d04c1620f72664cac559d7f73381ecfcbb
852cc4d492494cc39ffe24e711e074666f6d7789a317f2d08e3d51f0ba9cc225,1.1.2,6590a4bbb77802175afa4c406de831d596569cbf2e1f596de7df0910f43e8fd5,e51f21289a5f63ada7c1746ad6385412db3f6a4e7fc3ba4e33e43fbdb6e9bf14,241bade8665d15f1855e8ed5cb5a8f8bc3dbb5e66c87d76b45ab5d76f1caa9f7,b143eda428696625817bd7042b4cf3a453477386,e1878b61-7760-4e06-9ca0-bec5e38d131c,1b4f2e60ce83fa1d63a5dff83769d27c,2026_04_LA_PHI,2026,4,2026-10-04T17:00:00Z,totals,OVER,2026-09-27T12:45:22.508290Z,2026-09-27T12:45:22.019645Z,2026-09-22T18:51:43.097248Z,bb86d96ac8c5a37027060695827d4ca64ef6cc1d2ef5b5808941c85556f173d5,,,,,,,,,,RETAIL_ONLY,2,,,,,,,,,UNAVAILABLE_FOR_BETTING,INELIGIBLE_PINNACLE_TWO_SIDED_CONTRACT_MISSING,PASS,MODEL_LOCKED_UNTESTED_2026;UNCERTAINTY_UNAVAILABLE_FOR_BETTING;INELIGIBLE_PINNACLE_TWO_SIDED_CONTRACT_MISSING;Feature store does not contain exactly two rows for the game,local:v11-prospective-observer,2026-09-27T12:45:22.508290Z,,1.1.0,d9736bf66a5d5e0d6c201f916711db584a9245f63f5b37f7b5972d9da6d12268
3ccabff133f81cd47ed0f75f8d80ffe53133655e0acf333703dbaa0ab48e4c8b,challenger-0.2.0,5c8bf3ec348a261ab2c0ce94bd8cc315f754a8dc991c15c20d0d961d06997984,49fadb583b0dee0ba78c242826cb3e521cee0c4af2da837cfd5df18936598793,159ec87beb47e140832d992a80618f94b5cef5681c9d11c24e999ce1cad03b10,c8df716c912e3f6e3b11d508f2988b51a9d4b5a7,d4b87e91-991a-4aa9-bfef-bc8de675e276,573cc0ef39631a4f6673ec843a8bedd4,2026_04_NE_BUF,2026,4,2026-10-04T17:00:00Z,spreads,HOME,2026-09-23T13:00:24.484171Z,2026-09-23T13:00:21.551276Z,2026-09-22T18:51:43.097248Z,3ecdbfbaf3290a1d0f9b9aee517e61634d37a7bdde41367b8b77ffdf6363f311,,,,,,,,,,RETAIL_ONLY,2,,,,,,,,,MODELED_DEVELOPMENT_MARGIN_SHADOW_ONLY,INELIGIBLE_PINNACLE_TWO_SIDED_CONTRACT_MISSING,PASS,EXPERIMENTAL_SHADOW_NO_STAKES;INELIGIBLE_PINNACLE_TWO_SIDED_CONTRACT_MISSING;Challenger feature/game rows are missing or duplicated,local:challenger+the-odds-api,2026-09-23T13:00:24.484171Z,,1.1.0,45b31f510e7dbc149e85d64c5f16da37aa67c51debfa549b18a13f5a6d21b33f
79471fdba737c51be0f3d7b61d9d39d5fe35a7a5e74c56bbecad251b82381d8b,1.1.2,6590a4bbb77802175afa4c406de831d596569cbf2e1f596de7df0910f43e8fd5,e51f21289a5f63ada7c1746ad6385412db3f6a4e7fc3ba4e33e43fbdb6e9bf14,241bade8665d15f1855e8ed5cb5a8f8bc3dbb5e66c87d76b45ab5d76f1caa9f7,c8df716c912e3f6e3b11d508f2988b51a9d4b5a7,d4b87e91-991a-4aa9-bfef-bc8de675e276,573cc0ef39631a4f6673ec843a8bedd4,2026_04_NE_BUF,2026,4,2026-10-04T17:00:00Z,spreads,HOME,2026-09-23T13:00:21.951453Z,2026-09-23T13:00:21.551276Z,2026-09-22T18:51:43.097248Z,bb86d96ac8c5a37027060695827d4ca64ef6cc1d2ef5b5808941c85556f173d5,,,,,,,,,,RETAIL_ONLY,2,,,,,,,,,UNAVAILABLE_FOR_BETTING,INELIGIBLE_PINNACLE_TWO_SIDED_CONTRACT_MISSING,PASS,MODEL_LOCKED_UNTESTED_2026;UNCERTAINTY_UNAVAILABLE_FOR_BETTING;INELIGIBLE_PINNACLE_TWO_SIDED_CONTRACT_MISSING;Feature store does not contain exactly two rows for the game,local:v11-prospective-observer,2026-09-23T13:00:21.951453Z,,1.1.0,8759b67be9141829567de3824b5f74ac8fe4da6b820e895884a9f3d56906510a
03e75f2f5dd1af0316f47c9e5b00b9e2feded1663670a316e1dc64d8800ff1a6,challenger-0.2.0,5c8bf3ec348a261ab2c0ce94bd8cc315f754a8dc991c15c20d0d961d06997984,49fadb583b0dee0ba78c242826cb3e521cee0c4af2da837cfd5df18936598793,159ec87beb47e140832d992a80618f94b5cef5681c9d11c24e999ce1cad03b10,dffe8acdbd3e011d12e5e45e08331fd300f3b67f,d842d1fe-0de3-48ea-8341-bb9cfc6a6383,573cc0ef39631a4f6673ec843a8bedd4,2026_04_NE_BUF,2026,4,2026-10-04T17:00:00Z,spreads,HOME,2026-09-24T16:00:25.607332Z,2026-09-24T16:00:22.454081Z,2026-09-22T18:51:43.097248Z,3ecdbfbaf3290a1d0f9b9aee517e61634d37a7bdde41367b8b77ffdf6363f311,,,,,,,,,,RETAIL_ONLY,2,,,,,,,,,MODELED_DEVELOPMENT_MARGIN_SHADOW_ONLY,INELIGIBLE_PINNACLE_TWO_SIDED_CONTRACT_MISSING,PASS,EXPERIMENTAL_SHADOW_NO_STAKES;INELIGIBLE_PINNACLE_TWO_SIDED_CONTRACT_MISSING;Challenger feature/game rows are missing or duplicated,local:challenger+the-odds-api,2026-09-24T16:00:25.607332Z,,1.1.0,8d2262269d5bb5488f96f21b51acc6a0359dbebf41964bd0d2c0a69eb384e0a2
0d96571dc2fcde5dc52f9c957cd1a5987c46626d287129190e2ef78851949fd0,1.1.2,6590a4bbb77802175afa4c406de831d596569cbf2e1f596de7df0910f43e8fd5,e51f21289a5f63ada7c1746ad6385412db3f6a4e7fc3ba4e33e43fbdb6e9bf14,241bade8665d15f1855e8ed5cb5a8f8bc3dbb5e66c87d76b45ab5d76f1caa9f7,dffe8acdbd3e011d12e5e45e08331fd300f3b67f,d842d1fe-0de3-48ea-8341-bb9cfc6a6383,573cc0ef39631a4f6673ec843a8bedd4,2026_04_NE_BUF,2026,4,2026-10-04T17:00:00Z,spreads,HOME,2026-09-24T16:00:22.882475Z,2026-09-24T16:00:22.454081Z,2026-09-22T18:51:43.097248Z,bb86d96ac8c5a37027060695827d4ca64ef6cc1d2ef5b5808941c85556f173d5,,,,,,,,,,RETAIL_ONLY,2,,,,,,,,,UNAVAILABLE_FOR_BETTING,INELIGIBLE_PINNACLE_TWO_SIDED_CONTRACT_MISSING,PASS,MODEL_LOCKED_UNTESTED_2026;UNCERTAINTY_UNAVAILABLE_FOR_BETTING;INELIGIBLE_PINNACLE_TWO_SIDED_CONTRACT_MISSING;Feature store does not contain exactly two rows for the game,local:v11-prospective-observer,2026-09-24T16:00:22.882475Z,,1.1.0,90daede2b53735afd5f150801d3ef6f6288db28b948d5ffe94c5fa95cf432ef7
04559eb164bbfce66269fceb1b73587d38fdc4b491662e632d5b1729796057b1,challenger-0.2.0,5c8bf3ec348a261ab2c0ce94bd8cc315f754a8dc991c15c20d0d961d06997984,49fadb583b0dee0ba78c242826cb3e521cee0c4af2da837cfd5df18936598793,159ec87beb47e140832d992a80618f94b5cef5681c9d11c24e999ce1cad03b10,dffe8acdbd3e011d12e5e45e08331fd300f3b67f,b7f8819c-86a9-428f-bb46-debf3999015c,573cc0ef39631a4f6673ec843a8bedd4,2026_04_NE_BUF,2026,4,2026-10-04T17:00:00Z,spreads,HOME,2026-09-25T21:00:31.801654Z,2026-09-25T21:00:28.639096Z,2026-09-22T18:51:43.097248Z,3ecdbfbaf3290a1d0f9b9aee517e61634d37a7bdde41367b8b77ffdf6363f311,,,,,,,,,,RETAIL_ONLY,2,,,,,,,,,MODELED_DEVELOPMENT_MARGIN_SHADOW_ONLY,INELIGIBLE_PINNACLE_TWO_SIDED_CONTRACT_MISSING,PASS,EXPERIMENTAL_SHADOW_NO_STAKES;INELIGIBLE_PINNACLE_TWO_SIDED_CONTRACT_MISSING;Challenger feature/game rows are missing or duplicated,local:challenger+the-odds-api,2026-09-25T21:00:31.801654Z,,1.1.0,3357a5a808e20a7a238a98d0f01f778483456f442fb17243e3c6cf7331586edf
8b19c096626e732876823eb21b3101c7d48d6ea1bbd2e8f3416ca00261e15ddb,1.1.2,6590a4bbb77802175afa4c406de831d596569cbf2e1f596de7df0910f43e8fd5,e51f21289a5f63ada7c1746ad6385412db3f6a4e7fc3ba4e33e43fbdb6e9bf14,241bade8665d15f1855e8ed5cb5a8f8bc3dbb5e66c87d76b45ab5d76f1caa9f7,dffe8acdbd3e011d12e5e45e08331fd300f3b67f,b7f8819c-86a9-428f-bb46-debf3999015c,573cc0ef39631a4f6673ec843a8bedd4,2026_04_NE_BUF,2026,4,2026-10-04T17:00:00Z,spreads,HOME,2026-09-25T21:00:29.089372Z,2026-09-25T21:00:28.639096Z,2026-09-22T18:51:43.097248Z,bb86d96ac8c5a37027060695827d4ca64ef6cc1d2ef5b5808941c85556f173d5,,,,,,,,,,RETAIL_ONLY,2,,,,,,,,,UNAVAILABLE_FOR_BETTING,INELIGIBLE_PINNACLE_TWO_SIDED_CONTRACT_MISSING,PASS,MODEL_LOCKED_UNTESTED_2026;UNCERTAINTY_UNAVAILABLE_FOR_BETTING;INELIGIBLE_PINNACLE_TWO_SIDED_CONTRACT_MISSING;Feature store does not contain exactly two rows for the game,local:v11-prospective-observer,2026-09-25T21:00:29.089372Z,,1.1.0,baf38e6c62be600834ac4ed36262dcce9e88af6e1744db08f523c3ff1efa21ad
8e0b8c96826915377a294dcc798782a60cca0213790fc084c2426a3219ee8369,challenger-0.2.0,5c8bf3ec348a261ab2c0ce94bd8cc315f754a8dc991c15c20d0d961d06997984,49fadb583b0dee0ba78c242826cb3e521cee0c4af2da837cfd5df18936598793,159ec87beb47e140832d992a80618f94b5cef5681c9d11c24e999ce1cad03b10,dffe8acdbd3e011d12e5e45e08331fd300f3b67f,8b8b5771-d3ca-480c-9980-dac450e82c42,573cc0ef39631a4f6673ec843a8bedd4,2026_04_NE_BUF,2026,4,2026-10-04T17:00:00Z,spreads,HOME,2026-09-26T13:00:30.675609Z,2026-09-26T13:00:27.208512Z,2026-09-22T18:51:43.097248Z,3ecdbfbaf3290a1d0f9b9aee517e61634d37a7bdde41367b8b77ffdf6363f311,,,,,,,,,,RETAIL_ONLY,2,,,,,,,,,MODELED_DEVELOPMENT_MARGIN_SHADOW_ONLY,INELIGIBLE_PINNACLE_TWO_SIDED_CONTRACT_MISSING,PASS,EXPERIMENTAL_SHADOW_NO_STAKES;INELIGIBLE_PINNACLE_TWO_SIDED_CONTRACT_MISSING;Challenger feature/game rows are missing or duplicated,local:challenger+the-odds-api,2026-09-26T13:00:30.675609Z,,1.1.0,caab86cba5d2ac7113c7ee609bd19b67c100da7255992fe5ec454ee04fcc8ef2
d8606e111f56de3231a52f79093caebef0ec8751a2582e5cc1118eec73db9463,1.1.2,6590a4bbb77802175afa4c406de831d596569cbf2e1f596de7df0910f43e8fd5,e51f21289a5f63ada7c1746ad6385412db3f6a4e7fc3ba4e33e43fbdb6e9bf14,241bade8665d15f1855e8ed5cb5a8f8bc3dbb5e66c87d76b45ab5d76f1caa9f7,dffe8acdbd3e011d12e5e45e08331fd300f3b67f,8b8b5771-d3ca-480c-9980-dac450e82c42,573cc0ef39631a4f6673ec843a8bedd4,2026_04_NE_BUF,2026,4,2026-10-04T17:00:00Z,spreads,HOME,2026-09-26T13:00:27.689180Z,2026-09-26T13:00:27.208512Z,2026-09-22T18:51:43.097248Z,bb86d96ac8c5a37027060695827d4ca64ef6cc1d2ef5b5808941c85556f173d5,,,,,,,,,,RETAIL_ONLY,2,,,,,,,,,UNAVAILABLE_FOR_BETTING,INELIGIBLE_PINNACLE_TWO_SIDED_CONTRACT_MISSING,PASS,MODEL_LOCKED_UNTESTED_2026;UNCERTAINTY_UNAVAILABLE_FOR_BETTING;INELIGIBLE_PINNACLE_TWO_SIDED_CONTRACT_MISSING;Feature store does not contain exactly two rows for the game,local:v11-prospective-observer,2026-09-26T13:00:27.689180Z,,1.1.0,b134123169b3b0a29131a835310939c89db3f440a8689abfacfffdf0301c7a2e
4f2cab4821e870b098c02645e57898a98e89ec15c6fe886a4efba128e4da6ee7,1.1.2,6590a4bbb77802175afa4c406de831d596569cbf2e1f596de7df0910f43e8fd5,e51f21289a5f63ada7c1746ad6385412db3f6a4e7fc3ba4e33e43fbdb6e9bf14,241bade8665d15f1855e8ed5cb5a8f8bc3dbb5e66c87d76b45ab5d76f1caa9f7,dffe8acdbd3e011d12e5e45e08331fd300f3b67f,d2d710b1-c436-4180-8c43-56a6e84b5e0f,573cc0ef39631a4f6673ec843a8bedd4,2026_04_NE_BUF,2026,4,2026-10-04T17:00:00Z,spreads,HOME,2026-09-26T21:00:26.360329Z,2026-09-26T21:00:25.892304Z,2026-09-22T18:51:43.097248Z,bb86d96ac8c5a37027060695827d4ca64ef6cc1d2ef5b5808941c85556f173d5,,,,,,,,,,RETAIL_ONLY,2,,,,,,,,,UNAVAILABLE_FOR_BETTING,INELIGIBLE_PINNACLE_TWO_SIDED_CONTRACT_MISSING,PASS,MODEL_LOCKED_UNTESTED_2026;UNCERTAINTY_UNAVAILABLE_FOR_BETTING;INELIGIBLE_PINNACLE_TWO_SIDED_CONTRACT_MISSING;Feature store does not contain exactly two rows for the game,local:v11-prospective-observer,2026-09-26T21:00:26.360329Z,,1.1.0,b0ce741608f2353053b7373c0e135af5ab086889daae27faca3e143c4eefa696
ca088c6f6bccd5697aadd1249bb826ec9cd96593e4a6d32916cd320f3a8cd92e,challenger-0.2.0,5c8bf3ec348a261ab2c0ce94bd8cc315f754a8dc991c15c20d0d961d06997984,49fadb583b0dee0ba78c242826cb3e521cee0c4af2da837cfd5df18936598793,159ec87beb47e140832d992a80618f94b5cef5681c9d11c24e999ce1cad03b10,dffe8acdbd3e011d12e5e45e08331fd300f3b67f,d2d710b1-c436-4180-8c43-56a6e84b5e0f,573cc0ef39631a4f6673ec843a8bedd4,2026_04_NE_BUF,2026,4,2026-10-04T17:00:00Z,spreads,HOME,2026-09-26T21:00:29.199963Z,2026-09-26T21:00:25.892304Z,2026-09-22T18:51:43.097248Z,3ecdbfbaf3290a1d0f9b9aee517e61634d37a7bdde41367b8b77ffdf6363f311,,,,,,,,,,RETAIL_ONLY,2,,,,,,,,,MODELED_DEVELOPMENT_MARGIN_SHADOW_ONLY,INELIGIBLE_PINNACLE_TWO_SIDED_CONTRACT_MISSING,PASS,EXPERIMENTAL_SHADOW_NO_STAKES;INELIGIBLE_PINNACLE_TWO_SIDED_CONTRACT_MISSING;Challenger feature/game rows are missing or duplicated,local:challenger+the-odds-api,2026-09-26T21:00:29.199963Z,,1.1.0,c2c66d332d2c64cdbe3a7c7ced228f6b93f04da31a1c651bbc112cdd64b453a3
375c50458e38380ee033d1ae6b6ef06bbdfdb1d4848d60310225336bfe971f4e,1.1.2,6590a4bbb77802175afa4c406de831d596569cbf2e1f596de7df0910f43e8fd5,e51f21289a5f63ada7c1746ad6385412db3f6a4e7fc3ba4e33e43fbdb6e9bf14,241bade8665d15f1855e8ed5cb5a8f8bc3dbb5e66c87d76b45ab5d76f1caa9f7,dffe8acdbd3e011d12e5e45e08331fd300f3b67f,214053eb-5084-4022-8817-4ddbbf933e60,573cc0ef39631a4f6673ec843a8bedd4,2026_04_NE_BUF,2026,4,2026-10-04T17:00:00Z,spreads,HOME,2026-09-27T03:00:57.907341Z,2026-09-27T03:00:57.384540Z,2026-09-22T18:51:43.097248Z,bb86d96ac8c5a37027060695827d4ca64ef6cc1d2ef5b5808941c85556f173d5,,,,,,,,,,RETAIL_ONLY,2,,,,,,,,,UNAVAILABLE_FOR_BETTING,INELIGIBLE_PINNACLE_TWO_SIDED_CONTRACT_MISSING,PASS,MODEL_LOCKED_UNTESTED_2026;UNCERTAINTY_UNAVAILABLE_FOR_BETTING;INELIGIBLE_PINNACLE_TWO_SIDED_CONTRACT_MISSING;Feature store does not contain exactly two rows for the game,local:v11-prospective-observer,2026-09-27T03:00:57.907341Z,,1.1.0,42fe278fd452364fc363487c32f87a1bdde9c72fcb8d82170902bf88d62f886c
e3d03a5358d70138b8c70ac1dd7460cad819b2be419061d225a456b3100fc41f,challenger-0.2.0,5c8bf3ec348a261ab2c0ce94bd8cc315f754a8dc991c15c20d0d961d06997984,49fadb583b0dee0ba78c242826cb3e521cee0c4af2da837cfd5df18936598793,159ec87beb47e140832d992a80618f94b5cef5681c9d11c24e999ce1cad03b10,dffe8acdbd3e011d12e5e45e08331fd300f3b67f,214053eb-5084-4022-8817-4ddbbf933e60,573cc0ef39631a4f6673ec843a8bedd4,2026_04_NE_BUF,2026,4,2026-10-04T17:00:00Z,spreads,HOME,2026-09-27T03:01:00.857309Z,2026-09-27T03:00:57.384540Z,2026-09-22T18:51:43.097248Z,3ecdbfbaf3290a1d0f9b9aee517e61634d37a7bdde41367b8b77ffdf6363f311,,,,,,,,,,RETAIL_ONLY,2,,,,,,,,,MODELED_DEVELOPMENT_MARGIN_SHADOW_ONLY,INELIGIBLE_PINNACLE_TWO_SIDED_CONTRACT_MISSING,PASS,EXPERIMENTAL_SHADOW_NO_STAKES;INELIGIBLE_PINNACLE_TWO_SIDED_CONTRACT_MISSING;Challenger feature/game rows are missing or duplicated,local:challenger+the-odds-api,2026-09-27T03:01:00.857309Z,,1.1.0,b0be200bb8fe0599a01520de010e58edc4c6df2e0c155fefc8f7b7f21b473226
887a668aa9ae274ad95c52f719ad85a1f475532f7c6cc7305e9bf476e2f05532,challenger-0.2.0,5c8bf3ec348a261ab2c0ce94bd8cc315f754a8dc991c15c20d0d961d06997984,49fadb583b0dee0ba78c242826cb3e521cee0c4af2da837cfd5df18936598793,159ec87beb47e140832d992a80618f94b5cef5681c9d11c24e999ce1cad03b10,b143eda428696625817bd7042b4cf3a453477386,e1878b61-7760-4e06-9ca0-bec5e38d131c,573cc0ef39631a4f6673ec843a8bedd4,2026_04_NE_BUF,2026,4,2026-10-04T17:00:00Z,spreads,HOME,2026-09-27T12:45:25.295673Z,2026-09-27T12:45:22.019645Z,2026-09-22T18:51:43.097248Z,3ecdbfbaf3290a1d0f9b9aee517e61634d37a7bdde41367b8b77ffdf6363f311,,,,,,,,,,RETAIL_ONLY,2,,,,,,,,,MODELED_DEVELOPMENT_MARGIN_SHADOW_ONLY,INELIGIBLE_PINNACLE_TWO_SIDED_CONTRACT_MISSING,PASS,EXPERIMENTAL_SHADOW_NO_STAKES;INELIGIBLE_PINNACLE_TWO_SIDED_CONTRACT_MISSING;Challenger feature/game rows are missing or duplicated,local:challenger+the-odds-api,2026-09-27T12:45:25.295673Z,,1.1.0,3c007849dbf1ae65ffbbb7ad56480f8ceb51c3d0779d9f7296d60ec8c30e6a58
c7b3293154bb140e48d1d1605f802b4e649f8071fa706b6ed5315f80abcd1105,1.1.2,6590a4bbb77802175afa4c406de831d596569cbf2e1f596de7df0910f43e8fd5,e51f21289a5f63ada7c1746ad6385412db3f6a4e7fc3ba4e33e43fbdb6e9bf14,241bade8665d15f1855e8ed5cb5a8f8bc3dbb5e66c87d76b45ab5d76f1caa9f7,b143eda428696625817bd7042b4cf3a453477386,e1878b61-7760-4e06-9ca0-bec5e38d131c,573cc0ef39631a4f6673ec843a8bedd4,2026_04_NE_BUF,2026,4,2026-10-04T17:00:00Z,spreads,HOME,2026-09-27T12:45:22.508290Z,2026-09-27T12:45:22.019645Z,2026-09-22T18:51:43.097248Z,bb86d96ac8c5a37027060695827d4ca64ef6cc1d2ef5b5808941c85556f173d5,,,,,,,,,,RETAIL_ONLY,2,,,,,,,,,UNAVAILABLE_FOR_BETTING,INELIGIBLE_PINNACLE_TWO_SIDED_CONTRACT_MISSING,PASS,MODEL_LOCKED_UNTESTED_2026;UNCERTAINTY_UNAVAILABLE_FOR_BETTING;INELIGIBLE_PINNACLE_TWO_SIDED_CONTRACT_MISSING;Feature store does not contain exactly two rows for the game,local:v11-prospective-observer,2026-09-27T12:45:22.508290Z,,1.1.0,ee5e5e9372193e4fffa42262d3960dc951b91a15ac766948f4bc39e47872a979
890940f49220f3cb3146f8a53d5fdaa1bfc0e430ab1dcfae0341c755543b0079,challenger-0.2.0,5c8bf3ec348a261ab2c0ce94bd8cc315f754a8dc991c15c20d0d961d06997984,49fadb583b0dee0ba78c242826cb3e521cee0c4af2da837cfd5df18936598793,159ec87beb47e140832d992a80618f94b5cef5681c9d11c24e999ce1cad03b10,c8df716c912e3f6e3b11d508f2988b51a9d4b5a7,d4b87e91-991a-4aa9-bfef-bc8de675e276,573cc0ef39631a4f6673ec843a8bedd4,2026_04_NE_BUF,2026,4,2026-10-04T17:00:00Z,totals,OVER,2026-09-23T13:00:24.484171Z,2026-09-23T13:00:21.551276Z,2026-09-22T18:51:43.097248Z,3ecdbfbaf3290a1d0f9b9aee517e61634d37a7bdde41367b8b77ffdf6363f311,,,,,,,,,,RETAIL_ONLY,2,,,,,,,,,MODELED_DEVELOPMENT_MARGIN_SHADOW_ONLY,INELIGIBLE_PINNACLE_TWO_SIDED_CONTRACT_MISSING,PASS,EXPERIMENTAL_SHADOW_NO_STAKES;INELIGIBLE_PINNACLE_TWO_SIDED_CONTRACT_MISSING;Challenger feature/game rows are missing or duplicated,local:challenger+the-odds-api,2026-09-23T13:00:24.484171Z,,1.1.0,8ebe2dc52e159bdfda89577573e06b01cc9680f957a89c442b9dd92efd718319
b3ca64087b0c16c73a31a1e6bb57dcccb045b7a1ebb3cdeb68fb9f63b9e5c8bc,1.1.2,6590a4bbb77802175afa4c406de831d596569cbf2e1f596de7df0910f43e8fd5,e51f21289a5f63ada7c1746ad6385412db3f6a4e7fc3ba4e33e43fbdb6e9bf14,241bade8665d15f1855e8ed5cb5a8f8bc3dbb5e66c87d76b45ab5d76f1caa9f7,c8df716c912e3f6e3b11d508f2988b51a9d4b5a7,d4b87e91-991a-4aa9-bfef-bc8de675e276,573cc0ef39631a4f6673ec843a8bedd4,2026_04_NE_BUF,2026,4,2026-10-04T17:00:00Z,totals,OVER,2026-09-23T13:00:21.951453Z,2026-09-23T13:00:21.551276Z,2026-09-22T18:51:43.097248Z,bb86d96ac8c5a37027060695827d4ca64ef6cc1d2ef5b5808941c85556f173d5,,,,,,,,,,RETAIL_ONLY,2,,,,,,,,,UNAVAILABLE_FOR_BETTING,INELIGIBLE_PINNACLE_TWO_SIDED_CONTRACT_MISSING,PASS,MODEL_LOCKED_UNTESTED_2026;UNCERTAINTY_UNAVAILABLE_FOR_BETTING;INELIGIBLE_PINNACLE_TWO_SIDED_CONTRACT_MISSING;Feature store does not contain exactly two rows for the game,local:v11-prospective-observer,2026-09-23T13:00:21.951453Z,,1.1.0,6941409be26bade829a09f3b4d06ba9643f9cff4921e6f2304eb9977e212bb12
071d8009b8c3848a1de2d71c064944761b30870e5a0d39ada42eea1b47817d77,challenger-0.2.0,5c8bf3ec348a261ab2c0ce94bd8cc315f754a8dc991c15c20d0d961d06997984,49fadb583b0dee0ba78c242826cb3e521cee0c4af2da837cfd5df18936598793,159ec87beb47e140832d992a80618f94b5cef5681c9d11c24e999ce1cad03b10,dffe8acdbd3e011d12e5e45e08331fd300f3b67f,d842d1fe-0de3-48ea-8341-bb9cfc6a6383,573cc0ef39631a4f6673ec843a8bedd4,2026_04_NE_BUF,2026,4,2026-10-04T17:00:00Z,totals,OVER,2026-09-24T16:00:25.607332Z,2026-09-24T16:00:22.454081Z,2026-09-22T18:51:43.097248Z,3ecdbfbaf3290a1d0f9b9aee517e61634d37a7bdde41367b8b77ffdf6363f311,,,,,,,,,,RETAIL_ONLY,2,,,,,,,,,MODELED_DEVELOPMENT_MARGIN_SHADOW_ONLY,INELIGIBLE_PINNACLE_TWO_SIDED_CONTRACT_MISSING,PASS,EXPERIMENTAL_SHADOW_NO_STAKES;INELIGIBLE_PINNACLE_TWO_SIDED_CONTRACT_MISSING;Challenger feature/game rows are missing or duplicated,local:challenger+the-odds-api,2026-09-24T16:00:25.607332Z,,1.1.0,10be1e64730781138c07e1f57afaa38b1b4ee4d37512972a6f401f9d6d8c1e80
77c5dc0218d9877c9840526ebe997d1d5cb7d2d5360d5eaea0f7ee61b19ef2c1,1.1.2,6590a4bbb77802175afa4c406de831d596569cbf2e1f596de7df0910f43e8fd5,e51f21289a5f63ada7c1746ad6385412db3f6a4e7fc3ba4e33e43fbdb6e9bf14,241bade8665d15f1855e8ed5cb5a8f8bc3dbb5e66c87d76b45ab5d76f1caa9f7,dffe8acdbd3e011d12e5e45e08331fd300f3b67f,d842d1fe-0de3-48ea-8341-bb9cfc6a6383,573cc0ef39631a4f6673ec843a8bedd4,2026_04_NE_BUF,2026,4,2026-10-04T17:00:00Z,totals,OVER,2026-09-24T16:00:22.882475Z,2026-09-24T16:00:22.454081Z,2026-09-22T18:51:43.097248Z,bb86d96ac8c5a37027060695827d4ca64ef6cc1d2ef5b5808941c85556f173d5,,,,,,,,,,RETAIL_ONLY,2,,,,,,,,,UNAVAILABLE_FOR_BETTING,INELIGIBLE_PINNACLE_TWO_SIDED_CONTRACT_MISSING,PASS,MODEL_LOCKED_UNTESTED_2026;UNCERTAINTY_UNAVAILABLE_FOR_BETTING;INELIGIBLE_PINNACLE_TWO_SIDED_CONTRACT_MISSING;Feature store does not contain exactly two rows for the game,local:v11-prospective-observer,2026-09-24T16:00:22.882475Z,,1.1.0,67f259a511d11d8aca76041782901fa2e380ea22cf4e12fb366bff5b52b2b8f9
52d43cc90e4c5f12a35819a1683935b5df4528fe99ce3f38552d311c99a9e67d,challenger-0.2.0,5c8bf3ec348a261ab2c0ce94bd8cc315f754a8dc991c15c20d0d961d06997984,49fadb583b0dee0ba78c242826cb3e521cee0c4af2da837cfd5df18936598793,159ec87beb47e140832d992a80618f94b5cef5681c9d11c24e999ce1cad03b10,dffe8acdbd3e011d12e5e45e08331fd300f3b67f,b7f8819c-86a9-428f-bb46-debf3999015c,573cc0ef39631a4f6673ec843a8bedd4,2026_04_NE_BUF,2026,4,2026-10-04T17:00:00Z,totals,OVER,2026-09-25T21:00:31.801654Z,2026-09-25T21:00:28.639096Z,2026-09-22T18:51:43.097248Z,3ecdbfbaf3290a1d0f9b9aee517e61634d37a7bdde41367b8b77ffdf6363f311,,,,,,,,,,RETAIL_ONLY,2,,,,,,,,,MODELED_DEVELOPMENT_MARGIN_SHADOW_ONLY,INELIGIBLE_PINNACLE_TWO_SIDED_CONTRACT_MISSING,PASS,EXPERIMENTAL_SHADOW_NO_STAKES;INELIGIBLE_PINNACLE_TWO_SIDED_CONTRACT_MISSING;Challenger feature/game rows are missing or duplicated,local:challenger+the-odds-api,2026-09-25T21:00:31.801654Z,,1.1.0,b088106ad755cc3292c68d1443ccf6f31ba783e8c290bf48a677b7e5e7c81ca6
7d80893b0eb165266b3a1efbf7de93a992089fecd381f05d239a5d96d8da3075,1.1.2,6590a4bbb77802175afa4c406de831d596569cbf2e1f596de7df0910f43e8fd5,e51f21289a5f63ada7c1746ad6385412db3f6a4e7fc3ba4e33e43fbdb6e9bf14,241bade8665d15f1855e8ed5cb5a8f8bc3dbb5e66c87d76b45ab5d76f1caa9f7,dffe8acdbd3e011d12e5e45e08331fd300f3b67f,b7f8819c-86a9-428f-bb46-debf3999015c,573cc0ef39631a4f6673ec843a8bedd4,2026_04_NE_BUF,2026,4,2026-10-04T17:00:00Z,totals,OVER,2026-09-25T21:00:29.089372Z,2026-09-25T21:00:28.639096Z,2026-09-22T18:51:43.097248Z,bb86d96ac8c5a37027060695827d4ca64ef6cc1d2ef5b5808941c85556f173d5,,,,,,,,,,RETAIL_ONLY,2,,,,,,,,,UNAVAILABLE_FOR_BETTING,INELIGIBLE_PINNACLE_TWO_SIDED_CONTRACT_MISSING,PASS,MODEL_LOCKED_UNTESTED_2026;UNCERTAINTY_UNAVAILABLE_FOR_BETTING;INELIGIBLE_PINNACLE_TWO_SIDED_CONTRACT_MISSING;Feature store does not contain exactly two rows for the game,local:v11-prospective-observer,2026-09-25T21:00:29.089372Z,,1.1.0,b7d46d3bdbf92272a410e80e722c49e0872fe13d48fd299703e0c4bb6ab155ad
0c6763139026ed70b4285e4a0699e583f2d7fb9c73b4680c0408e4894bbee65a,1.1.2,6590a4bbb77802175afa4c406de831d596569cbf2e1f596de7df0910f43e8fd5,e51f21289a5f63ada7c1746ad6385412db3f6a4e7fc3ba4e33e43fbdb6e9bf14,241bade8665d15f1855e8ed5cb5a8f8bc3dbb5e66c87d76b45ab5d76f1caa9f7,dffe8acdbd3e011d12e5e45e08331fd300f3b67f,8b8b5771-d3ca-480c-9980-dac450e82c42,573cc0ef39631a4f6673ec843a8bedd4,2026_04_NE_BUF,2026,4,2026-10-04T17:00:00Z,totals,OVER,2026-09-26T13:00:27.689180Z,2026-09-26T13:00:27.208512Z,2026-09-22T18:51:43.097248Z,bb86d96ac8c5a37027060695827d4ca64ef6cc1d2ef5b5808941c85556f173d5,,,,,,,,,,RETAIL_ONLY,2,,,,,,,,,UNAVAILABLE_FOR_BETTING,INELIGIBLE_PINNACLE_TWO_SIDED_CONTRACT_MISSING,PASS,MODEL_LOCKED_UNTESTED_2026;UNCERTAINTY_UNAVAILABLE_FOR_BETTING;INELIGIBLE_PINNACLE_TWO_SIDED_CONTRACT_MISSING;Feature store does not contain exactly two rows for the game,local:v11-prospective-observer,2026-09-26T13:00:27.689180Z,,1.1.0,0b77d39b05b3b35d4a67e441a52b6c8c8009bdb8a5db9b1e889cc451fba60a69
4fdf68e926df8b53de0103bf93377daea8fb333ba256a79e38167bd1f8c63ec2,challenger-0.2.0,5c8bf3ec348a261ab2c0ce94bd8cc315f754a8dc991c15c20d0d961d06997984,49fadb583b0dee0ba78c242826cb3e521cee0c4af2da837cfd5df18936598793,159ec87beb47e140832d992a80618f94b5cef5681c9d11c24e999ce1cad03b10,dffe8acdbd3e011d12e5e45e08331fd300f3b67f,8b8b5771-d3ca-480c-9980-dac450e82c42,573cc0ef39631a4f6673ec843a8bedd4,2026_04_NE_BUF,2026,4,2026-10-04T17:00:00Z,totals,OVER,2026-09-26T13:00:30.675609Z,2026-09-26T13:00:27.208512Z,2026-09-22T18:51:43.097248Z,3ecdbfbaf3290a1d0f9b9aee517e61634d37a7bdde41367b8b77ffdf6363f311,,,,,,,,,,RETAIL_ONLY,2,,,,,,,,,MODELED_DEVELOPMENT_MARGIN_SHADOW_ONLY,INELIGIBLE_PINNACLE_TWO_SIDED_CONTRACT_MISSING,PASS,EXPERIMENTAL_SHADOW_NO_STAKES;INELIGIBLE_PINNACLE_TWO_SIDED_CONTRACT_MISSING;Challenger feature/game rows are missing or duplicated,local:challenger+the-odds-api,2026-09-26T13:00:30.675609Z,,1.1.0,ec76290fa471453265f1ae54772451383637ca95f3a09331acc9500669fa8c99
82d6c3898dfa958124e523ab2158c715c0f8f6939cbfcfc97baf9fb3162be0b4,1.1.2,6590a4bbb77802175afa4c406de831d596569cbf2e1f596de7df0910f43e8fd5,e51f21289a5f63ada7c1746ad6385412db3f6a4e7fc3ba4e33e43fbdb6e9bf14,241bade8665d15f1855e8ed5cb5a8f8bc3dbb5e66c87d76b45ab5d76f1caa9f7,dffe8acdbd3e011d12e5e45e08331fd300f3b67f,d2d710b1-c436-4180-8c43-56a6e84b5e0f,573cc0ef39631a4f6673ec843a8bedd4,2026_04_NE_BUF,2026,4,2026-10-04T17:00:00Z,totals,OVER,2026-09-26T21:00:26.360329Z,2026-09-26T21:00:25.892304Z,2026-09-22T18:51:43.097248Z,bb86d96ac8c5a37027060695827d4ca64ef6cc1d2ef5b5808941c85556f173d5,,,,,,,,,,RETAIL_ONLY,2,,,,,,,,,UNAVAILABLE_FOR_BETTING,INELIGIBLE_PINNACLE_TWO_SIDED_CONTRACT_MISSING,PASS,MODEL_LOCKED_UNTESTED_2026;UNCERTAINTY_UNAVAILABLE_FOR_BETTING;INELIGIBLE_PINNACLE_TWO_SIDED_CONTRACT_MISSING;Feature store does not contain exactly two rows for the game,local:v11-prospective-observer,2026-09-26T21:00:26.360329Z,,1.1.0,4efea95442d1bd040db161413a406f83bb9ef457b567196dc0a9f8d47f513ded
99c7b6fee81728a3726b684cb868af1148235bb4b042dbea36b3d806db99e9e5,challenger-0.2.0,5c8bf3ec348a261ab2c0ce94bd8cc315f754a8dc991c15c20d0d961d06997984,49fadb583b0dee0ba78c242826cb3e521cee0c4af2da837cfd5df18936598793,159ec87beb47e140832d992a80618f94b5cef5681c9d11c24e999ce1cad03b10,dffe8acdbd3e011d12e5e45e08331fd300f3b67f,d2d710b1-c436-4180-8c43-56a6e84b5e0f,573cc0ef39631a4f6673ec843a8bedd4,2026_04_NE_BUF,2026,4,2026-10-04T17:00:00Z,totals,OVER,2026-09-26T21:00:29.199963Z,2026-09-26T21:00:25.892304Z,2026-09-22T18:51:43.097248Z,3ecdbfbaf3290a1d0f9b9aee517e61634d37a7bdde41367b8b77ffdf6363f311,,,,,,,,,,RETAIL_ONLY,2,,,,,,,,,MODELED_DEVELOPMENT_MARGIN_SHADOW_ONLY,INELIGIBLE_PINNACLE_TWO_SIDED_CONTRACT_MISSING,PASS,EXPERIMENTAL_SHADOW_NO_STAKES;INELIGIBLE_PINNACLE_TWO_SIDED_CONTRACT_MISSING;Challenger feature/game rows are missing or duplicated,local:challenger+the-odds-api,2026-09-26T21:00:29.199963Z,,1.1.0,a71983b49820e5ce69aa118f0086eea2dc77fd0d07a597dce43dae05888d20a1
9d2539afd3d5b54cbf1c1946abd487c8590e733f848220a99527ba62249511a1,challenger-0.2.0,5c8bf3ec348a261ab2c0ce94bd8cc315f754a8dc991c15c20d0d961d06997984,49fadb583b0dee0ba78c242826cb3e521cee0c4af2da837cfd5df18936598793,159ec87beb47e140832d992a80618f94b5cef5681c9d11c24e999ce1cad03b10,dffe8acdbd3e011d12e5e45e08331fd300f3b67f,214053eb-5084-4022-8817-4ddbbf933e60,573cc0ef39631a4f6673ec843a8bedd4,2026_04_NE_BUF,2026,4,2026-10-04T17:00:00Z,totals,OVER,2026-09-27T03:01:00.857309Z,2026-09-27T03:00:57.384540Z,2026-09-22T18:51:43.097248Z,3ecdbfbaf3290a1d0f9b9aee517e61634d37a7bdde41367b8b77ffdf6363f311,,,,,,,,,,RETAIL_ONLY,2,,,,,,,,,MODELED_DEVELOPMENT_MARGIN_SHADOW_ONLY,INELIGIBLE_PINNACLE_TWO_SIDED_CONTRACT_MISSING,PASS,EXPERIMENTAL_SHADOW_NO_STAKES;INELIGIBLE_PINNACLE_TWO_SIDED_CONTRACT_MISSING;Challenger feature/game rows are missing or duplicated,local:challenger+the-odds-api,2026-09-27T03:01:00.857309Z,,1.1.0,faf2bcf508ca813528e70214cc4f190e132ab3bf552878a4ba2f2d881d9537fb
d4e87e1dd37ffc46ea8bdab1bc1b1ed6b8894d649dbf3d45f67cb39f87ef0322,1.1.2,6590a4bbb77802175afa4c406de831d596569cbf2e1f596de7df0910f43e8fd5,e51f21289a5f63ada7c1746ad6385412db3f6a4e7fc3ba4e33e43fbdb6e9bf14,241bade8665d15f1855e8ed5cb5a8f8bc3dbb5e66c87d76b45ab5d76f1caa9f7,dffe8acdbd3e011d12e5e45e08331fd300f3b67f,214053eb-5084-4022-8817-4ddbbf933e60,573cc0ef39631a4f6673ec843a8bedd4,2026_04_NE_BUF,2026,4,2026-10-04T17:00:00Z,totals,OVER,2026-09-27T03:00:57.907341Z,2026-09-27T03:00:57.384540Z,2026-09-22T18:51:43.097248Z,bb86d96ac8c5a37027060695827d4ca64ef6cc1d2ef5b5808941c85556f173d5,,,,,,,,,,RETAIL_ONLY,2,,,,,,,,,UNAVAILABLE_FOR_BETTING,INELIGIBLE_PINNACLE_TWO_SIDED_CONTRACT_MISSING,PASS,MODEL_LOCKED_UNTESTED_2026;UNCERTAINTY_UNAVAILABLE_FOR_BETTING;INELIGIBLE_PINNACLE_TWO_SIDED_CONTRACT_MISSING;Feature store does not contain exactly two rows for the game,local:v11-prospective-observer,2026-09-27T03:00:57.907341Z,,1.1.0,616a9ac402db27f2cff930bd870e0dc1a9e76f882043400c64b02dae229d76b7
175126b3f0ac530362a01f495e7bbc906bc149ed67aa791f13ed4d4ecb5d76e2,1.1.2,6590a4bbb77802175afa4c406de831d596569cbf2e1f596de7df0910f43e8fd5,e51f21289a5f63ada7c1746ad6385412db3f6a4e7fc3ba4e33e43fbdb6e9bf14,241bade8665d15f1855e8ed5cb5a8f8bc3dbb5e66c87d76b45ab5d76f1caa9f7,b143eda428696625817bd7042b4cf3a453477386,e1878b61-7760-4e06-9ca0-bec5e38d131c,573cc0ef39631a4f6673ec843a8bedd4,2026_04_NE_BUF,2026,4,2026-10-04T17:00:00Z,totals,OVER,2026-09-27T12:45:22.508290Z,2026-09-27T12:45:22.019645Z,2026-09-22T18:51:43.097248Z,bb86d96ac8c5a37027060695827d4ca64ef6cc1d2ef5b5808941c85556f173d5,,,,,,,,,,RETAIL_ONLY,2,,,,,,,,,UNAVAILABLE_FOR_BETTING,INELIGIBLE_PINNACLE_TWO_SIDED_CONTRACT_MISSING,PASS,MODEL_LOCKED_UNTESTED_2026;UNCERTAINTY_UNAVAILABLE_FOR_BETTING;INELIGIBLE_PINNACLE_TWO_SIDED_CONTRACT_MISSING;Feature store does not contain exactly two rows for the game,local:v11-prospective-observer,2026-09-27T12:45:22.508290Z,,1.1.0,1f1c97932509cfd2971a87d2f904efccfa5e33cd6c2aeb15e033f2fc372b7b99
69ec3cc29249bd03444523ff814563d99fe61a54044eefc0b48a31127e2be152,challenger-0.2.0,5c8bf3ec348a261ab2c0ce94bd8cc315f754a8dc991c15c20d0d961d06997984,49fadb583b0dee0ba78c242826cb3e521cee0c4af2da837cfd5df18936598793,159ec87beb47e140832d992a80618f94b5cef5681c9d11c24e999ce1cad03b10,b143eda428696625817bd7042b4cf3a453477386,e1878b61-7760-4e06-9ca0-bec5e38d131c,573cc0ef39631a4f6673ec843a8bedd4,2026_04_NE_BUF,2026,4,2026-10-04T17:00:00Z,totals,OVER,2026-09-27T12:45:25.295673Z,2026-09-27T12:45:22.019645Z,2026-09-22T18:51:43.097248Z,3ecdbfbaf3290a1d0f9b9aee517e61634d37a7bdde41367b8b77ffdf6363f311,,,,,,,,,,RETAIL_ONLY,2,,,,,,,,,MODELED_DEVELOPMENT_MARGIN_SHADOW_ONLY,INELIGIBLE_PINNACLE_TWO_SIDED_CONTRACT_MISSING,PASS,EXPERIMENTAL_SHADOW_NO_STAKES;INELIGIBLE_PINNACLE_TWO_SIDED_CONTRACT_MISSING;Challenger feature/game rows are missing or duplicated,local:challenger+the-odds-api,2026-09-27T12:45:25.295673Z,,1.1.0,14e94ef6c900c0e07312d074759957f56d1e88c7a26f3d61526462fe4be2f2bb
1253179a12cbd65f1a9e96ffbbce8175822864810e87e1790dd1953034df5a45,1.1.2,6590a4bbb77802175afa4c406de831d596569cbf2e1f596de7df0910f43e8fd5,e51f21289a5f63ada7c1746ad6385412db3f6a4e7fc3ba4e33e43fbdb6e9bf14,241bade8665d15f1855e8ed5cb5a8f8bc3dbb5e66c87d76b45ab5d76f1caa9f7,c8df716c912e3f6e3b11d508f2988b51a9d4b5a7,d4b87e91-991a-4aa9-bfef-bc8de675e276,164e6eb68f31bac190381903c3cccd31,2026_04_NYJ_CHI,2026,4,2026-10-04T17:00:00Z,spreads,HOME,2026-09-23T13:00:21.951453Z,2026-09-23T13:00:21.551276Z,2026-09-22T18:51:43.097248Z,bb86d96ac8c5a37027060695827d4ca64ef6cc1d2ef5b5808941c85556f173d5,,,,,,,,,,RETAIL_ONLY,2,,,,,,,,,UNAVAILABLE_FOR_BETTING,INELIGIBLE_PINNACLE_TWO_SIDED_CONTRACT_MISSING,PASS,MODEL_LOCKED_UNTESTED_2026;UNCERTAINTY_UNAVAILABLE_FOR_BETTING;INELIGIBLE_PINNACLE_TWO_SIDED_CONTRACT_MISSING;Feature store does not contain exactly two rows for the game,local:v11-prospective-observer,2026-09-23T13:00:21.951453Z,,1.1.0,5ece554b3e7fc3c5688ebaa8bf79dc5a3ca3d778e38f548cec11b16ff294bda8
a31a2731d7acd3728440680a43739f2c499d4736a32c3a3c6c8be0b7109fd95f,challenger-0.2.0,5c8bf3ec348a261ab2c0ce94bd8cc315f754a8dc991c15c20d0d961d06997984,49fadb583b0dee0ba78c242826cb3e521cee0c4af2da837cfd5df18936598793,159ec87beb47e140832d992a80618f94b5cef5681c9d11c24e999ce1cad03b10,c8df716c912e3f6e3b11d508f2988b51a9d4b5a7,d4b87e91-991a-4aa9-bfef-bc8de675e276,164e6eb68f31bac190381903c3cccd31,2026_04_NYJ_CHI,2026,4,2026-10-04T17:00:00Z,spreads,HOME,2026-09-23T13:00:24.484171Z,2026-09-23T13:00:21.551276Z,2026-09-22T18:51:43.097248Z,3ecdbfbaf3290a1d0f9b9aee517e61634d37a7bdde41367b8b77ffdf6363f311,,,,,,,,,,RETAIL_ONLY,2,,,,,,,,,MODELED_DEVELOPMENT_MARGIN_SHADOW_ONLY,INELIGIBLE_PINNACLE_TWO_SIDED_CONTRACT_MISSING,PASS,EXPERIMENTAL_SHADOW_NO_STAKES;INELIGIBLE_PINNACLE_TWO_SIDED_CONTRACT_MISSING;Challenger feature/game rows are missing or duplicated,local:challenger+the-odds-api,2026-09-23T13:00:24.484171Z,,1.1.0,d417c4524f13528dc3dc3f08acbaae57deed40195168e81d860f8744100e138a
23386a00e48020504222308955b4c8d90739c8c0b9725eccc9cef9dad3e8a262,1.1.2,6590a4bbb77802175afa4c406de831d596569cbf2e1f596de7df0910f43e8fd5,e51f21289a5f63ada7c1746ad6385412db3f6a4e7fc3ba4e33e43fbdb6e9bf14,241bade8665d15f1855e8ed5cb5a8f8bc3dbb5e66c87d76b45ab5d76f1caa9f7,dffe8acdbd3e011d12e5e45e08331fd300f3b67f,d842d1fe-0de3-48ea-8341-bb9cfc6a6383,164e6eb68f31bac190381903c3cccd31,2026_04_NYJ_CHI,2026,4,2026-10-04T17:00:00Z,spreads,HOME,2026-09-24T16:00:22.882475Z,2026-09-24T16:00:22.454081Z,2026-09-22T18:51:43.097248Z,bb86d96ac8c5a37027060695827d4ca64ef6cc1d2ef5b5808941c85556f173d5,,,,,,,,,,RETAIL_ONLY,2,,,,,,,,,UNAVAILABLE_FOR_BETTING,INELIGIBLE_PINNACLE_TWO_SIDED_CONTRACT_MISSING,PASS,MODEL_LOCKED_UNTESTED_2026;UNCERTAINTY_UNAVAILABLE_FOR_BETTING;INELIGIBLE_PINNACLE_TWO_SIDED_CONTRACT_MISSING;Feature store does not contain exactly two rows for the game,local:v11-prospective-observer,2026-09-24T16:00:22.882475Z,,1.1.0,4e4762867fc75598366e20e9c8e1a9cc50cff23a37a8ba49d66feb91eb614ddb
ddb11b5421e2e6c0bb206a7e13d6173752bdbe6befb2f81f680e4105f5a9fcce,challenger-0.2.0,5c8bf3ec348a261ab2c0ce94bd8cc315f754a8dc991c15c20d0d961d06997984,49fadb583b0dee0ba78c242826cb3e521cee0c4af2da837cfd5df18936598793,159ec87beb47e140832d992a80618f94b5cef5681c9d11c24e999ce1cad03b10,dffe8acdbd3e011d12e5e45e08331fd300f3b67f,d842d1fe-0de3-48ea-8341-bb9cfc6a6383,164e6eb68f31bac190381903c3cccd31,2026_04_NYJ_CHI,2026,4,2026-10-04T17:00:00Z,spreads,HOME,2026-09-24T16:00:25.607332Z,2026-09-24T16:00:22.454081Z,2026-09-22T18:51:43.097248Z,3ecdbfbaf3290a1d0f9b9aee517e61634d37a7bdde41367b8b77ffdf6363f311,,,,,,,,,,RETAIL_ONLY,2,,,,,,,,,MODELED_DEVELOPMENT_MARGIN_SHADOW_ONLY,INELIGIBLE_PINNACLE_TWO_SIDED_CONTRACT_MISSING,PASS,EXPERIMENTAL_SHADOW_NO_STAKES;INELIGIBLE_PINNACLE_TWO_SIDED_CONTRACT_MISSING;Challenger feature/game rows are missing or duplicated,local:challenger+the-odds-api,2026-09-24T16:00:25.607332Z,,1.1.0,98b64197107692b094f112d526d7b997903b7d71550e467ba1647f58198be257
74b693e31796b8efe1c03c58f8846078b193386743b3d6c20542b0910768f0a6,1.1.2,6590a4bbb77802175afa4c406de831d596569cbf2e1f596de7df0910f43e8fd5,e51f21289a5f63ada7c1746ad6385412db3f6a4e7fc3ba4e33e43fbdb6e9bf14,241bade8665d15f1855e8ed5cb5a8f8bc3dbb5e66c87d76b45ab5d76f1caa9f7,dffe8acdbd3e011d12e5e45e08331fd300f3b67f,b7f8819c-86a9-428f-bb46-debf3999015c,164e6eb68f31bac190381903c3cccd31,2026_04_NYJ_CHI,2026,4,2026-10-04T17:00:00Z,spreads,HOME,2026-09-25T21:00:29.089372Z,2026-09-25T21:00:28.639096Z,2026-09-22T18:51:43.097248Z,bb86d96ac8c5a37027060695827d4ca64ef6cc1d2ef5b5808941c85556f173d5,,,,,,,,,,RETAIL_ONLY,2,,,,,,,,,UNAVAILABLE_FOR_BETTING,INELIGIBLE_PINNACLE_TWO_SIDED_CONTRACT_MISSING,PASS,MODEL_LOCKED_UNTESTED_2026;UNCERTAINTY_UNAVAILABLE_FOR_BETTING;INELIGIBLE_PINNACLE_TWO_SIDED_CONTRACT_MISSING;Feature store does not contain exactly two rows for the game,local:v11-prospective-observer,2026-09-25T21:00:29.089372Z,,1.1.0,36824c162ae915af926016b696e65794296d2df016186cd4109f97ad5300a690
a4ad65f8b77cde399401a75b31de402fba370fd84b08f76ac5bc126bfa7eb23d,challenger-0.2.0,5c8bf3ec348a261ab2c0ce94bd8cc315f754a8dc991c15c20d0d961d06997984,49fadb583b0dee0ba78c242826cb3e521cee0c4af2da837cfd5df18936598793,159ec87beb47e140832d992a80618f94b5cef5681c9d11c24e999ce1cad03b10,dffe8acdbd3e011d12e5e45e08331fd300f3b67f,b7f8819c-86a9-428f-bb46-debf3999015c,164e6eb68f31bac190381903c3cccd31,2026_04_NYJ_CHI,2026,4,2026-10-04T17:00:00Z,spreads,HOME,2026-09-25T21:00:31.801654Z,2026-09-25T21:00:28.639096Z,2026-09-22T18:51:43.097248Z,3ecdbfbaf3290a1d0f9b9aee517e61634d37a7bdde41367b8b77ffdf6363f311,,,,,,,,,,RETAIL_ONLY,2,,,,,,,,,MODELED_DEVELOPMENT_MARGIN_SHADOW_ONLY,INELIGIBLE_PINNACLE_TWO_SIDED_CONTRACT_MISSING,PASS,EXPERIMENTAL_SHADOW_NO_STAKES;INELIGIBLE_PINNACLE_TWO_SIDED_CONTRACT_MISSING;Challenger feature/game rows are missing or duplicated,local:challenger+the-odds-api,2026-09-25T21:00:31.801654Z,,1.1.0,9fc0ce5cdd69ca27f53a3691384192ebf0776be031f481e4cbc47743b3a51d34
d374a4fcd977fb1d9f699646a53f0f8f0fc7048b2737b540127da4f911b031d7,challenger-0.2.0,5c8bf3ec348a261ab2c0ce94bd8cc315f754a8dc991c15c20d0d961d06997984,49fadb583b0dee0ba78c242826cb3e521cee0c4af2da837cfd5df18936598793,159ec87beb47e140832d992a80618f94b5cef5681c9d11c24e999ce1cad03b10,dffe8acdbd3e011d12e5e45e08331fd300f3b67f,8b8b5771-d3ca-480c-9980-dac450e82c42,164e6eb68f31bac190381903c3cccd31,2026_04_NYJ_CHI,2026,4,2026-10-04T17:00:00Z,spreads,HOME,2026-09-26T13:00:30.675609Z,2026-09-26T13:00:27.208512Z,2026-09-22T18:51:43.097248Z,3ecdbfbaf3290a1d0f9b9aee517e61634d37a7bdde41367b8b77ffdf6363f311,,,,,,,,,,RETAIL_ONLY,2,,,,,,,,,MODELED_DEVELOPMENT_MARGIN_SHADOW_ONLY,INELIGIBLE_PINNACLE_TWO_SIDED_CONTRACT_MISSING,PASS,EXPERIMENTAL_SHADOW_NO_STAKES;INELIGIBLE_PINNACLE_TWO_SIDED_CONTRACT_MISSING;Challenger feature/game rows are missing or duplicated,local:challenger+the-odds-api,2026-09-26T13:00:30.675609Z,,1.1.0,e5593280768e8e644cdcd4d20facf7df79e583e08e296d1cad89c7a7a7eeec17
ed62320699ecc25a154426e9f471861f3fc8fa4eb4fae347412a341fcb3b6afd,1.1.2,6590a4bbb77802175afa4c406de831d596569cbf2e1f596de7df0910f43e8fd5,e51f21289a5f63ada7c1746ad6385412db3f6a4e7fc3ba4e33e43fbdb6e9bf14,241bade8665d15f1855e8ed5cb5a8f8bc3dbb5e66c87d76b45ab5d76f1caa9f7,dffe8acdbd3e011d12e5e45e08331fd300f3b67f,8b8b5771-d3ca-480c-9980-dac450e82c42,164e6eb68f31bac190381903c3cccd31,2026_04_NYJ_CHI,2026,4,2026-10-04T17:00:00Z,spreads,HOME,2026-09-26T13:00:27.689180Z,2026-09-26T13:00:27.208512Z,2026-09-22T18:51:43.097248Z,bb86d96ac8c5a37027060695827d4ca64ef6cc1d2ef5b5808941c85556f173d5,,,,,,,,,,RETAIL_ONLY,2,,,,,,,,,UNAVAILABLE_FOR_BETTING,INELIGIBLE_PINNACLE_TWO_SIDED_CONTRACT_MISSING,PASS,MODEL_LOCKED_UNTESTED_2026;UNCERTAINTY_UNAVAILABLE_FOR_BETTING;INELIGIBLE_PINNACLE_TWO_SIDED_CONTRACT_MISSING;Feature store does not contain exactly two rows for the game,local:v11-prospective-observer,2026-09-26T13:00:27.689180Z,,1.1.0,fb2460e987f7d20906393d5d91b1f9ca43dac69ea3bfecf51ed84557e93510de
774a4ea0d5cc8c8a869bfd39e8ab14d6de76aecb945d19b54d7b0ef39fa6b69e,1.1.2,6590a4bbb77802175afa4c406de831d596569cbf2e1f596de7df0910f43e8fd5,e51f21289a5f63ada7c1746ad6385412db3f6a4e7fc3ba4e33e43fbdb6e9bf14,241bade8665d15f1855e8ed5cb5a8f8bc3dbb5e66c87d76b45ab5d76f1caa9f7,dffe8acdbd3e011d12e5e45e08331fd300f3b67f,d2d710b1-c436-4180-8c43-56a6e84b5e0f,164e6eb68f31bac190381903c3cccd31,2026_04_NYJ_CHI,2026,4,2026-10-04T17:00:00Z,spreads,HOME,2026-09-26T21:00:26.360329Z,2026-09-26T21:00:25.892304Z,2026-09-22T18:51:43.097248Z,bb86d96ac8c5a37027060695827d4ca64ef6cc1d2ef5b5808941c85556f173d5,,,,,,,,,,RETAIL_ONLY,2,,,,,,,,,UNAVAILABLE_FOR_BETTING,INELIGIBLE_PINNACLE_TWO_SIDED_CONTRACT_MISSING,PASS,MODEL_LOCKED_UNTESTED_2026;UNCERTAINTY_UNAVAILABLE_FOR_BETTING;INELIGIBLE_PINNACLE_TWO_SIDED_CONTRACT_MISSING;Feature store does not contain exactly two rows for the game,local:v11-prospective-observer,2026-09-26T21:00:26.360329Z,,1.1.0,9d5545d774377007b2b6a1bb930dbe6ad2f84dcd9733ad678aa203f668226b00
ac6b1eeb01bfaead35edfcbafe1c94d9587cb8a3773aa6a3161325ce036bc0a0,challenger-0.2.0,5c8bf3ec348a261ab2c0ce94bd8cc315f754a8dc991c15c20d0d961d06997984,49fadb583b0dee0ba78c242826cb3e521cee0c4af2da837cfd5df18936598793,159ec87beb47e140832d992a80618f94b5cef5681c9d11c24e999ce1cad03b10,dffe8acdbd3e011d12e5e45e08331fd300f3b67f,d2d710b1-c436-4180-8c43-56a6e84b5e0f,164e6eb68f31bac190381903c3cccd31,2026_04_NYJ_CHI,2026,4,2026-10-04T17:00:00Z,spreads,HOME,2026-09-26T21:00:29.199963Z,2026-09-26T21:00:25.892304Z,2026-09-22T18:51:43.097248Z,3ecdbfbaf3290a1d0f9b9aee517e61634d37a7bdde41367b8b77ffdf6363f311,,,,,,,,,,RETAIL_ONLY,2,,,,,,,,,MODELED_DEVELOPMENT_MARGIN_SHADOW_ONLY,INELIGIBLE_PINNACLE_TWO_SIDED_CONTRACT_MISSING,PASS,EXPERIMENTAL_SHADOW_NO_STAKES;INELIGIBLE_PINNACLE_TWO_SIDED_CONTRACT_MISSING;Challenger feature/game rows are missing or duplicated,local:challenger+the-odds-api,2026-09-26T21:00:29.199963Z,,1.1.0,466892fcc966432f1d16ab6f9952e66b69d56d3847bbedcf155106f3840b265f
1471813f42832fea15ad0136bd8657b0f39c0baa0dfc8769e94d8bf5572863e7,1.1.2,6590a4bbb77802175afa4c406de831d596569cbf2e1f596de7df0910f43e8fd5,e51f21289a5f63ada7c1746ad6385412db3f6a4e7fc3ba4e33e43fbdb6e9bf14,241bade8665d15f1855e8ed5cb5a8f8bc3dbb5e66c87d76b45ab5d76f1caa9f7,dffe8acdbd3e011d12e5e45e08331fd300f3b67f,214053eb-5084-4022-8817-4ddbbf933e60,164e6eb68f31bac190381903c3cccd31,2026_04_NYJ_CHI,2026,4,2026-10-04T17:00:00Z,spreads,HOME,2026-09-27T03:00:57.907341Z,2026-09-27T03:00:57.384540Z,2026-09-22T18:51:43.097248Z,bb86d96ac8c5a37027060695827d4ca64ef6cc1d2ef5b5808941c85556f173d5,,,,,,,,,,RETAIL_ONLY,2,,,,,,,,,UNAVAILABLE_FOR_BETTING,INELIGIBLE_PINNACLE_TWO_SIDED_CONTRACT_MISSING,PASS,MODEL_LOCKED_UNTESTED_2026;UNCERTAINTY_UNAVAILABLE_FOR_BETTING;INELIGIBLE_PINNACLE_TWO_SIDED_CONTRACT_MISSING;Feature store does not contain exactly two rows for the game,local:v11-prospective-observer,2026-09-27T03:00:57.907341Z,,1.1.0,c515720dce9b8e5d0e3cce0bce5f1637e32ab8f631be39edb80568188a046891
efbd794ccec35f9367e119fe33b6fba1ad8f812bcbaf53a5800655842d833ae8,challenger-0.2.0,5c8bf3ec348a261ab2c0ce94bd8cc315f754a8dc991c15c20d0d961d06997984,49fadb583b0dee0ba78c242826cb3e521cee0c4af2da837cfd5df18936598793,159ec87beb47e140832d992a80618f94b5cef5681c9d11c24e999ce1cad03b10,dffe8acdbd3e011d12e5e45e08331fd300f3b67f,214053eb-5084-4022-8817-4ddbbf933e60,164e6eb68f31bac190381903c3cccd31,2026_04_NYJ_CHI,2026,4,2026-10-04T17:00:00Z,spreads,HOME,2026-09-27T03:01:00.857309Z,2026-09-27T03:00:57.384540Z,2026-09-22T18:51:43.097248Z,3ecdbfbaf3290a1d0f9b9aee517e61634d37a7bdde41367b8b77ffdf6363f311,,,,,,,,,,RETAIL_ONLY,2,,,,,,,,,MODELED_DEVELOPMENT_MARGIN_SHADOW_ONLY,INELIGIBLE_PINNACLE_TWO_SIDED_CONTRACT_MISSING,PASS,EXPERIMENTAL_SHADOW_NO_STAKES;INELIGIBLE_PINNACLE_TWO_SIDED_CONTRACT_MISSING;Challenger feature/game rows are missing or duplicated,local:challenger+the-odds-api,2026-09-27T03:01:00.857309Z,,1.1.0,e46c9f163005081aca211800ebc363f7b4843fd728c38e89a1dd0a8a4581c3ad
2587852bb6e97ee45271f1518e99ba93ec523b3aaa8c4c0b2b776d3a29f88a19,1.1.2,6590a4bbb77802175afa4c406de831d596569cbf2e1f596de7df0910f43e8fd5,e51f21289a5f63ada7c1746ad6385412db3f6a4e7fc3ba4e33e43fbdb6e9bf14,241bade8665d15f1855e8ed5cb5a8f8bc3dbb5e66c87d76b45ab5d76f1caa9f7,b143eda428696625817bd7042b4cf3a453477386,e1878b61-7760-4e06-9ca0-bec5e38d131c,164e6eb68f31bac190381903c3cccd31,2026_04_NYJ_CHI,2026,4,2026-10-04T17:00:00Z,spreads,HOME,2026-09-27T12:45:22.508290Z,2026-09-27T12:45:22.019645Z,2026-09-22T18:51:43.097248Z,bb86d96ac8c5a37027060695827d4ca64ef6cc1d2ef5b5808941c85556f173d5,,,,,,,,,,RETAIL_ONLY,2,,,,,,,,,UNAVAILABLE_FOR_BETTING,INELIGIBLE_PINNACLE_TWO_SIDED_CONTRACT_MISSING,PASS,MODEL_LOCKED_UNTESTED_2026;UNCERTAINTY_UNAVAILABLE_FOR_BETTING;INELIGIBLE_PINNACLE_TWO_SIDED_CONTRACT_MISSING;Feature store does not contain exactly two rows for the game,local:v11-prospective-observer,2026-09-27T12:45:22.508290Z,,1.1.0,6cdb6df27d4ec034c26cf804952be3ba4bc273e885155da35a00c427a63e292b
f3edcfe31acc0f1d358304ba374843341a9250bf11eba1104a5468dff32483d7,challenger-0.2.0,5c8bf3ec348a261ab2c0ce94bd8cc315f754a8dc991c15c20d0d961d06997984,49fadb583b0dee0ba78c242826cb3e521cee0c4af2da837cfd5df18936598793,159ec87beb47e140832d992a80618f94b5cef5681c9d11c24e999ce1cad03b10,b143eda428696625817bd7042b4cf3a453477386,e1878b61-7760-4e06-9ca0-bec5e38d131c,164e6eb68f31bac190381903c3cccd31,2026_04_NYJ_CHI,2026,4,2026-10-04T17:00:00Z,spreads,HOME,2026-09-27T12:45:25.295673Z,2026-09-27T12:45:22.019645Z,2026-09-22T18:51:43.097248Z,3ecdbfbaf3290a1d0f9b9aee517e61634d37a7bdde41367b8b77ffdf6363f311,,,,,,,,,,RETAIL_ONLY,2,,,,,,,,,MODELED_DEVELOPMENT_MARGIN_SHADOW_ONLY,INELIGIBLE_PINNACLE_TWO_SIDED_CONTRACT_MISSING,PASS,EXPERIMENTAL_SHADOW_NO_STAKES;INELIGIBLE_PINNACLE_TWO_SIDED_CONTRACT_MISSING;Challenger feature/game rows are missing or duplicated,local:challenger+the-odds-api,2026-09-27T12:45:25.295673Z,,1.1.0,e2cfae8deb956e89c151dbfabc1b2a061a8ed21968e0f3475cfa144fdfa2c62c
e92d484106bd9962f31419d55b6c3b5088d18d38426fe0d308c585382ce89c1e,challenger-0.2.0,5c8bf3ec348a261ab2c0ce94bd8cc315f754a8dc991c15c20d0d961d06997984,49fadb583b0dee0ba78c242826cb3e521cee0c4af2da837cfd5df18936598793,159ec87beb47e140832d992a80618f94b5cef5681c9d11c24e999ce1cad03b10,c8df716c912e3f6e3b11d508f2988b51a9d4b5a7,d4b87e91-991a-4aa9-bfef-bc8de675e276,164e6eb68f31bac190381903c3cccd31,2026_04_NYJ_CHI,2026,4,2026-10-04T17:00:00Z,totals,OVER,2026-09-23T13:00:24.484171Z,2026-09-23T13:00:21.551276Z,2026-09-22T18:51:43.097248Z,3ecdbfbaf3290a1d0f9b9aee517e61634d37a7bdde41367b8b77ffdf6363f311,,,,,,,,,,RETAIL_ONLY,2,,,,,,,,,MODELED_DEVELOPMENT_MARGIN_SHADOW_ONLY,INELIGIBLE_PINNACLE_TWO_SIDED_CONTRACT_MISSING,PASS,EXPERIMENTAL_SHADOW_NO_STAKES;INELIGIBLE_PINNACLE_TWO_SIDED_CONTRACT_MISSING;Challenger feature/game rows are missing or duplicated,local:challenger+the-odds-api,2026-09-23T13:00:24.484171Z,,1.1.0,335f32ead735e13974bb60e418f6ccc9fe2ebb31c03dd0c7d44d1d24ae7384c5
fba659e75a77311a49116e3f18699b51ab45b01914caf59885b3f8003d72e5b8,1.1.2,6590a4bbb77802175afa4c406de831d596569cbf2e1f596de7df0910f43e8fd5,e51f21289a5f63ada7c1746ad6385412db3f6a4e7fc3ba4e33e43fbdb6e9bf14,241bade8665d15f1855e8ed5cb5a8f8bc3dbb5e66c87d76b45ab5d76f1caa9f7,c8df716c912e3f6e3b11d508f2988b51a9d4b5a7,d4b87e91-991a-4aa9-bfef-bc8de675e276,164e6eb68f31bac190381903c3cccd31,2026_04_NYJ_CHI,2026,4,2026-10-04T17:00:00Z,totals,OVER,2026-09-23T13:00:21.951453Z,2026-09-23T13:00:21.551276Z,2026-09-22T18:51:43.097248Z,bb86d96ac8c5a37027060695827d4ca64ef6cc1d2ef5b5808941c85556f173d5,,,,,,,,,,RETAIL_ONLY,2,,,,,,,,,UNAVAILABLE_FOR_BETTING,INELIGIBLE_PINNACLE_TWO_SIDED_CONTRACT_MISSING,PASS,MODEL_LOCKED_UNTESTED_2026;UNCERTAINTY_UNAVAILABLE_FOR_BETTING;INELIGIBLE_PINNACLE_TWO_SIDED_CONTRACT_MISSING;Feature store does not contain exactly two rows for the game,local:v11-prospective-observer,2026-09-23T13:00:21.951453Z,,1.1.0,333d07f8c6be511161a045811da2c894561fd65b6094ac593610891c2e267532
7ef977f180a494d98f2f322eb78c524c4c8cda9f1b96e12fbb4991c74ff2d6ef,challenger-0.2.0,5c8bf3ec348a261ab2c0ce94bd8cc315f754a8dc991c15c20d0d961d06997984,49fadb583b0dee0ba78c242826cb3e521cee0c4af2da837cfd5df18936598793,159ec87beb47e140832d992a80618f94b5cef5681c9d11c24e999ce1cad03b10,dffe8acdbd3e011d12e5e45e08331fd300f3b67f,d842d1fe-0de3-48ea-8341-bb9cfc6a6383,164e6eb68f31bac190381903c3cccd31,2026_04_NYJ_CHI,2026,4,2026-10-04T17:00:00Z,totals,OVER,2026-09-24T16:00:25.607332Z,2026-09-24T16:00:22.454081Z,2026-09-22T18:51:43.097248Z,3ecdbfbaf3290a1d0f9b9aee517e61634d37a7bdde41367b8b77ffdf6363f311,,,,,,,,,,RETAIL_ONLY,2,,,,,,,,,MODELED_DEVELOPMENT_MARGIN_SHADOW_ONLY,INELIGIBLE_PINNACLE_TWO_SIDED_CONTRACT_MISSING,PASS,EXPERIMENTAL_SHADOW_NO_STAKES;INELIGIBLE_PINNACLE_TWO_SIDED_CONTRACT_MISSING;Challenger feature/game rows are missing or duplicated,local:challenger+the-odds-api,2026-09-24T16:00:25.607332Z,,1.1.0,30db9004f52f60bd2c0b3e7729a056b6bb40266f1c760e6a4d69e028534f965a
a3f24f5f2f2da4c8d39972893685d4d36352db39913dbf443a8c8bc6665866a7,1.1.2,6590a4bbb77802175afa4c406de831d596569cbf2e1f596de7df0910f43e8fd5,e51f21289a5f63ada7c1746ad6385412db3f6a4e7fc3ba4e33e43fbdb6e9bf14,241bade8665d15f1855e8ed5cb5a8f8bc3dbb5e66c87d76b45ab5d76f1caa9f7,dffe8acdbd3e011d12e5e45e08331fd300f3b67f,d842d1fe-0de3-48ea-8341-bb9cfc6a6383,164e6eb68f31bac190381903c3cccd31,2026_04_NYJ_CHI,2026,4,2026-10-04T17:00:00Z,totals,OVER,2026-09-24T16:00:22.882475Z,2026-09-24T16:00:22.454081Z,2026-09-22T18:51:43.097248Z,bb86d96ac8c5a37027060695827d4ca64ef6cc1d2ef5b5808941c85556f173d5,,,,,,,,,,RETAIL_ONLY,2,,,,,,,,,UNAVAILABLE_FOR_BETTING,INELIGIBLE_PINNACLE_TWO_SIDED_CONTRACT_MISSING,PASS,MODEL_LOCKED_UNTESTED_2026;UNCERTAINTY_UNAVAILABLE_FOR_BETTING;INELIGIBLE_PINNACLE_TWO_SIDED_CONTRACT_MISSING;Feature store does not contain exactly two rows for the game,local:v11-prospective-observer,2026-09-24T16:00:22.882475Z,,1.1.0,12bd74860d867dcc04dddfb9e8774112da7c537e5e9159f010f39a3b1b772bd6
619006faf4059cb1359e9ef1d084c8bfe097092ab4533d1c1c563d808535beeb,challenger-0.2.0,5c8bf3ec348a261ab2c0ce94bd8cc315f754a8dc991c15c20d0d961d06997984,49fadb583b0dee0ba78c242826cb3e521cee0c4af2da837cfd5df18936598793,159ec87beb47e140832d992a80618f94b5cef5681c9d11c24e999ce1cad03b10,dffe8acdbd3e011d12e5e45e08331fd300f3b67f,b7f8819c-86a9-428f-bb46-debf3999015c,164e6eb68f31bac190381903c3cccd31,2026_04_NYJ_CHI,2026,4,2026-10-04T17:00:00Z,totals,OVER,2026-09-25T21:00:31.801654Z,2026-09-25T21:00:28.639096Z,2026-09-22T18:51:43.097248Z,3ecdbfbaf3290a1d0f9b9aee517e61634d37a7bdde41367b8b77ffdf6363f311,,,,,,,,,,RETAIL_ONLY,2,,,,,,,,,MODELED_DEVELOPMENT_MARGIN_SHADOW_ONLY,INELIGIBLE_PINNACLE_TWO_SIDED_CONTRACT_MISSING,PASS,EXPERIMENTAL_SHADOW_NO_STAKES;INELIGIBLE_PINNACLE_TWO_SIDED_CONTRACT_MISSING;Challenger feature/game rows are missing or duplicated,local:challenger+the-odds-api,2026-09-25T21:00:31.801654Z,,1.1.0,1e8e109dde5721e860d20a67acc2250c58169a9bf5e5ee8df6defc9022f91c9e
c6f5ab477e483ce0b66548aa02fdb146591b11c2295a793c53af9667993feddb,1.1.2,6590a4bbb77802175afa4c406de831d596569cbf2e1f596de7df0910f43e8fd5,e51f21289a5f63ada7c1746ad6385412db3f6a4e7fc3ba4e33e43fbdb6e9bf14,241bade8665d15f1855e8ed5cb5a8f8bc3dbb5e66c87d76b45ab5d76f1caa9f7,dffe8acdbd3e011d12e5e45e08331fd300f3b67f,b7f8819c-86a9-428f-bb46-debf3999015c,164e6eb68f31bac190381903c3cccd31,2026_04_NYJ_CHI,2026,4,2026-10-04T17:00:00Z,totals,OVER,2026-09-25T21:00:29.089372Z,2026-09-25T21:00:28.639096Z,2026-09-22T18:51:43.097248Z,bb86d96ac8c5a37027060695827d4ca64ef6cc1d2ef5b5808941c85556f173d5,,,,,,,,,,RETAIL_ONLY,2,,,,,,,,,UNAVAILABLE_FOR_BETTING,INELIGIBLE_PINNACLE_TWO_SIDED_CONTRACT_MISSING,PASS,MODEL_LOCKED_UNTESTED_2026;UNCERTAINTY_UNAVAILABLE_FOR_BETTING;INELIGIBLE_PINNACLE_TWO_SIDED_CONTRACT_MISSING;Feature store does not contain exactly two rows for the game,local:v11-prospective-observer,2026-09-25T21:00:29.089372Z,,1.1.0,fdb36b413bc5ef58330728fa0c305cb224fb6314e8c4e1c21c464f502a3f0cc4
7009af890919315255d862d102547d70629280775c214675c14620d40986d463,1.1.2,6590a4bbb77802175afa4c406de831d596569cbf2e1f596de7df0910f43e8fd5,e51f21289a5f63ada7c1746ad6385412db3f6a4e7fc3ba4e33e43fbdb6e9bf14,241bade8665d15f1855e8ed5cb5a8f8bc3dbb5e66c87d76b45ab5d76f1caa9f7,dffe8acdbd3e011d12e5e45e08331fd300f3b67f,8b8b5771-d3ca-480c-9980-dac450e82c42,164e6eb68f31bac190381903c3cccd31,2026_04_NYJ_CHI,2026,4,2026-10-04T17:00:00Z,totals,OVER,2026-09-26T13:00:27.689180Z,2026-09-26T13:00:27.208512Z,2026-09-22T18:51:43.097248Z,bb86d96ac8c5a37027060695827d4ca64ef6cc1d2ef5b5808941c85556f173d5,,,,,,,,,,RETAIL_ONLY,2,,,,,,,,,UNAVAILABLE_FOR_BETTING,INELIGIBLE_PINNACLE_TWO_SIDED_CONTRACT_MISSING,PASS,MODEL_LOCKED_UNTESTED_2026;UNCERTAINTY_UNAVAILABLE_FOR_BETTING;INELIGIBLE_PINNACLE_TWO_SIDED_CONTRACT_MISSING;Feature store does not contain exactly two rows for the game,local:v11-prospective-observer,2026-09-26T13:00:27.689180Z,,1.1.0,5c27bac53066593ee02d70ac239b612e2ebe6882a1cc8ca43ff9889fdcfe17b4
f0c077f2ce80d935d257a434deae05f6d6c2b345227da9ea03c946043c3b36fe,challenger-0.2.0,5c8bf3ec348a261ab2c0ce94bd8cc315f754a8dc991c15c20d0d961d06997984,49fadb583b0dee0ba78c242826cb3e521cee0c4af2da837cfd5df18936598793,159ec87beb47e140832d992a80618f94b5cef5681c9d11c24e999ce1cad03b10,dffe8acdbd3e011d12e5e45e08331fd300f3b67f,8b8b5771-d3ca-480c-9980-dac450e82c42,164e6eb68f31bac190381903c3cccd31,2026_04_NYJ_CHI,2026,4,2026-10-04T17:00:00Z,totals,OVER,2026-09-26T13:00:30.675609Z,2026-09-26T13:00:27.208512Z,2026-09-22T18:51:43.097248Z,3ecdbfbaf3290a1d0f9b9aee517e61634d37a7bdde41367b8b77ffdf6363f311,,,,,,,,,,RETAIL_ONLY,2,,,,,,,,,MODELED_DEVELOPMENT_MARGIN_SHADOW_ONLY,INELIGIBLE_PINNACLE_TWO_SIDED_CONTRACT_MISSING,PASS,EXPERIMENTAL_SHADOW_NO_STAKES;INELIGIBLE_PINNACLE_TWO_SIDED_CONTRACT_MISSING;Challenger feature/game rows are missing or duplicated,local:challenger+the-odds-api,2026-09-26T13:00:30.675609Z,,1.1.0,ed5b9298a7c8486d297c201907b026c4ba7fc61cb8baf5a9ca9d07fe1f619b6f
322470ebaef5d52a1f6e8b24fec446871e870a050b418b640217d40f1ac91a5e,1.1.2,6590a4bbb77802175afa4c406de831d596569cbf2e1f596de7df0910f43e8fd5,e51f21289a5f63ada7c1746ad6385412db3f6a4e7fc3ba4e33e43fbdb6e9bf14,241bade8665d15f1855e8ed5cb5a8f8bc3dbb5e66c87d76b45ab5d76f1caa9f7,dffe8acdbd3e011d12e5e45e08331fd300f3b67f,d2d710b1-c436-4180-8c43-56a6e84b5e0f,164e6eb68f31bac190381903c3cccd31,2026_04_NYJ_CHI,2026,4,2026-10-04T17:00:00Z,totals,OVER,2026-09-26T21:00:26.360329Z,2026-09-26T21:00:25.892304Z,2026-09-22T18:51:43.097248Z,bb86d96ac8c5a37027060695827d4ca64ef6cc1d2ef5b5808941c85556f173d5,,,,,,,,,,RETAIL_ONLY,2,,,,,,,,,UNAVAILABLE_FOR_BETTING,INELIGIBLE_PINNACLE_TWO_SIDED_CONTRACT_MISSING,PASS,MODEL_LOCKED_UNTESTED_2026;UNCERTAINTY_UNAVAILABLE_FOR_BETTING;INELIGIBLE_PINNACLE_TWO_SIDED_CONTRACT_MISSING;Feature store does not contain exactly two rows for the game,local:v11-prospective-observer,2026-09-26T21:00:26.360329Z,,1.1.0,dde7956a578e32ea61f56f8f365f0fac0b0f79c49c8c600e3629dae6bb3c39d8
323d3c541bcd58d954c5e06375d58ec2d035e04dff23dde5312acec2d6115f36,challenger-0.2.0,5c8bf3ec348a261ab2c0ce94bd8cc315f754a8dc991c15c20d0d961d06997984,49fadb583b0dee0ba78c242826cb3e521cee0c4af2da837cfd5df18936598793,159ec87beb47e140832d992a80618f94b5cef5681c9d11c24e999ce1cad03b10,dffe8acdbd3e011d12e5e45e08331fd300f3b67f,d2d710b1-c436-4180-8c43-56a6e84b5e0f,164e6eb68f31bac190381903c3cccd31,2026_04_NYJ_CHI,2026,4,2026-10-04T17:00:00Z,totals,OVER,2026-09-26T21:00:29.199963Z,2026-09-26T21:00:25.892304Z,2026-09-22T18:51:43.097248Z,3ecdbfbaf3290a1d0f9b9aee517e61634d37a7bdde41367b8b77ffdf6363f311,,,,,,,,,,RETAIL_ONLY,2,,,,,,,,,MODELED_DEVELOPMENT_MARGIN_SHADOW_ONLY,INELIGIBLE_PINNACLE_TWO_SIDED_CONTRACT_MISSING,PASS,EXPERIMENTAL_SHADOW_NO_STAKES;INELIGIBLE_PINNACLE_TWO_SIDED_CONTRACT_MISSING;Challenger feature/game rows are missing or duplicated,local:challenger+the-odds-api,2026-09-26T21:00:29.199963Z,,1.1.0,de31bd59734fd769929f0a35ad0e6eac5396806d81d6a41865d5d0e407653672
5ebd7689b447c95147486239af7bc496683edee65214c7563f9b292313f08ff3,challenger-0.2.0,5c8bf3ec348a261ab2c0ce94bd8cc315f754a8dc991c15c20d0d961d06997984,49fadb583b0dee0ba78c242826cb3e521cee0c4af2da837cfd5df18936598793,159ec87beb47e140832d992a80618f94b5cef5681c9d11c24e999ce1cad03b10,dffe8acdbd3e011d12e5e45e08331fd300f3b67f,214053eb-5084-4022-8817-4ddbbf933e60,164e6eb68f31bac190381903c3cccd31,2026_04_NYJ_CHI,2026,4,2026-10-04T17:00:00Z,totals,OVER,2026-09-27T03:01:00.857309Z,2026-09-27T03:00:57.384540Z,2026-09-22T18:51:43.097248Z,3ecdbfbaf3290a1d0f9b9aee517e61634d37a7bdde41367b8b77ffdf6363f311,,,,,,,,,,RETAIL_ONLY,2,,,,,,,,,MODELED_DEVELOPMENT_MARGIN_SHADOW_ONLY,INELIGIBLE_PINNACLE_TWO_SIDED_CONTRACT_MISSING,PASS,EXPERIMENTAL_SHADOW_NO_STAKES;INELIGIBLE_PINNACLE_TWO_SIDED_CONTRACT_MISSING;Challenger feature/game rows are missing or duplicated,local:challenger+the-odds-api,2026-09-27T03:01:00.857309Z,,1.1.0,143d99edbdf38fd5c11a35296e055c676e6348943366e492633fa6855218f90e
a86419c2ebb21baf750e0ad29f95469dda8c2830267a044c696be6e44e9cb763,1.1.2,6590a4bbb77802175afa4c406de831d596569cbf2e1f596de7df0910f43e8fd5,e51f21289a5f63ada7c1746ad6385412db3f6a4e7fc3ba4e33e43fbdb6e9bf14,241bade8665d15f1855e8ed5cb5a8f8bc3dbb5e66c87d76b45ab5d76f1caa9f7,dffe8acdbd3e011d12e5e45e08331fd300f3b67f,214053eb-5084-4022-8817-4ddbbf933e60,164e6eb68f31bac190381903c3cccd31,2026_04_NYJ_CHI,2026,4,2026-10-04T17:00:00Z,totals,OVER,2026-09-27T03:00:57.907341Z,2026-09-27T03:00:57.384540Z,2026-09-22T18:51:43.097248Z,bb86d96ac8c5a37027060695827d4ca64ef6cc1d2ef5b5808941c85556f173d5,,,,,,,,,,RETAIL_ONLY,2,,,,,,,,,UNAVAILABLE_FOR_BETTING,INELIGIBLE_PINNACLE_TWO_SIDED_CONTRACT_MISSING,PASS,MODEL_LOCKED_UNTESTED_2026;UNCERTAINTY_UNAVAILABLE_FOR_BETTING;INELIGIBLE_PINNACLE_TWO_SIDED_CONTRACT_MISSING;Feature store does not contain exactly two rows for the game,local:v11-prospective-observer,2026-09-27T03:00:57.907341Z,,1.1.0,abea0943a8c53862838bf8752e611a31255e5bfb81d461f19a6264df86804818
ca7cf3034687ad38f0ba52669a437f25f5ad0af55d289aedd68829e1f4cac117,challenger-0.2.0,5c8bf3ec348a261ab2c0ce94bd8cc315f754a8dc991c15c20d0d961d06997984,49fadb583b0dee0ba78c242826cb3e521cee0c4af2da837cfd5df18936598793,159ec87beb47e140832d992a80618f94b5cef5681c9d11c24e999ce1cad03b10,b143eda428696625817bd7042b4cf3a453477386,e1878b61-7760-4e06-9ca0-bec5e38d131c,164e6eb68f31bac190381903c3cccd31,2026_04_NYJ_CHI,2026,4,2026-10-04T17:00:00Z,totals,OVER,2026-09-27T12:45:25.295673Z,2026-09-27T12:45:22.019645Z,2026-09-22T18:51:43.097248Z,3ecdbfbaf3290a1d0f9b9aee517e61634d37a7bdde41367b8b77ffdf6363f311,,,,,,,,,,RETAIL_ONLY,2,,,,,,,,,MODELED_DEVELOPMENT_MARGIN_SHADOW_ONLY,INELIGIBLE_PINNACLE_TWO_SIDED_CONTRACT_MISSING,PASS,EXPERIMENTAL_SHADOW_NO_STAKES;INELIGIBLE_PINNACLE_TWO_SIDED_CONTRACT_MISSING;Challenger feature/game rows are missing or duplicated,local:challenger+the-odds-api,2026-09-27T12:45:25.295673Z,,1.1.0,4fc3b5f698a175cc7b8618fe336a0b205f4478e15db7da30b0604357e89ab188
d0c83c424305966d6e0d782f7553e59f1bec4d91f4b2ee39caaa9c2078db1c32,1.1.2,6590a4bbb77802175afa4c406de831d596569cbf2e1f596de7df0910f43e8fd5,e51f21289a5f63ada7c1746ad6385412db3f6a4e7fc3ba4e33e43fbdb6e9bf14,241bade8665d15f1855e8ed5cb5a8f8bc3dbb5e66c87d76b45ab5d76f1caa9f7,b143eda428696625817bd7042b4cf3a453477386,e1878b61-7760-4e06-9ca0-bec5e38d131c,164e6eb68f31bac190381903c3cccd31,2026_04_NYJ_CHI,2026,4,2026-10-04T17:00:00Z,totals,OVER,2026-09-27T12:45:22.508290Z,2026-09-27T12:45:22.019645Z,2026-09-22T18:51:43.097248Z,bb86d96ac8c5a37027060695827d4ca64ef6cc1d2ef5b5808941c85556f173d5,,,,,,,,,,RETAIL_ONLY,2,,,,,,,,,UNAVAILABLE_FOR_BETTING,INELIGIBLE_PINNACLE_TWO_SIDED_CONTRACT_MISSING,PASS,MODEL_LOCKED_UNTESTED_2026;UNCERTAINTY_UNAVAILABLE_FOR_BETTING;INELIGIBLE_PINNACLE_TWO_SIDED_CONTRACT_MISSING;Feature store does not contain exactly two rows for the game,local:v11-prospective-observer,2026-09-27T12:45:22.508290Z,,1.1.0,b7e2ff7f0d07115eaf35577ee7e9fec851fe0681dbb8a4407da330771d835fb1
199538840d936e6dbb34f8ce179b12125d59dd901cc8976d8b68038c976f57dd,1.1.2,6590a4bbb77802175afa4c406de831d596569cbf2e1f596de7df0910f43e8fd5,e51f21289a5f63ada7c1746ad6385412db3f6a4e7fc3ba4e33e43fbdb6e9bf14,241bade8665d15f1855e8ed5cb5a8f8bc3dbb5e66c87d76b45ab5d76f1caa9f7,c8df716c912e3f6e3b11d508f2988b51a9d4b5a7,d4b87e91-991a-4aa9-bfef-bc8de675e276,f01589b0e7e6dd4f4ac1220a1db81f53,2026_04_TEN_BAL,2026,4,2026-10-04T17:00:00Z,spreads,HOME,2026-09-23T13:00:21.951453Z,2026-09-23T13:00:21.551276Z,2026-09-22T18:51:43.097248Z,bb86d96ac8c5a37027060695827d4ca64ef6cc1d2ef5b5808941c85556f173d5,,,,,,,,,,RETAIL_ONLY,2,,,,,,,,,UNAVAILABLE_FOR_BETTING,INELIGIBLE_PINNACLE_TWO_SIDED_CONTRACT_MISSING,PASS,MODEL_LOCKED_UNTESTED_2026;UNCERTAINTY_UNAVAILABLE_FOR_BETTING;INELIGIBLE_PINNACLE_TWO_SIDED_CONTRACT_MISSING;Feature store does not contain exactly two rows for the game,local:v11-prospective-observer,2026-09-23T13:00:21.951453Z,,1.1.0,8d7ebb75c54691e11345b5f6f79a1ee55e31d82687857a23812f236596ec65df
2f192f807ff26621a82d5f72990ddf1b195e7f4c4ff546aab7d00d6c2c3adb33,challenger-0.2.0,5c8bf3ec348a261ab2c0ce94bd8cc315f754a8dc991c15c20d0d961d06997984,49fadb583b0dee0ba78c242826cb3e521cee0c4af2da837cfd5df18936598793,159ec87beb47e140832d992a80618f94b5cef5681c9d11c24e999ce1cad03b10,c8df716c912e3f6e3b11d508f2988b51a9d4b5a7,d4b87e91-991a-4aa9-bfef-bc8de675e276,f01589b0e7e6dd4f4ac1220a1db81f53,2026_04_TEN_BAL,2026,4,2026-10-04T17:00:00Z,spreads,HOME,2026-09-23T13:00:24.484171Z,2026-09-23T13:00:21.551276Z,2026-09-22T18:51:43.097248Z,3ecdbfbaf3290a1d0f9b9aee517e61634d37a7bdde41367b8b77ffdf6363f311,,,,,,,,,,RETAIL_ONLY,2,,,,,,,,,MODELED_DEVELOPMENT_MARGIN_SHADOW_ONLY,INELIGIBLE_PINNACLE_TWO_SIDED_CONTRACT_MISSING,PASS,EXPERIMENTAL_SHADOW_NO_STAKES;INELIGIBLE_PINNACLE_TWO_SIDED_CONTRACT_MISSING;Challenger feature/game rows are missing or duplicated,local:challenger+the-odds-api,2026-09-23T13:00:24.484171Z,,1.1.0,396b7d7ea9c30718ce2ca2cfa3782c34776d5f480aacfa8f4ede9bf07a6c009e
b36c5b1fb59949ecad271523bc6233c3e9d5437e0ef5dfb093205b0660db0281,challenger-0.2.0,5c8bf3ec348a261ab2c0ce94bd8cc315f754a8dc991c15c20d0d961d06997984,49fadb583b0dee0ba78c242826cb3e521cee0c4af2da837cfd5df18936598793,159ec87beb47e140832d992a80618f94b5cef5681c9d11c24e999ce1cad03b10,dffe8acdbd3e011d12e5e45e08331fd300f3b67f,d842d1fe-0de3-48ea-8341-bb9cfc6a6383,f01589b0e7e6dd4f4ac1220a1db81f53,2026_04_TEN_BAL,2026,4,2026-10-04T17:00:00Z,spreads,HOME,2026-09-24T16:00:25.607332Z,2026-09-24T16:00:22.454081Z,2026-09-22T18:51:43.097248Z,3ecdbfbaf3290a1d0f9b9aee517e61634d37a7bdde41367b8b77ffdf6363f311,,,,,,,,,,RETAIL_ONLY,2,,,,,,,,,MODELED_DEVELOPMENT_MARGIN_SHADOW_ONLY,INELIGIBLE_PINNACLE_TWO_SIDED_CONTRACT_MISSING,PASS,EXPERIMENTAL_SHADOW_NO_STAKES;INELIGIBLE_PINNACLE_TWO_SIDED_CONTRACT_MISSING;Challenger feature/game rows are missing or duplicated,local:challenger+the-odds-api,2026-09-24T16:00:25.607332Z,,1.1.0,614e68260c2a26e9986c146c50666dea9d9f92d088536c4da38f643406ed80ed
e2f10c1780672c5849f5e11b314622e171a738ec108e5d89e1aadbb9ead979e6,1.1.2,6590a4bbb77802175afa4c406de831d596569cbf2e1f596de7df0910f43e8fd5,e51f21289a5f63ada7c1746ad6385412db3f6a4e7fc3ba4e33e43fbdb6e9bf14,241bade8665d15f1855e8ed5cb5a8f8bc3dbb5e66c87d76b45ab5d76f1caa9f7,dffe8acdbd3e011d12e5e45e08331fd300f3b67f,d842d1fe-0de3-48ea-8341-bb9cfc6a6383,f01589b0e7e6dd4f4ac1220a1db81f53,2026_04_TEN_BAL,2026,4,2026-10-04T17:00:00Z,spreads,HOME,2026-09-24T16:00:22.882475Z,2026-09-24T16:00:22.454081Z,2026-09-22T18:51:43.097248Z,bb86d96ac8c5a37027060695827d4ca64ef6cc1d2ef5b5808941c85556f173d5,,,,,,,,,,RETAIL_ONLY,2,,,,,,,,,UNAVAILABLE_FOR_BETTING,INELIGIBLE_PINNACLE_TWO_SIDED_CONTRACT_MISSING,PASS,MODEL_LOCKED_UNTESTED_2026;UNCERTAINTY_UNAVAILABLE_FOR_BETTING;INELIGIBLE_PINNACLE_TWO_SIDED_CONTRACT_MISSING;Feature store does not contain exactly two rows for the game,local:v11-prospective-observer,2026-09-24T16:00:22.882475Z,,1.1.0,784cca3a0d228b4c97a3594a1ace25e5d6d6cd1260be240bce58e1f5c58d22db
e87f6d3726774c07e33937338bee4ac523ace50519752f761916499235f797a3,1.1.2,6590a4bbb77802175afa4c406de831d596569cbf2e1f596de7df0910f43e8fd5,e51f21289a5f63ada7c1746ad6385412db3f6a4e7fc3ba4e33e43fbdb6e9bf14,241bade8665d15f1855e8ed5cb5a8f8bc3dbb5e66c87d76b45ab5d76f1caa9f7,dffe8acdbd3e011d12e5e45e08331fd300f3b67f,b7f8819c-86a9-428f-bb46-debf3999015c,f01589b0e7e6dd4f4ac1220a1db81f53,2026_04_TEN_BAL,2026,4,2026-10-04T17:00:00Z,spreads,HOME,2026-09-25T21:00:29.089372Z,2026-09-25T21:00:28.639096Z,2026-09-22T18:51:43.097248Z,bb86d96ac8c5a37027060695827d4ca64ef6cc1d2ef5b5808941c85556f173d5,,,,,,,,,,RETAIL_ONLY,2,,,,,,,,,UNAVAILABLE_FOR_BETTING,INELIGIBLE_PINNACLE_TWO_SIDED_CONTRACT_MISSING,PASS,MODEL_LOCKED_UNTESTED_2026;UNCERTAINTY_UNAVAILABLE_FOR_BETTING;INELIGIBLE_PINNACLE_TWO_SIDED_CONTRACT_MISSING;Feature store does not contain exactly two rows for the game,local:v11-prospective-observer,2026-09-25T21:00:29.089372Z,,1.1.0,ae408dcbc63c13cd99297888981cfaf70148da3e46b5f76eb1b71c04fb04c09c
f53482b7ab18d4ed5114f9bf0113d26838db42d08fa2b83d4b2fd10e6910e31d,challenger-0.2.0,5c8bf3ec348a261ab2c0ce94bd8cc315f754a8dc991c15c20d0d961d06997984,49fadb583b0dee0ba78c242826cb3e521cee0c4af2da837cfd5df18936598793,159ec87beb47e140832d992a80618f94b5cef5681c9d11c24e999ce1cad03b10,dffe8acdbd3e011d12e5e45e08331fd300f3b67f,b7f8819c-86a9-428f-bb46-debf3999015c,f01589b0e7e6dd4f4ac1220a1db81f53,2026_04_TEN_BAL,2026,4,2026-10-04T17:00:00Z,spreads,HOME,2026-09-25T21:00:31.801654Z,2026-09-25T21:00:28.639096Z,2026-09-22T18:51:43.097248Z,3ecdbfbaf3290a1d0f9b9aee517e61634d37a7bdde41367b8b77ffdf6363f311,,,,,,,,,,RETAIL_ONLY,2,,,,,,,,,MODELED_DEVELOPMENT_MARGIN_SHADOW_ONLY,INELIGIBLE_PINNACLE_TWO_SIDED_CONTRACT_MISSING,PASS,EXPERIMENTAL_SHADOW_NO_STAKES;INELIGIBLE_PINNACLE_TWO_SIDED_CONTRACT_MISSING;Challenger feature/game rows are missing or duplicated,local:challenger+the-odds-api,2026-09-25T21:00:31.801654Z,,1.1.0,96bb5d42869231459ea7b973ccbc3548161d6bda02064e0dbebab16e0e9fc10f
a3f1ec71e418f1b09917ba0cf3fc5c16390f69dbac58ca001a6e0d0a21afe5db,1.1.2,6590a4bbb77802175afa4c406de831d596569cbf2e1f596de7df0910f43e8fd5,e51f21289a5f63ada7c1746ad6385412db3f6a4e7fc3ba4e33e43fbdb6e9bf14,241bade8665d15f1855e8ed5cb5a8f8bc3dbb5e66c87d76b45ab5d76f1caa9f7,dffe8acdbd3e011d12e5e45e08331fd300f3b67f,8b8b5771-d3ca-480c-9980-dac450e82c42,f01589b0e7e6dd4f4ac1220a1db81f53,2026_04_TEN_BAL,2026,4,2026-10-04T17:00:00Z,spreads,HOME,2026-09-26T13:00:27.689180Z,2026-09-26T13:00:27.208512Z,2026-09-22T18:51:43.097248Z,bb86d96ac8c5a37027060695827d4ca64ef6cc1d2ef5b5808941c85556f173d5,,,,,,,,,,RETAIL_ONLY,2,,,,,,,,,UNAVAILABLE_FOR_BETTING,INELIGIBLE_PINNACLE_TWO_SIDED_CONTRACT_MISSING,PASS,MODEL_LOCKED_UNTESTED_2026;UNCERTAINTY_UNAVAILABLE_FOR_BETTING;INELIGIBLE_PINNACLE_TWO_SIDED_CONTRACT_MISSING;Feature store does not contain exactly two rows for the game,local:v11-prospective-observer,2026-09-26T13:00:27.689180Z,,1.1.0,772a8e4398de3fc7cf1ca304026689d77ab0ef2a62b99699e8dd122b85999ae2
a455c7f6fda48cc77c81d63a902b6608e7a6845403bb9039f424bbfb38d7fa32,challenger-0.2.0,5c8bf3ec348a261ab2c0ce94bd8cc315f754a8dc991c15c20d0d961d06997984,49fadb583b0dee0ba78c242826cb3e521cee0c4af2da837cfd5df18936598793,159ec87beb47e140832d992a80618f94b5cef5681c9d11c24e999ce1cad03b10,dffe8acdbd3e011d12e5e45e08331fd300f3b67f,8b8b5771-d3ca-480c-9980-dac450e82c42,f01589b0e7e6dd4f4ac1220a1db81f53,2026_04_TEN_BAL,2026,4,2026-10-04T17:00:00Z,spreads,HOME,2026-09-26T13:00:30.675609Z,2026-09-26T13:00:27.208512Z,2026-09-22T18:51:43.097248Z,3ecdbfbaf3290a1d0f9b9aee517e61634d37a7bdde41367b8b77ffdf6363f311,,,,,,,,,,RETAIL_ONLY,2,,,,,,,,,MODELED_DEVELOPMENT_MARGIN_SHADOW_ONLY,INELIGIBLE_PINNACLE_TWO_SIDED_CONTRACT_MISSING,PASS,EXPERIMENTAL_SHADOW_NO_STAKES;INELIGIBLE_PINNACLE_TWO_SIDED_CONTRACT_MISSING;Challenger feature/game rows are missing or duplicated,local:challenger+the-odds-api,2026-09-26T13:00:30.675609Z,,1.1.0,9fe9638b96f7b1c5df74895fee71a60ab6f031b7c6c8848075f7e740ec3f10b8
1b0c35bb9ab16a90bb22b8f668944a7e8e08af82619c3435e3978e97688f25c7,challenger-0.2.0,5c8bf3ec348a261ab2c0ce94bd8cc315f754a8dc991c15c20d0d961d06997984,49fadb583b0dee0ba78c242826cb3e521cee0c4af2da837cfd5df18936598793,159ec87beb47e140832d992a80618f94b5cef5681c9d11c24e999ce1cad03b10,dffe8acdbd3e011d12e5e45e08331fd300f3b67f,d2d710b1-c436-4180-8c43-56a6e84b5e0f,f01589b0e7e6dd4f4ac1220a1db81f53,2026_04_TEN_BAL,2026,4,2026-10-04T17:00:00Z,spreads,HOME,2026-09-26T21:00:29.199963Z,2026-09-26T21:00:25.892304Z,2026-09-22T18:51:43.097248Z,3ecdbfbaf3290a1d0f9b9aee517e61634d37a7bdde41367b8b77ffdf6363f311,,,,,,,,,,RETAIL_ONLY,2,,,,,,,,,MODELED_DEVELOPMENT_MARGIN_SHADOW_ONLY,INELIGIBLE_PINNACLE_TWO_SIDED_CONTRACT_MISSING,PASS,EXPERIMENTAL_SHADOW_NO_STAKES;INELIGIBLE_PINNACLE_TWO_SIDED_CONTRACT_MISSING;Challenger feature/game rows are missing or duplicated,local:challenger+the-odds-api,2026-09-26T21:00:29.199963Z,,1.1.0,8bd3c5caa86b667e79a302b17dfe0d0d78e3e70a66115225f2de1e6059884974
a9d6e000a425e2ad4caf50012179ad289e7ad0e50eac3c47714a368427eb67b9,1.1.2,6590a4bbb77802175afa4c406de831d596569cbf2e1f596de7df0910f43e8fd5,e51f21289a5f63ada7c1746ad6385412db3f6a4e7fc3ba4e33e43fbdb6e9bf14,241bade8665d15f1855e8ed5cb5a8f8bc3dbb5e66c87d76b45ab5d76f1caa9f7,dffe8acdbd3e011d12e5e45e08331fd300f3b67f,d2d710b1-c436-4180-8c43-56a6e84b5e0f,f01589b0e7e6dd4f4ac1220a1db81f53,2026_04_TEN_BAL,2026,4,2026-10-04T17:00:00Z,spreads,HOME,2026-09-26T21:00:26.360329Z,2026-09-26T21:00:25.892304Z,2026-09-22T18:51:43.097248Z,bb86d96ac8c5a37027060695827d4ca64ef6cc1d2ef5b5808941c85556f173d5,,,,,,,,,,RETAIL_ONLY,2,,,,,,,,,UNAVAILABLE_FOR_BETTING,INELIGIBLE_PINNACLE_TWO_SIDED_CONTRACT_MISSING,PASS,MODEL_LOCKED_UNTESTED_2026;UNCERTAINTY_UNAVAILABLE_FOR_BETTING;INELIGIBLE_PINNACLE_TWO_SIDED_CONTRACT_MISSING;Feature store does not contain exactly two rows for the game,local:v11-prospective-observer,2026-09-26T21:00:26.360329Z,,1.1.0,3665be1eec7b1a959afe4f815b269147cb240e62c62f16b4813459a0bc1949de
a511dda2a83e15c6c2c6632805e3e70d1394c739adaeacdaa08e67e1706aaed1,1.1.2,6590a4bbb77802175afa4c406de831d596569cbf2e1f596de7df0910f43e8fd5,e51f21289a5f63ada7c1746ad6385412db3f6a4e7fc3ba4e33e43fbdb6e9bf14,241bade8665d15f1855e8ed5cb5a8f8bc3dbb5e66c87d76b45ab5d76f1caa9f7,dffe8acdbd3e011d12e5e45e08331fd300f3b67f,214053eb-5084-4022-8817-4ddbbf933e60,f01589b0e7e6dd4f4ac1220a1db81f53,2026_04_TEN_BAL,2026,4,2026-10-04T17:00:00Z,spreads,HOME,2026-09-27T03:00:57.907341Z,2026-09-27T03:00:57.384540Z,2026-09-22T18:51:43.097248Z,bb86d96ac8c5a37027060695827d4ca64ef6cc1d2ef5b5808941c85556f173d5,,,,,,,,,,RETAIL_ONLY,2,,,,,,,,,UNAVAILABLE_FOR_BETTING,INELIGIBLE_PINNACLE_TWO_SIDED_CONTRACT_MISSING,PASS,MODEL_LOCKED_UNTESTED_2026;UNCERTAINTY_UNAVAILABLE_FOR_BETTING;INELIGIBLE_PINNACLE_TWO_SIDED_CONTRACT_MISSING;Feature store does not contain exactly two rows for the game,local:v11-prospective-observer,2026-09-27T03:00:57.907341Z,,1.1.0,4153e11e4438226f960fb2204d642c6752d65923cf9d233f14da9c00c7a7a366
ac68f906c0b4e03e865f6244e9b3914aed0c6afd9fdb24019cea4ebc100935c7,challenger-0.2.0,5c8bf3ec348a261ab2c0ce94bd8cc315f754a8dc991c15c20d0d961d06997984,49fadb583b0dee0ba78c242826cb3e521cee0c4af2da837cfd5df18936598793,159ec87beb47e140832d992a80618f94b5cef5681c9d11c24e999ce1cad03b10,dffe8acdbd3e011d12e5e45e08331fd300f3b67f,214053eb-5084-4022-8817-4ddbbf933e60,f01589b0e7e6dd4f4ac1220a1db81f53,2026_04_TEN_BAL,2026,4,2026-10-04T17:00:00Z,spreads,HOME,2026-09-27T03:01:00.857309Z,2026-09-27T03:00:57.384540Z,2026-09-22T18:51:43.097248Z,3ecdbfbaf3290a1d0f9b9aee517e61634d37a7bdde41367b8b77ffdf6363f311,,,,,,,,,,RETAIL_ONLY,2,,,,,,,,,MODELED_DEVELOPMENT_MARGIN_SHADOW_ONLY,INELIGIBLE_PINNACLE_TWO_SIDED_CONTRACT_MISSING,PASS,EXPERIMENTAL_SHADOW_NO_STAKES;INELIGIBLE_PINNACLE_TWO_SIDED_CONTRACT_MISSING;Challenger feature/game rows are missing or duplicated,local:challenger+the-odds-api,2026-09-27T03:01:00.857309Z,,1.1.0,50660fb30df6f6f783d94db99a41bf4ac24875886d0c4ff50c6bcd663c571a8f
1f29ff2213f5c16872eba13405925e92218342ff2fe29970461395728df62acd,challenger-0.2.0,5c8bf3ec348a261ab2c0ce94bd8cc315f754a8dc991c15c20d0d961d06997984,49fadb583b0dee0ba78c242826cb3e521cee0c4af2da837cfd5df18936598793,159ec87beb47e140832d992a80618f94b5cef5681c9d11c24e999ce1cad03b10,b143eda428696625817bd7042b4cf3a453477386,e1878b61-7760-4e06-9ca0-bec5e38d131c,f01589b0e7e6dd4f4ac1220a1db81f53,2026_04_TEN_BAL,2026,4,2026-10-04T17:00:00Z,spreads,HOME,2026-09-27T12:45:25.295673Z,2026-09-27T12:45:22.019645Z,2026-09-22T18:51:43.097248Z,3ecdbfbaf3290a1d0f9b9aee517e61634d37a7bdde41367b8b77ffdf6363f311,,,,,,,,,,RETAIL_ONLY,2,,,,,,,,,MODELED_DEVELOPMENT_MARGIN_SHADOW_ONLY,INELIGIBLE_PINNACLE_TWO_SIDED_CONTRACT_MISSING,PASS,EXPERIMENTAL_SHADOW_NO_STAKES;INELIGIBLE_PINNACLE_TWO_SIDED_CONTRACT_MISSING;Challenger feature/game rows are missing or duplicated,local:challenger+the-odds-api,2026-09-27T12:45:25.295673Z,,1.1.0,98705a629d0d4b50e8949814307ae61f14e38b4e046cd27bace0f86ad487f19d
dc8b411f99a5ab7467365ce1f08c0049effede5f475296e3c286db853a1fa174,1.1.2,6590a4bbb77802175afa4c406de831d596569cbf2e1f596de7df0910f43e8fd5,e51f21289a5f63ada7c1746ad6385412db3f6a4e7fc3ba4e33e43fbdb6e9bf14,241bade8665d15f1855e8ed5cb5a8f8bc3dbb5e66c87d76b45ab5d76f1caa9f7,b143eda428696625817bd7042b4cf3a453477386,e1878b61-7760-4e06-9ca0-bec5e38d131c,f01589b0e7e6dd4f4ac1220a1db81f53,2026_04_TEN_BAL,2026,4,2026-10-04T17:00:00Z,spreads,HOME,2026-09-27T12:45:22.508290Z,2026-09-27T12:45:22.019645Z,2026-09-22T18:51:43.097248Z,bb86d96ac8c5a37027060695827d4ca64ef6cc1d2ef5b5808941c85556f173d5,,,,,,,,,,RETAIL_ONLY,2,,,,,,,,,UNAVAILABLE_FOR_BETTING,INELIGIBLE_PINNACLE_TWO_SIDED_CONTRACT_MISSING,PASS,MODEL_LOCKED_UNTESTED_2026;UNCERTAINTY_UNAVAILABLE_FOR_BETTING;INELIGIBLE_PINNACLE_TWO_SIDED_CONTRACT_MISSING;Feature store does not contain exactly two rows for the game,local:v11-prospective-observer,2026-09-27T12:45:22.508290Z,,1.1.0,59f620bbdd7f709f58ee2956ee75b70be0f74c1241ce583c7eaf9bc3404e1fda
4b84ec88a229cc412b855668e11f1fbc223aebbdbacd10b688be4ffd7c5fb463,1.1.2,6590a4bbb77802175afa4c406de831d596569cbf2e1f596de7df0910f43e8fd5,e51f21289a5f63ada7c1746ad6385412db3f6a4e7fc3ba4e33e43fbdb6e9bf14,241bade8665d15f1855e8ed5cb5a8f8bc3dbb5e66c87d76b45ab5d76f1caa9f7,c8df716c912e3f6e3b11d508f2988b51a9d4b5a7,d4b87e91-991a-4aa9-bfef-bc8de675e276,f01589b0e7e6dd4f4ac1220a1db81f53,2026_04_TEN_BAL,2026,4,2026-10-04T17:00:00Z,totals,OVER,2026-09-23T13:00:21.951453Z,2026-09-23T13:00:21.551276Z,2026-09-22T18:51:43.097248Z,bb86d96ac8c5a37027060695827d4ca64ef6cc1d2ef5b5808941c85556f173d5,,,,,,,,,,RETAIL_ONLY,2,,,,,,,,,UNAVAILABLE_FOR_BETTING,INELIGIBLE_PINNACLE_TWO_SIDED_CONTRACT_MISSING,PASS,MODEL_LOCKED_UNTESTED_2026;UNCERTAINTY_UNAVAILABLE_FOR_BETTING;INELIGIBLE_PINNACLE_TWO_SIDED_CONTRACT_MISSING;Feature store does not contain exactly two rows for the game,local:v11-prospective-observer,2026-09-23T13:00:21.951453Z,,1.1.0,6cc50a4d0ce32a5dd05237bf0e0ff770dc89ef924724455ae12ae47e0e7c4517
de9b6c274cf340dcf5e635a3731e3d157b38a758a018555e00b823aac98b4078,challenger-0.2.0,5c8bf3ec348a261ab2c0ce94bd8cc315f754a8dc991c15c20d0d961d06997984,49fadb583b0dee0ba78c242826cb3e521cee0c4af2da837cfd5df18936598793,159ec87beb47e140832d992a80618f94b5cef5681c9d11c24e999ce1cad03b10,c8df716c912e3f6e3b11d508f2988b51a9d4b5a7,d4b87e91-991a-4aa9-bfef-bc8de675e276,f01589b0e7e6dd4f4ac1220a1db81f53,2026_04_TEN_BAL,2026,4,2026-10-04T17:00:00Z,totals,OVER,2026-09-23T13:00:24.484171Z,2026-09-23T13:00:21.551276Z,2026-09-22T18:51:43.097248Z,3ecdbfbaf3290a1d0f9b9aee517e61634d37a7bdde41367b8b77ffdf6363f311,,,,,,,,,,RETAIL_ONLY,2,,,,,,,,,MODELED_DEVELOPMENT_MARGIN_SHADOW_ONLY,INELIGIBLE_PINNACLE_TWO_SIDED_CONTRACT_MISSING,PASS,EXPERIMENTAL_SHADOW_NO_STAKES;INELIGIBLE_PINNACLE_TWO_SIDED_CONTRACT_MISSING;Challenger feature/game rows are missing or duplicated,local:challenger+the-odds-api,2026-09-23T13:00:24.484171Z,,1.1.0,b2bb3d06a69e278b190cb1067b1218f3269d3f78c6dad72a2a338a902400f2cb
04ede3a990f44bd0078becf94497ab5344d539685de0595af7dc28fe49ce7d21,1.1.2,6590a4bbb77802175afa4c406de831d596569cbf2e1f596de7df0910f43e8fd5,e51f21289a5f63ada7c1746ad6385412db3f6a4e7fc3ba4e33e43fbdb6e9bf14,241bade8665d15f1855e8ed5cb5a8f8bc3dbb5e66c87d76b45ab5d76f1caa9f7,dffe8acdbd3e011d12e5e45e08331fd300f3b67f,d842d1fe-0de3-48ea-8341-bb9cfc6a6383,f01589b0e7e6dd4f4ac1220a1db81f53,2026_04_TEN_BAL,2026,4,2026-10-04T17:00:00Z,totals,OVER,2026-09-24T16:00:22.882475Z,2026-09-24T16:00:22.454081Z,2026-09-22T18:51:43.097248Z,bb86d96ac8c5a37027060695827d4ca64ef6cc1d2ef5b5808941c85556f173d5,,,,,,,,,,RETAIL_ONLY,2,,,,,,,,,UNAVAILABLE_FOR_BETTING,INELIGIBLE_PINNACLE_TWO_SIDED_CONTRACT_MISSING,PASS,MODEL_LOCKED_UNTESTED_2026;UNCERTAINTY_UNAVAILABLE_FOR_BETTING;INELIGIBLE_PINNACLE_TWO_SIDED_CONTRACT_MISSING;Feature store does not contain exactly two rows for the game,local:v11-prospective-observer,2026-09-24T16:00:22.882475Z,,1.1.0,9d5e55b9341662d07afd95775db12c0a6ea3bf1725c7c226bd8e5a6492803d41
f8d27fb468f94741aa704cbfbfd42a48e5cc9b5a71b57346f014e3f93f0371f5,challenger-0.2.0,5c8bf3ec348a261ab2c0ce94bd8cc315f754a8dc991c15c20d0d961d06997984,49fadb583b0dee0ba78c242826cb3e521cee0c4af2da837cfd5df18936598793,159ec87beb47e140832d992a80618f94b5cef5681c9d11c24e999ce1cad03b10,dffe8acdbd3e011d12e5e45e08331fd300f3b67f,d842d1fe-0de3-48ea-8341-bb9cfc6a6383,f01589b0e7e6dd4f4ac1220a1db81f53,2026_04_TEN_BAL,2026,4,2026-10-04T17:00:00Z,totals,OVER,2026-09-24T16:00:25.607332Z,2026-09-24T16:00:22.454081Z,2026-09-22T18:51:43.097248Z,3ecdbfbaf3290a1d0f9b9aee517e61634d37a7bdde41367b8b77ffdf6363f311,,,,,,,,,,RETAIL_ONLY,2,,,,,,,,,MODELED_DEVELOPMENT_MARGIN_SHADOW_ONLY,INELIGIBLE_PINNACLE_TWO_SIDED_CONTRACT_MISSING,PASS,EXPERIMENTAL_SHADOW_NO_STAKES;INELIGIBLE_PINNACLE_TWO_SIDED_CONTRACT_MISSING;Challenger feature/game rows are missing or duplicated,local:challenger+the-odds-api,2026-09-24T16:00:25.607332Z,,1.1.0,eaa1b04b4369f4676f85958018d5d46c5c259c3dc3da04c46400216e68857eda
5fe8afea5f8bd8065db0502f8d6b167e5899a2969bcd76180da1144b03ccba85,challenger-0.2.0,5c8bf3ec348a261ab2c0ce94bd8cc315f754a8dc991c15c20d0d961d06997984,49fadb583b0dee0ba78c242826cb3e521cee0c4af2da837cfd5df18936598793,159ec87beb47e140832d992a80618f94b5cef5681c9d11c24e999ce1cad03b10,dffe8acdbd3e011d12e5e45e08331fd300f3b67f,b7f8819c-86a9-428f-bb46-debf3999015c,f01589b0e7e6dd4f4ac1220a1db81f53,2026_04_TEN_BAL,2026,4,2026-10-04T17:00:00Z,totals,OVER,2026-09-25T21:00:31.801654Z,2026-09-25T21:00:28.639096Z,2026-09-22T18:51:43.097248Z,3ecdbfbaf3290a1d0f9b9aee517e61634d37a7bdde41367b8b77ffdf6363f311,,,,,,,,,,RETAIL_ONLY,2,,,,,,,,,MODELED_DEVELOPMENT_MARGIN_SHADOW_ONLY,INELIGIBLE_PINNACLE_TWO_SIDED_CONTRACT_MISSING,PASS,EXPERIMENTAL_SHADOW_NO_STAKES;INELIGIBLE_PINNACLE_TWO_SIDED_CONTRACT_MISSING;Challenger feature/game rows are missing or duplicated,local:challenger+the-odds-api,2026-09-25T21:00:31.801654Z,,1.1.0,f2e31113eafa1600ed666ab1bb713a67c52c00b08a60a7749f20642b498a42e6
d68a7dd9fd9f8e882eacb57a81edf20f864b7577ca6bb24218cd046f7bb280ba,1.1.2,6590a4bbb77802175afa4c406de831d596569cbf2e1f596de7df0910f43e8fd5,e51f21289a5f63ada7c1746ad6385412db3f6a4e7fc3ba4e33e43fbdb6e9bf14,241bade8665d15f1855e8ed5cb5a8f8bc3dbb5e66c87d76b45ab5d76f1caa9f7,dffe8acdbd3e011d12e5e45e08331fd300f3b67f,b7f8819c-86a9-428f-bb46-debf3999015c,f01589b0e7e6dd4f4ac1220a1db81f53,2026_04_TEN_BAL,2026,4,2026-10-04T17:00:00Z,totals,OVER,2026-09-25T21:00:29.089372Z,2026-09-25T21:00:28.639096Z,2026-09-22T18:51:43.097248Z,bb86d96ac8c5a37027060695827d4ca64ef6cc1d2ef5b5808941c85556f173d5,,,,,,,,,,RETAIL_ONLY,2,,,,,,,,,UNAVAILABLE_FOR_BETTING,INELIGIBLE_PINNACLE_TWO_SIDED_CONTRACT_MISSING,PASS,MODEL_LOCKED_UNTESTED_2026;UNCERTAINTY_UNAVAILABLE_FOR_BETTING;INELIGIBLE_PINNACLE_TWO_SIDED_CONTRACT_MISSING;Feature store does not contain exactly two rows for the game,local:v11-prospective-observer,2026-09-25T21:00:29.089372Z,,1.1.0,df7a45a45b003ecca7274b97b209e05a24ac3ff2ad542bf774a295887b5e534e
56bcdaa10d93652293b4483df66f8d69d27eec9d5c892e795825b33454cbb761,challenger-0.2.0,5c8bf3ec348a261ab2c0ce94bd8cc315f754a8dc991c15c20d0d961d06997984,49fadb583b0dee0ba78c242826cb3e521cee0c4af2da837cfd5df18936598793,159ec87beb47e140832d992a80618f94b5cef5681c9d11c24e999ce1cad03b10,dffe8acdbd3e011d12e5e45e08331fd300f3b67f,8b8b5771-d3ca-480c-9980-dac450e82c42,f01589b0e7e6dd4f4ac1220a1db81f53,2026_04_TEN_BAL,2026,4,2026-10-04T17:00:00Z,totals,OVER,2026-09-26T13:00:30.675609Z,2026-09-26T13:00:27.208512Z,2026-09-22T18:51:43.097248Z,3ecdbfbaf3290a1d0f9b9aee517e61634d37a7bdde41367b8b77ffdf6363f311,,,,,,,,,,RETAIL_ONLY,2,,,,,,,,,MODELED_DEVELOPMENT_MARGIN_SHADOW_ONLY,INELIGIBLE_PINNACLE_TWO_SIDED_CONTRACT_MISSING,PASS,EXPERIMENTAL_SHADOW_NO_STAKES;INELIGIBLE_PINNACLE_TWO_SIDED_CONTRACT_MISSING;Challenger feature/game rows are missing or duplicated,local:challenger+the-odds-api,2026-09-26T13:00:30.675609Z,,1.1.0,7f87d4dfaa41d2ddbc5404f528715172da148ce93416b275bad913775a83d96b
fea761168e8ce251d29daad6dc8abf9aa58e81494853da63b182f48e964b8e12,1.1.2,6590a4bbb77802175afa4c406de831d596569cbf2e1f596de7df0910f43e8fd5,e51f21289a5f63ada7c1746ad6385412db3f6a4e7fc3ba4e33e43fbdb6e9bf14,241bade8665d15f1855e8ed5cb5a8f8bc3dbb5e66c87d76b45ab5d76f1caa9f7,dffe8acdbd3e011d12e5e45e08331fd300f3b67f,8b8b5771-d3ca-480c-9980-dac450e82c42,f01589b0e7e6dd4f4ac1220a1db81f53,2026_04_TEN_BAL,2026,4,2026-10-04T17:00:00Z,totals,OVER,2026-09-26T13:00:27.689180Z,2026-09-26T13:00:27.208512Z,2026-09-22T18:51:43.097248Z,bb86d96ac8c5a37027060695827d4ca64ef6cc1d2ef5b5808941c85556f173d5,,,,,,,,,,RETAIL_ONLY,2,,,,,,,,,UNAVAILABLE_FOR_BETTING,INELIGIBLE_PINNACLE_TWO_SIDED_CONTRACT_MISSING,PASS,MODEL_LOCKED_UNTESTED_2026;UNCERTAINTY_UNAVAILABLE_FOR_BETTING;INELIGIBLE_PINNACLE_TWO_SIDED_CONTRACT_MISSING;Feature store does not contain exactly two rows for the game,local:v11-prospective-observer,2026-09-26T13:00:27.689180Z,,1.1.0,185e0052669cc876ecbce267599a80c4087ad7aa5e98092bd85f9dce319edb2f
212b4457c93488048a780b41a3a91b0479786b98d91f21157bcfdf21bf5a427f,challenger-0.2.0,5c8bf3ec348a261ab2c0ce94bd8cc315f754a8dc991c15c20d0d961d06997984,49fadb583b0dee0ba78c242826cb3e521cee0c4af2da837cfd5df18936598793,159ec87beb47e140832d992a80618f94b5cef5681c9d11c24e999ce1cad03b10,dffe8acdbd3e011d12e5e45e08331fd300f3b67f,d2d710b1-c436-4180-8c43-56a6e84b5e0f,f01589b0e7e6dd4f4ac1220a1db81f53,2026_04_TEN_BAL,2026,4,2026-10-04T17:00:00Z,totals,OVER,2026-09-26T21:00:29.199963Z,2026-09-26T21:00:25.892304Z,2026-09-22T18:51:43.097248Z,3ecdbfbaf3290a1d0f9b9aee517e61634d37a7bdde41367b8b77ffdf6363f311,,,,,,,,,,RETAIL_ONLY,2,,,,,,,,,MODELED_DEVELOPMENT_MARGIN_SHADOW_ONLY,INELIGIBLE_PINNACLE_TWO_SIDED_CONTRACT_MISSING,PASS,EXPERIMENTAL_SHADOW_NO_STAKES;INELIGIBLE_PINNACLE_TWO_SIDED_CONTRACT_MISSING;Challenger feature/game rows are missing or duplicated,local:challenger+the-odds-api,2026-09-26T21:00:29.199963Z,,1.1.0,0c9709452731a020a00752421781d418ac4fa1956e2327a8d43ed8cffef2bd58
f42c8ecef62bdafbd84a17b23d8b00b572558d3f3e382c68f244fd8791053465,1.1.2,6590a4bbb77802175afa4c406de831d596569cbf2e1f596de7df0910f43e8fd5,e51f21289a5f63ada7c1746ad6385412db3f6a4e7fc3ba4e33e43fbdb6e9bf14,241bade8665d15f1855e8ed5cb5a8f8bc3dbb5e66c87d76b45ab5d76f1caa9f7,dffe8acdbd3e011d12e5e45e08331fd300f3b67f,d2d710b1-c436-4180-8c43-56a6e84b5e0f,f01589b0e7e6dd4f4ac1220a1db81f53,2026_04_TEN_BAL,2026,4,2026-10-04T17:00:00Z,totals,OVER,2026-09-26T21:00:26.360329Z,2026-09-26T21:00:25.892304Z,2026-09-22T18:51:43.097248Z,bb86d96ac8c5a37027060695827d4ca64ef6cc1d2ef5b5808941c85556f173d5,,,,,,,,,,RETAIL_ONLY,2,,,,,,,,,UNAVAILABLE_FOR_BETTING,INELIGIBLE_PINNACLE_TWO_SIDED_CONTRACT_MISSING,PASS,MODEL_LOCKED_UNTESTED_2026;UNCERTAINTY_UNAVAILABLE_FOR_BETTING;INELIGIBLE_PINNACLE_TWO_SIDED_CONTRACT_MISSING;Feature store does not contain exactly two rows for the game,local:v11-prospective-observer,2026-09-26T21:00:26.360329Z,,1.1.0,8e9f26479bcb25523617dfceff1578788a0114f7ee4c3c2c04f77bd8e08dbe46
e0c177062e42477774101bd0ef49421526acab2e61ce92afe9513c8b986564a0,challenger-0.2.0,5c8bf3ec348a261ab2c0ce94bd8cc315f754a8dc991c15c20d0d961d06997984,49fadb583b0dee0ba78c242826cb3e521cee0c4af2da837cfd5df18936598793,159ec87beb47e140832d992a80618f94b5cef5681c9d11c24e999ce1cad03b10,dffe8acdbd3e011d12e5e45e08331fd300f3b67f,214053eb-5084-4022-8817-4ddbbf933e60,f01589b0e7e6dd4f4ac1220a1db81f53,2026_04_TEN_BAL,2026,4,2026-10-04T17:00:00Z,totals,OVER,2026-09-27T03:01:00.857309Z,2026-09-27T03:00:57.384540Z,2026-09-22T18:51:43.097248Z,3ecdbfbaf3290a1d0f9b9aee517e61634d37a7bdde41367b8b77ffdf6363f311,,,,,,,,,,RETAIL_ONLY,2,,,,,,,,,MODELED_DEVELOPMENT_MARGIN_SHADOW_ONLY,INELIGIBLE_PINNACLE_TWO_SIDED_CONTRACT_MISSING,PASS,EXPERIMENTAL_SHADOW_NO_STAKES;INELIGIBLE_PINNACLE_TWO_SIDED_CONTRACT_MISSING;Challenger feature/game rows are missing or duplicated,local:challenger+the-odds-api,2026-09-27T03:01:00.857309Z,,1.1.0,ab89ee183fc5a9d773fe6e4d9da13453c56e0284739ef35de109cb1bf33ab353
f2befca9232a61532f1113295f0c2cbaf4a2f22e7c098b073414318c1e6017ec,1.1.2,6590a4bbb77802175afa4c406de831d596569cbf2e1f596de7df0910f43e8fd5,e51f21289a5f63ada7c1746ad6385412db3f6a4e7fc3ba4e33e43fbdb6e9bf14,241bade8665d15f1855e8ed5cb5a8f8bc3dbb5e66c87d76b45ab5d76f1caa9f7,dffe8acdbd3e011d12e5e45e08331fd300f3b67f,214053eb-5084-4022-8817-4ddbbf933e60,f01589b0e7e6dd4f4ac1220a1db81f53,2026_04_TEN_BAL,2026,4,2026-10-04T17:00:00Z,totals,OVER,2026-09-27T03:00:57.907341Z,2026-09-27T03:00:57.384540Z,2026-09-22T18:51:43.097248Z,bb86d96ac8c5a37027060695827d4ca64ef6cc1d2ef5b5808941c85556f173d5,,,,,,,,,,RETAIL_ONLY,2,,,,,,,,,UNAVAILABLE_FOR_BETTING,INELIGIBLE_PINNACLE_TWO_SIDED_CONTRACT_MISSING,PASS,MODEL_LOCKED_UNTESTED_2026;UNCERTAINTY_UNAVAILABLE_FOR_BETTING;INELIGIBLE_PINNACLE_TWO_SIDED_CONTRACT_MISSING;Feature store does not contain exactly two rows for the game,local:v11-prospective-observer,2026-09-27T03:00:57.907341Z,,1.1.0,58fd7f3d94f2250aa69f2afdce9b2438ddee176cdeebdafd02429f552324dec8
a62a72fd3ae184c74f29c107c696ff5ca8f5cae06268b8d18e4c8fc9a7d700f5,1.1.2,6590a4bbb77802175afa4c406de831d596569cbf2e1f596de7df0910f43e8fd5,e51f21289a5f63ada7c1746ad6385412db3f6a4e7fc3ba4e33e43fbdb6e9bf14,241bade8665d15f1855e8ed5cb5a8f8bc3dbb5e66c87d76b45ab5d76f1caa9f7,b143eda428696625817bd7042b4cf3a453477386,e1878b61-7760-4e06-9ca0-bec5e38d131c,f01589b0e7e6dd4f4ac1220a1db81f53,2026_04_TEN_BAL,2026,4,2026-10-04T17:00:00Z,totals,OVER,2026-09-27T12:45:22.508290Z,2026-09-27T12:45:22.019645Z,2026-09-22T18:51:43.097248Z,bb86d96ac8c5a37027060695827d4ca64ef6cc1d2ef5b5808941c85556f173d5,,,,,,,,,,RETAIL_ONLY,2,,,,,,,,,UNAVAILABLE_FOR_BETTING,INELIGIBLE_PINNACLE_TWO_SIDED_CONTRACT_MISSING,PASS,MODEL_LOCKED_UNTESTED_2026;UNCERTAINTY_UNAVAILABLE_FOR_BETTING;INELIGIBLE_PINNACLE_TWO_SIDED_CONTRACT_MISSING;Feature store does not contain exactly two rows for the game,local:v11-prospective-observer,2026-09-27T12:45:22.508290Z,,1.1.0,bdf47be5362a92d23834f9162b66d0b71318c5459f70d54abdea6c07d010ec7b
ddbdc6eeb950384f95a0286d9b0000096978f521cd5602e942220efa289999a2,challenger-0.2.0,5c8bf3ec348a261ab2c0ce94bd8cc315f754a8dc991c15c20d0d961d06997984,49fadb583b0dee0ba78c242826cb3e521cee0c4af2da837cfd5df18936598793,159ec87beb47e140832d992a80618f94b5cef5681c9d11c24e999ce1cad03b10,b143eda428696625817bd7042b4cf3a453477386,e1878b61-7760-4e06-9ca0-bec5e38d131c,f01589b0e7e6dd4f4ac1220a1db81f53,2026_04_TEN_BAL,2026,4,2026-10-04T17:00:00Z,totals,OVER,2026-09-27T12:45:25.295673Z,2026-09-27T12:45:22.019645Z,2026-09-22T18:51:43.097248Z,3ecdbfbaf3290a1d0f9b9aee517e61634d37a7bdde41367b8b77ffdf6363f311,,,,,,,,,,RETAIL_ONLY,2,,,,,,,,,MODELED_DEVELOPMENT_MARGIN_SHADOW_ONLY,INELIGIBLE_PINNACLE_TWO_SIDED_CONTRACT_MISSING,PASS,EXPERIMENTAL_SHADOW_NO_STAKES;INELIGIBLE_PINNACLE_TWO_SIDED_CONTRACT_MISSING;Challenger feature/game rows are missing or duplicated,local:challenger+the-odds-api,2026-09-27T12:45:25.295673Z,,1.1.0,5c92fa27581a95de35c1ab3f7712549390737bac813a7690bfe3e3678ee03991
8aa4e736f5499ef36e98d23321089c5518e09dd3441b63fbd45d880e5055092f,challenger-0.2.0,5c8bf3ec348a261ab2c0ce94bd8cc315f754a8dc991c15c20d0d961d06997984,49fadb583b0dee0ba78c242826cb3e521cee0c4af2da837cfd5df18936598793,159ec87beb47e140832d992a80618f94b5cef5681c9d11c24e999ce1cad03b10,c8df716c912e3f6e3b11d508f2988b51a9d4b5a7,d4b87e91-991a-4aa9-bfef-bc8de675e276,c327223d76a3b7b0db8c6c104442f44b,2026_04_MIA_MIN,2026,4,2026-10-04T20:05:00Z,spreads,HOME,2026-09-23T13:00:24.484171Z,2026-09-23T13:00:21.551276Z,2026-09-22T18:51:43.097248Z,3ecdbfbaf3290a1d0f9b9aee517e61634d37a7bdde41367b8b77ffdf6363f311,,,,,,,,,,RETAIL_ONLY,2,,,,,,,,,MODELED_DEVELOPMENT_MARGIN_SHADOW_ONLY,INELIGIBLE_PINNACLE_TWO_SIDED_CONTRACT_MISSING,PASS,EXPERIMENTAL_SHADOW_NO_STAKES;INELIGIBLE_PINNACLE_TWO_SIDED_CONTRACT_MISSING;Challenger feature/game rows are missing or duplicated,local:challenger+the-odds-api,2026-09-23T13:00:24.484171Z,,1.1.0,2763f5f45042e7847ea0915a2459615acd8f66e2522fbb51f01e16614d81a679
b11368f73904951ef19ef0b3ddfac423b2142891f563dcb0f7f4798405bad1dd,1.1.2,6590a4bbb77802175afa4c406de831d596569cbf2e1f596de7df0910f43e8fd5,e51f21289a5f63ada7c1746ad6385412db3f6a4e7fc3ba4e33e43fbdb6e9bf14,241bade8665d15f1855e8ed5cb5a8f8bc3dbb5e66c87d76b45ab5d76f1caa9f7,c8df716c912e3f6e3b11d508f2988b51a9d4b5a7,d4b87e91-991a-4aa9-bfef-bc8de675e276,c327223d76a3b7b0db8c6c104442f44b,2026_04_MIA_MIN,2026,4,2026-10-04T20:05:00Z,spreads,HOME,2026-09-23T13:00:21.951453Z,2026-09-23T13:00:21.551276Z,2026-09-22T18:51:43.097248Z,bb86d96ac8c5a37027060695827d4ca64ef6cc1d2ef5b5808941c85556f173d5,,,,,,,,,,RETAIL_ONLY,2,,,,,,,,,UNAVAILABLE_FOR_BETTING,INELIGIBLE_PINNACLE_TWO_SIDED_CONTRACT_MISSING,PASS,MODEL_LOCKED_UNTESTED_2026;UNCERTAINTY_UNAVAILABLE_FOR_BETTING;INELIGIBLE_PINNACLE_TWO_SIDED_CONTRACT_MISSING;Feature store does not contain exactly two rows for the game,local:v11-prospective-observer,2026-09-23T13:00:21.951453Z,,1.1.0,ee47821d5e63e5b4849f51fd4070aa167315406fc66bdb92db9f6243dec3a849
439eaf08c9d12ec5cdef48207a9deb474d00592e100ec21a964421843911fdad,1.1.2,6590a4bbb77802175afa4c406de831d596569cbf2e1f596de7df0910f43e8fd5,e51f21289a5f63ada7c1746ad6385412db3f6a4e7fc3ba4e33e43fbdb6e9bf14,241bade8665d15f1855e8ed5cb5a8f8bc3dbb5e66c87d76b45ab5d76f1caa9f7,dffe8acdbd3e011d12e5e45e08331fd300f3b67f,d842d1fe-0de3-48ea-8341-bb9cfc6a6383,c327223d76a3b7b0db8c6c104442f44b,2026_04_MIA_MIN,2026,4,2026-10-04T20:05:00Z,spreads,HOME,2026-09-24T16:00:22.882475Z,2026-09-24T16:00:22.454081Z,2026-09-22T18:51:43.097248Z,bb86d96ac8c5a37027060695827d4ca64ef6cc1d2ef5b5808941c85556f173d5,,,,,,,,,,RETAIL_ONLY,2,,,,,,,,,UNAVAILABLE_FOR_BETTING,INELIGIBLE_PINNACLE_TWO_SIDED_CONTRACT_MISSING,PASS,MODEL_LOCKED_UNTESTED_2026;UNCERTAINTY_UNAVAILABLE_FOR_BETTING;INELIGIBLE_PINNACLE_TWO_SIDED_CONTRACT_MISSING;Feature store does not contain exactly two rows for the game,local:v11-prospective-observer,2026-09-24T16:00:22.882475Z,,1.1.0,84fcbf065f76164516ce953bfaa49035002da37de6a0bda9552e5a86471f0913
613bda503a38ed6af1fd1f2c949833fe93afabe581037f45c164b7687daa6d74,challenger-0.2.0,5c8bf3ec348a261ab2c0ce94bd8cc315f754a8dc991c15c20d0d961d06997984,49fadb583b0dee0ba78c242826cb3e521cee0c4af2da837cfd5df18936598793,159ec87beb47e140832d992a80618f94b5cef5681c9d11c24e999ce1cad03b10,dffe8acdbd3e011d12e5e45e08331fd300f3b67f,d842d1fe-0de3-48ea-8341-bb9cfc6a6383,c327223d76a3b7b0db8c6c104442f44b,2026_04_MIA_MIN,2026,4,2026-10-04T20:05:00Z,spreads,HOME,2026-09-24T16:00:25.607332Z,2026-09-24T16:00:22.454081Z,2026-09-22T18:51:43.097248Z,3ecdbfbaf3290a1d0f9b9aee517e61634d37a7bdde41367b8b77ffdf6363f311,,,,,,,,,,RETAIL_ONLY,2,,,,,,,,,MODELED_DEVELOPMENT_MARGIN_SHADOW_ONLY,INELIGIBLE_PINNACLE_TWO_SIDED_CONTRACT_MISSING,PASS,EXPERIMENTAL_SHADOW_NO_STAKES;INELIGIBLE_PINNACLE_TWO_SIDED_CONTRACT_MISSING;Challenger feature/game rows are missing or duplicated,local:challenger+the-odds-api,2026-09-24T16:00:25.607332Z,,1.1.0,3204c0fdde954b56432e266e4c2e3c7fa0faf762c105720cb5788b47d850fc94
189721afac5706e46fcb8893af73b293b43f5e7d66ae908e6e00711951f2579e,challenger-0.2.0,5c8bf3ec348a261ab2c0ce94bd8cc315f754a8dc991c15c20d0d961d06997984,49fadb583b0dee0ba78c242826cb3e521cee0c4af2da837cfd5df18936598793,159ec87beb47e140832d992a80618f94b5cef5681c9d11c24e999ce1cad03b10,dffe8acdbd3e011d12e5e45e08331fd300f3b67f,b7f8819c-86a9-428f-bb46-debf3999015c,c327223d76a3b7b0db8c6c104442f44b,2026_04_MIA_MIN,2026,4,2026-10-04T20:05:00Z,spreads,HOME,2026-09-25T21:00:31.801654Z,2026-09-25T21:00:28.639096Z,2026-09-22T18:51:43.097248Z,3ecdbfbaf3290a1d0f9b9aee517e61634d37a7bdde41367b8b77ffdf6363f311,,,,,,,,,,RETAIL_ONLY,2,,,,,,,,,MODELED_DEVELOPMENT_MARGIN_SHADOW_ONLY,INELIGIBLE_PINNACLE_TWO_SIDED_CONTRACT_MISSING,PASS,EXPERIMENTAL_SHADOW_NO_STAKES;INELIGIBLE_PINNACLE_TWO_SIDED_CONTRACT_MISSING;Challenger feature/game rows are missing or duplicated,local:challenger+the-odds-api,2026-09-25T21:00:31.801654Z,,1.1.0,d6726550d05d2438b633cbfa534279b96a8448e534fd57001e63a78c1f37b1f9
2a37738b603e523f3be8c06e86da1ced26623c5b8cf6b0413f3bf2a6ea151af5,1.1.2,6590a4bbb77802175afa4c406de831d596569cbf2e1f596de7df0910f43e8fd5,e51f21289a5f63ada7c1746ad6385412db3f6a4e7fc3ba4e33e43fbdb6e9bf14,241bade8665d15f1855e8ed5cb5a8f8bc3dbb5e66c87d76b45ab5d76f1caa9f7,dffe8acdbd3e011d12e5e45e08331fd300f3b67f,b7f8819c-86a9-428f-bb46-debf3999015c,c327223d76a3b7b0db8c6c104442f44b,2026_04_MIA_MIN,2026,4,2026-10-04T20:05:00Z,spreads,HOME,2026-09-25T21:00:29.089372Z,2026-09-25T21:00:28.639096Z,2026-09-22T18:51:43.097248Z,bb86d96ac8c5a37027060695827d4ca64ef6cc1d2ef5b5808941c85556f173d5,,,,,,,,,,RETAIL_ONLY,2,,,,,,,,,UNAVAILABLE_FOR_BETTING,INELIGIBLE_PINNACLE_TWO_SIDED_CONTRACT_MISSING,PASS,MODEL_LOCKED_UNTESTED_2026;UNCERTAINTY_UNAVAILABLE_FOR_BETTING;INELIGIBLE_PINNACLE_TWO_SIDED_CONTRACT_MISSING;Feature store does not contain exactly two rows for the game,local:v11-prospective-observer,2026-09-25T21:00:29.089372Z,,1.1.0,e68da80223fe91db6a1168d2e413ca035589fdb99bb8fa88742ffe0fa14cec37
7e97d2079670391a14afbc02735d98afdf70a538ee7bf2128e9852cd02971840,1.1.2,6590a4bbb77802175afa4c406de831d596569cbf2e1f596de7df0910f43e8fd5,e51f21289a5f63ada7c1746ad6385412db3f6a4e7fc3ba4e33e43fbdb6e9bf14,241bade8665d15f1855e8ed5cb5a8f8bc3dbb5e66c87d76b45ab5d76f1caa9f7,dffe8acdbd3e011d12e5e45e08331fd300f3b67f,8b8b5771-d3ca-480c-9980-dac450e82c42,c327223d76a3b7b0db8c6c104442f44b,2026_04_MIA_MIN,2026,4,2026-10-04T20:05:00Z,spreads,HOME,2026-09-26T13:00:27.689180Z,2026-09-26T13:00:27.208512Z,2026-09-22T18:51:43.097248Z,bb86d96ac8c5a37027060695827d4ca64ef6cc1d2ef5b5808941c85556f173d5,,,,,,,,,,RETAIL_ONLY,2,,,,,,,,,UNAVAILABLE_FOR_BETTING,INELIGIBLE_PINNACLE_TWO_SIDED_CONTRACT_MISSING,PASS,MODEL_LOCKED_UNTESTED_2026;UNCERTAINTY_UNAVAILABLE_FOR_BETTING;INELIGIBLE_PINNACLE_TWO_SIDED_CONTRACT_MISSING;Feature store does not contain exactly two rows for the game,local:v11-prospective-observer,2026-09-26T13:00:27.689180Z,,1.1.0,c1dffffc9d67c295357df9dffeddaa46a78f38ee04911c48e946ea426d1feefa
bf4272fe1e35739927269f0eede599c725a9210dd1d5ccca2bf008f4efc9c4ea,challenger-0.2.0,5c8bf3ec348a261ab2c0ce94bd8cc315f754a8dc991c15c20d0d961d06997984,49fadb583b0dee0ba78c242826cb3e521cee0c4af2da837cfd5df18936598793,159ec87beb47e140832d992a80618f94b5cef5681c9d11c24e999ce1cad03b10,dffe8acdbd3e011d12e5e45e08331fd300f3b67f,8b8b5771-d3ca-480c-9980-dac450e82c42,c327223d76a3b7b0db8c6c104442f44b,2026_04_MIA_MIN,2026,4,2026-10-04T20:05:00Z,spreads,HOME,2026-09-26T13:00:30.675609Z,2026-09-26T13:00:27.208512Z,2026-09-22T18:51:43.097248Z,3ecdbfbaf3290a1d0f9b9aee517e61634d37a7bdde41367b8b77ffdf6363f311,,,,,,,,,,RETAIL_ONLY,2,,,,,,,,,MODELED_DEVELOPMENT_MARGIN_SHADOW_ONLY,INELIGIBLE_PINNACLE_TWO_SIDED_CONTRACT_MISSING,PASS,EXPERIMENTAL_SHADOW_NO_STAKES;INELIGIBLE_PINNACLE_TWO_SIDED_CONTRACT_MISSING;Challenger feature/game rows are missing or duplicated,local:challenger+the-odds-api,2026-09-26T13:00:30.675609Z,,1.1.0,b0d80f097d08cb6a6f3194e873af86a0338aeb4c58c9cb5fec75542a4f2754ac
54fbf0fa1b26c17cef59edf317eab4ec7c4931083b3520534a53248a2452ffd1,challenger-0.2.0,5c8bf3ec348a261ab2c0ce94bd8cc315f754a8dc991c15c20d0d961d06997984,49fadb583b0dee0ba78c242826cb3e521cee0c4af2da837cfd5df18936598793,159ec87beb47e140832d992a80618f94b5cef5681c9d11c24e999ce1cad03b10,dffe8acdbd3e011d12e5e45e08331fd300f3b67f,d2d710b1-c436-4180-8c43-56a6e84b5e0f,c327223d76a3b7b0db8c6c104442f44b,2026_04_MIA_MIN,2026,4,2026-10-04T20:05:00Z,spreads,HOME,2026-09-26T21:00:29.199963Z,2026-09-26T21:00:25.892304Z,2026-09-22T18:51:43.097248Z,3ecdbfbaf3290a1d0f9b9aee517e61634d37a7bdde41367b8b77ffdf6363f311,,,,,,,,,,RETAIL_ONLY,2,,,,,,,,,MODELED_DEVELOPMENT_MARGIN_SHADOW_ONLY,INELIGIBLE_PINNACLE_TWO_SIDED_CONTRACT_MISSING,PASS,EXPERIMENTAL_SHADOW_NO_STAKES;INELIGIBLE_PINNACLE_TWO_SIDED_CONTRACT_MISSING;Challenger feature/game rows are missing or duplicated,local:challenger+the-odds-api,2026-09-26T21:00:29.199963Z,,1.1.0,e79ddfa094babbc85f7f0a712be5b41b2de6854d5e55c18fe7d159ab758075fa
f77c755dfa07ebb0d164c64c9b00a617ebef9cef6be10a27466456922e26f9cf,1.1.2,6590a4bbb77802175afa4c406de831d596569cbf2e1f596de7df0910f43e8fd5,e51f21289a5f63ada7c1746ad6385412db3f6a4e7fc3ba4e33e43fbdb6e9bf14,241bade8665d15f1855e8ed5cb5a8f8bc3dbb5e66c87d76b45ab5d76f1caa9f7,dffe8acdbd3e011d12e5e45e08331fd300f3b67f,d2d710b1-c436-4180-8c43-56a6e84b5e0f,c327223d76a3b7b0db8c6c104442f44b,2026_04_MIA_MIN,2026,4,2026-10-04T20:05:00Z,spreads,HOME,2026-09-26T21:00:26.360329Z,2026-09-26T21:00:25.892304Z,2026-09-22T18:51:43.097248Z,bb86d96ac8c5a37027060695827d4ca64ef6cc1d2ef5b5808941c85556f173d5,,,,,,,,,,RETAIL_ONLY,2,,,,,,,,,UNAVAILABLE_FOR_BETTING,INELIGIBLE_PINNACLE_TWO_SIDED_CONTRACT_MISSING,PASS,MODEL_LOCKED_UNTESTED_2026;UNCERTAINTY_UNAVAILABLE_FOR_BETTING;INELIGIBLE_PINNACLE_TWO_SIDED_CONTRACT_MISSING;Feature store does not contain exactly two rows for the game,local:v11-prospective-observer,2026-09-26T21:00:26.360329Z,,1.1.0,e1a81f645e84d21baffb8df2586771a0388a4cfd4737f2d9b6c7d7c4040012f8
44bfc4cc8313d3fd33e246c069f39555b03196c887a11789363d86ecc3db74dd,challenger-0.2.0,5c8bf3ec348a261ab2c0ce94bd8cc315f754a8dc991c15c20d0d961d06997984,49fadb583b0dee0ba78c242826cb3e521cee0c4af2da837cfd5df18936598793,159ec87beb47e140832d992a80618f94b5cef5681c9d11c24e999ce1cad03b10,dffe8acdbd3e011d12e5e45e08331fd300f3b67f,214053eb-5084-4022-8817-4ddbbf933e60,c327223d76a3b7b0db8c6c104442f44b,2026_04_MIA_MIN,2026,4,2026-10-04T20:05:00Z,spreads,HOME,2026-09-27T03:01:00.857309Z,2026-09-27T03:00:57.384540Z,2026-09-22T18:51:43.097248Z,3ecdbfbaf3290a1d0f9b9aee517e61634d37a7bdde41367b8b77ffdf6363f311,,,,,,,,,,RETAIL_ONLY,2,,,,,,,,,MODELED_DEVELOPMENT_MARGIN_SHADOW_ONLY,INELIGIBLE_PINNACLE_TWO_SIDED_CONTRACT_MISSING,PASS,EXPERIMENTAL_SHADOW_NO_STAKES;INELIGIBLE_PINNACLE_TWO_SIDED_CONTRACT_MISSING;Challenger feature/game rows are missing or duplicated,local:challenger+the-odds-api,2026-09-27T03:01:00.857309Z,,1.1.0,8c7ab5798ef7c69c5446ec67f52ec706d41d7ef6093b8db37b908eb2a05fadc2
bab55ef61ba473314087f5da73119ddc06584c7417c64fa50a9b9f47f079c35b,1.1.2,6590a4bbb77802175afa4c406de831d596569cbf2e1f596de7df0910f43e8fd5,e51f21289a5f63ada7c1746ad6385412db3f6a4e7fc3ba4e33e43fbdb6e9bf14,241bade8665d15f1855e8ed5cb5a8f8bc3dbb5e66c87d76b45ab5d76f1caa9f7,dffe8acdbd3e011d12e5e45e08331fd300f3b67f,214053eb-5084-4022-8817-4ddbbf933e60,c327223d76a3b7b0db8c6c104442f44b,2026_04_MIA_MIN,2026,4,2026-10-04T20:05:00Z,spreads,HOME,2026-09-27T03:00:57.907341Z,2026-09-27T03:00:57.384540Z,2026-09-22T18:51:43.097248Z,bb86d96ac8c5a37027060695827d4ca64ef6cc1d2ef5b5808941c85556f173d5,,,,,,,,,,RETAIL_ONLY,2,,,,,,,,,UNAVAILABLE_FOR_BETTING,INELIGIBLE_PINNACLE_TWO_SIDED_CONTRACT_MISSING,PASS,MODEL_LOCKED_UNTESTED_2026;UNCERTAINTY_UNAVAILABLE_FOR_BETTING;INELIGIBLE_PINNACLE_TWO_SIDED_CONTRACT_MISSING;Feature store does not contain exactly two rows for the game,local:v11-prospective-observer,2026-09-27T03:00:57.907341Z,,1.1.0,b1964e3a66b799ef3db1db931470c6da7d0904457f1be07d579d743c409b3f09
64840609caa7fd0f47aa2ffa0b9ed8db6a42d6153afb01b74aff11cf130681aa,challenger-0.2.0,5c8bf3ec348a261ab2c0ce94bd8cc315f754a8dc991c15c20d0d961d06997984,49fadb583b0dee0ba78c242826cb3e521cee0c4af2da837cfd5df18936598793,159ec87beb47e140832d992a80618f94b5cef5681c9d11c24e999ce1cad03b10,b143eda428696625817bd7042b4cf3a453477386,e1878b61-7760-4e06-9ca0-bec5e38d131c,c327223d76a3b7b0db8c6c104442f44b,2026_04_MIA_MIN,2026,4,2026-10-04T20:05:00Z,spreads,HOME,2026-09-27T12:45:25.295673Z,2026-09-27T12:45:22.019645Z,2026-09-22T18:51:43.097248Z,3ecdbfbaf3290a1d0f9b9aee517e61634d37a7bdde41367b8b77ffdf6363f311,,,,,,,,,,RETAIL_ONLY,2,,,,,,,,,MODELED_DEVELOPMENT_MARGIN_SHADOW_ONLY,INELIGIBLE_PINNACLE_TWO_SIDED_CONTRACT_MISSING,PASS,EXPERIMENTAL_SHADOW_NO_STAKES;INELIGIBLE_PINNACLE_TWO_SIDED_CONTRACT_MISSING;Challenger feature/game rows are missing or duplicated,local:challenger+the-odds-api,2026-09-27T12:45:25.295673Z,,1.1.0,ff7c3a9d546bc9b4b074b5fb65d86ebb3f8355863bcd808b568815fd5e4c8171
cab074d46408ccedb19adb3621d2e5d248bba9cd88855ee74d0297699213786f,1.1.2,6590a4bbb77802175afa4c406de831d596569cbf2e1f596de7df0910f43e8fd5,e51f21289a5f63ada7c1746ad6385412db3f6a4e7fc3ba4e33e43fbdb6e9bf14,241bade8665d15f1855e8ed5cb5a8f8bc3dbb5e66c87d76b45ab5d76f1caa9f7,b143eda428696625817bd7042b4cf3a453477386,e1878b61-7760-4e06-9ca0-bec5e38d131c,c327223d76a3b7b0db8c6c104442f44b,2026_04_MIA_MIN,2026,4,2026-10-04T20:05:00Z,spreads,HOME,2026-09-27T12:45:22.508290Z,2026-09-27T12:45:22.019645Z,2026-09-22T18:51:43.097248Z,bb86d96ac8c5a37027060695827d4ca64ef6cc1d2ef5b5808941c85556f173d5,,,,,,,,,,RETAIL_ONLY,2,,,,,,,,,UNAVAILABLE_FOR_BETTING,INELIGIBLE_PINNACLE_TWO_SIDED_CONTRACT_MISSING,PASS,MODEL_LOCKED_UNTESTED_2026;UNCERTAINTY_UNAVAILABLE_FOR_BETTING;INELIGIBLE_PINNACLE_TWO_SIDED_CONTRACT_MISSING;Feature store does not contain exactly two rows for the game,local:v11-prospective-observer,2026-09-27T12:45:22.508290Z,,1.1.0,cc0ea1fc46d0bd1c5f234c21a3da9e25f575f492dbcbdd99d1145271861992b3
06a04593503f7bd5eabaf3a1807f347cb84e7ec73a35da09c42b3a0363c356a2,1.1.2,6590a4bbb77802175afa4c406de831d596569cbf2e1f596de7df0910f43e8fd5,e51f21289a5f63ada7c1746ad6385412db3f6a4e7fc3ba4e33e43fbdb6e9bf14,241bade8665d15f1855e8ed5cb5a8f8bc3dbb5e66c87d76b45ab5d76f1caa9f7,c8df716c912e3f6e3b11d508f2988b51a9d4b5a7,d4b87e91-991a-4aa9-bfef-bc8de675e276,c327223d76a3b7b0db8c6c104442f44b,2026_04_MIA_MIN,2026,4,2026-10-04T20:05:00Z,totals,OVER,2026-09-23T13:00:21.951453Z,2026-09-23T13:00:21.551276Z,2026-09-22T18:51:43.097248Z,bb86d96ac8c5a37027060695827d4ca64ef6cc1d2ef5b5808941c85556f173d5,,,,,,,,,,RETAIL_ONLY,2,,,,,,,,,UNAVAILABLE_FOR_BETTING,INELIGIBLE_PINNACLE_TWO_SIDED_CONTRACT_MISSING,PASS,MODEL_LOCKED_UNTESTED_2026;UNCERTAINTY_UNAVAILABLE_FOR_BETTING;INELIGIBLE_PINNACLE_TWO_SIDED_CONTRACT_MISSING;Feature store does not contain exactly two rows for the game,local:v11-prospective-observer,2026-09-23T13:00:21.951453Z,,1.1.0,78eeb84343ad3fa366b7d1592f80e82a818f0637e7d027527547a11744f58adf
1fad290a7ef72c512cb7c2d1cd84b084fe36b4d8385d33f8ee146187a5f2516d,challenger-0.2.0,5c8bf3ec348a261ab2c0ce94bd8cc315f754a8dc991c15c20d0d961d06997984,49fadb583b0dee0ba78c242826cb3e521cee0c4af2da837cfd5df18936598793,159ec87beb47e140832d992a80618f94b5cef5681c9d11c24e999ce1cad03b10,c8df716c912e3f6e3b11d508f2988b51a9d4b5a7,d4b87e91-991a-4aa9-bfef-bc8de675e276,c327223d76a3b7b0db8c6c104442f44b,2026_04_MIA_MIN,2026,4,2026-10-04T20:05:00Z,totals,OVER,2026-09-23T13:00:24.484171Z,2026-09-23T13:00:21.551276Z,2026-09-22T18:51:43.097248Z,3ecdbfbaf3290a1d0f9b9aee517e61634d37a7bdde41367b8b77ffdf6363f311,,,,,,,,,,RETAIL_ONLY,2,,,,,,,,,MODELED_DEVELOPMENT_MARGIN_SHADOW_ONLY,INELIGIBLE_PINNACLE_TWO_SIDED_CONTRACT_MISSING,PASS,EXPERIMENTAL_SHADOW_NO_STAKES;INELIGIBLE_PINNACLE_TWO_SIDED_CONTRACT_MISSING;Challenger feature/game rows are missing or duplicated,local:challenger+the-odds-api,2026-09-23T13:00:24.484171Z,,1.1.0,b03f6696a075440868a9e6cbfa20f0c4ecbb32140b3799bf4beb8fdf4f0a0586
09aab8811bacd6e8008037989f33f6a7470e9a0f5d4d6fb15292364d1c7ca1aa,challenger-0.2.0,5c8bf3ec348a261ab2c0ce94bd8cc315f754a8dc991c15c20d0d961d06997984,49fadb583b0dee0ba78c242826cb3e521cee0c4af2da837cfd5df18936598793,159ec87beb47e140832d992a80618f94b5cef5681c9d11c24e999ce1cad03b10,dffe8acdbd3e011d12e5e45e08331fd300f3b67f,d842d1fe-0de3-48ea-8341-bb9cfc6a6383,c327223d76a3b7b0db8c6c104442f44b,2026_04_MIA_MIN,2026,4,2026-10-04T20:05:00Z,totals,OVER,2026-09-24T16:00:25.607332Z,2026-09-24T16:00:22.454081Z,2026-09-22T18:51:43.097248Z,3ecdbfbaf3290a1d0f9b9aee517e61634d37a7bdde41367b8b77ffdf6363f311,,,,,,,,,,RETAIL_ONLY,2,,,,,,,,,MODELED_DEVELOPMENT_MARGIN_SHADOW_ONLY,INELIGIBLE_PINNACLE_TWO_SIDED_CONTRACT_MISSING,PASS,EXPERIMENTAL_SHADOW_NO_STAKES;INELIGIBLE_PINNACLE_TWO_SIDED_CONTRACT_MISSING;Challenger feature/game rows are missing or duplicated,local:challenger+the-odds-api,2026-09-24T16:00:25.607332Z,,1.1.0,7508a43b33b7e84b8cc0cd819048cc1a1bfd98b3c5d83612c5dcef13f723cfc6
8bf1ef4dd4386a0014bf820f25773ce07810d7ba5dcb10aef82f6722f90fea59,1.1.2,6590a4bbb77802175afa4c406de831d596569cbf2e1f596de7df0910f43e8fd5,e51f21289a5f63ada7c1746ad6385412db3f6a4e7fc3ba4e33e43fbdb6e9bf14,241bade8665d15f1855e8ed5cb5a8f8bc3dbb5e66c87d76b45ab5d76f1caa9f7,dffe8acdbd3e011d12e5e45e08331fd300f3b67f,d842d1fe-0de3-48ea-8341-bb9cfc6a6383,c327223d76a3b7b0db8c6c104442f44b,2026_04_MIA_MIN,2026,4,2026-10-04T20:05:00Z,totals,OVER,2026-09-24T16:00:22.882475Z,2026-09-24T16:00:22.454081Z,2026-09-22T18:51:43.097248Z,bb86d96ac8c5a37027060695827d4ca64ef6cc1d2ef5b5808941c85556f173d5,,,,,,,,,,RETAIL_ONLY,2,,,,,,,,,UNAVAILABLE_FOR_BETTING,INELIGIBLE_PINNACLE_TWO_SIDED_CONTRACT_MISSING,PASS,MODEL_LOCKED_UNTESTED_2026;UNCERTAINTY_UNAVAILABLE_FOR_BETTING;INELIGIBLE_PINNACLE_TWO_SIDED_CONTRACT_MISSING;Feature store does not contain exactly two rows for the game,local:v11-prospective-observer,2026-09-24T16:00:22.882475Z,,1.1.0,ed8ad99c9745455e9861e0d962f795629027d9a440cf4c60dc57e1a0c49e9c61
13940974fe49aa5c8fce0de7d1ad27042e813b8caf741513bd8bffa7f0e8ac95,challenger-0.2.0,5c8bf3ec348a261ab2c0ce94bd8cc315f754a8dc991c15c20d0d961d06997984,49fadb583b0dee0ba78c242826cb3e521cee0c4af2da837cfd5df18936598793,159ec87beb47e140832d992a80618f94b5cef5681c9d11c24e999ce1cad03b10,dffe8acdbd3e011d12e5e45e08331fd300f3b67f,b7f8819c-86a9-428f-bb46-debf3999015c,c327223d76a3b7b0db8c6c104442f44b,2026_04_MIA_MIN,2026,4,2026-10-04T20:05:00Z,totals,OVER,2026-09-25T21:00:31.801654Z,2026-09-25T21:00:28.639096Z,2026-09-22T18:51:43.097248Z,3ecdbfbaf3290a1d0f9b9aee517e61634d37a7bdde41367b8b77ffdf6363f311,,,,,,,,,,RETAIL_ONLY,2,,,,,,,,,MODELED_DEVELOPMENT_MARGIN_SHADOW_ONLY,INELIGIBLE_PINNACLE_TWO_SIDED_CONTRACT_MISSING,PASS,EXPERIMENTAL_SHADOW_NO_STAKES;INELIGIBLE_PINNACLE_TWO_SIDED_CONTRACT_MISSING;Challenger feature/game rows are missing or duplicated,local:challenger+the-odds-api,2026-09-25T21:00:31.801654Z,,1.1.0,6bc1b6162bf11fe567f4228a407ab5be1880a55363b105a6a6f32a87cd2c9968
aa7eb4394b7b040b1219120f493b66b65bdf44e05d64cc618109fe2a5841b65d,1.1.2,6590a4bbb77802175afa4c406de831d596569cbf2e1f596de7df0910f43e8fd5,e51f21289a5f63ada7c1746ad6385412db3f6a4e7fc3ba4e33e43fbdb6e9bf14,241bade8665d15f1855e8ed5cb5a8f8bc3dbb5e66c87d76b45ab5d76f1caa9f7,dffe8acdbd3e011d12e5e45e08331fd300f3b67f,b7f8819c-86a9-428f-bb46-debf3999015c,c327223d76a3b7b0db8c6c104442f44b,2026_04_MIA_MIN,2026,4,2026-10-04T20:05:00Z,totals,OVER,2026-09-25T21:00:29.089372Z,2026-09-25T21:00:28.639096Z,2026-09-22T18:51:43.097248Z,bb86d96ac8c5a37027060695827d4ca64ef6cc1d2ef5b5808941c85556f173d5,,,,,,,,,,RETAIL_ONLY,2,,,,,,,,,UNAVAILABLE_FOR_BETTING,INELIGIBLE_PINNACLE_TWO_SIDED_CONTRACT_MISSING,PASS,MODEL_LOCKED_UNTESTED_2026;UNCERTAINTY_UNAVAILABLE_FOR_BETTING;INELIGIBLE_PINNACLE_TWO_SIDED_CONTRACT_MISSING;Feature store does not contain exactly two rows for the game,local:v11-prospective-observer,2026-09-25T21:00:29.089372Z,,1.1.0,5940a27d2d97cc9ae83b2c81ac283c3a22eca17672e4eabfa8acc73bafb8f446
d0f9c56d0ac35fb64ce787020c6be678ea0428ddca82f118defc65f150804238,challenger-0.2.0,5c8bf3ec348a261ab2c0ce94bd8cc315f754a8dc991c15c20d0d961d06997984,49fadb583b0dee0ba78c242826cb3e521cee0c4af2da837cfd5df18936598793,159ec87beb47e140832d992a80618f94b5cef5681c9d11c24e999ce1cad03b10,dffe8acdbd3e011d12e5e45e08331fd300f3b67f,8b8b5771-d3ca-480c-9980-dac450e82c42,c327223d76a3b7b0db8c6c104442f44b,2026_04_MIA_MIN,2026,4,2026-10-04T20:05:00Z,totals,OVER,2026-09-26T13:00:30.675609Z,2026-09-26T13:00:27.208512Z,2026-09-22T18:51:43.097248Z,3ecdbfbaf3290a1d0f9b9aee517e61634d37a7bdde41367b8b77ffdf6363f311,,,,,,,,,,RETAIL_ONLY,2,,,,,,,,,MODELED_DEVELOPMENT_MARGIN_SHADOW_ONLY,INELIGIBLE_PINNACLE_TWO_SIDED_CONTRACT_MISSING,PASS,EXPERIMENTAL_SHADOW_NO_STAKES;INELIGIBLE_PINNACLE_TWO_SIDED_CONTRACT_MISSING;Challenger feature/game rows are missing or duplicated,local:challenger+the-odds-api,2026-09-26T13:00:30.675609Z,,1.1.0,1b31660bd925ed29ad491fc3e2f71af564981c9d3f4b5173057bb452fa73e34a
d2dcf7e3d50598991ae41f39ad52728827e5d628f7523604f7762e8480c2d1a5,1.1.2,6590a4bbb77802175afa4c406de831d596569cbf2e1f596de7df0910f43e8fd5,e51f21289a5f63ada7c1746ad6385412db3f6a4e7fc3ba4e33e43fbdb6e9bf14,241bade8665d15f1855e8ed5cb5a8f8bc3dbb5e66c87d76b45ab5d76f1caa9f7,dffe8acdbd3e011d12e5e45e08331fd300f3b67f,8b8b5771-d3ca-480c-9980-dac450e82c42,c327223d76a3b7b0db8c6c104442f44b,2026_04_MIA_MIN,2026,4,2026-10-04T20:05:00Z,totals,OVER,2026-09-26T13:00:27.689180Z,2026-09-26T13:00:27.208512Z,2026-09-22T18:51:43.097248Z,bb86d96ac8c5a37027060695827d4ca64ef6cc1d2ef5b5808941c85556f173d5,,,,,,,,,,RETAIL_ONLY,2,,,,,,,,,UNAVAILABLE_FOR_BETTING,INELIGIBLE_PINNACLE_TWO_SIDED_CONTRACT_MISSING,PASS,MODEL_LOCKED_UNTESTED_2026;UNCERTAINTY_UNAVAILABLE_FOR_BETTING;INELIGIBLE_PINNACLE_TWO_SIDED_CONTRACT_MISSING;Feature store does not contain exactly two rows for the game,local:v11-prospective-observer,2026-09-26T13:00:27.689180Z,,1.1.0,5c1e09e6bb6795b2f04135ccb0288494003ced8fc06b79685189b06b4d7c29bb
4321e15203360429224ffe6cfcf0b956c757c5b37f6a9262853e338a514930e8,1.1.2,6590a4bbb77802175afa4c406de831d596569cbf2e1f596de7df0910f43e8fd5,e51f21289a5f63ada7c1746ad6385412db3f6a4e7fc3ba4e33e43fbdb6e9bf14,241bade8665d15f1855e8ed5cb5a8f8bc3dbb5e66c87d76b45ab5d76f1caa9f7,dffe8acdbd3e011d12e5e45e08331fd300f3b67f,d2d710b1-c436-4180-8c43-56a6e84b5e0f,c327223d76a3b7b0db8c6c104442f44b,2026_04_MIA_MIN,2026,4,2026-10-04T20:05:00Z,totals,OVER,2026-09-26T21:00:26.360329Z,2026-09-26T21:00:25.892304Z,2026-09-22T18:51:43.097248Z,bb86d96ac8c5a37027060695827d4ca64ef6cc1d2ef5b5808941c85556f173d5,,,,,,,,,,RETAIL_ONLY,2,,,,,,,,,UNAVAILABLE_FOR_BETTING,INELIGIBLE_PINNACLE_TWO_SIDED_CONTRACT_MISSING,PASS,MODEL_LOCKED_UNTESTED_2026;UNCERTAINTY_UNAVAILABLE_FOR_BETTING;INELIGIBLE_PINNACLE_TWO_SIDED_CONTRACT_MISSING;Feature store does not contain exactly two rows for the game,local:v11-prospective-observer,2026-09-26T21:00:26.360329Z,,1.1.0,cd5e289b862d64c4708ffc6e8080d5e440dc71e786f7f997e33cae3545116092
e09ad02a53b680ee08b62fd0955b66302a2c9a0f0a8781703432dec00fc94aad,challenger-0.2.0,5c8bf3ec348a261ab2c0ce94bd8cc315f754a8dc991c15c20d0d961d06997984,49fadb583b0dee0ba78c242826cb3e521cee0c4af2da837cfd5df18936598793,159ec87beb47e140832d992a80618f94b5cef5681c9d11c24e999ce1cad03b10,dffe8acdbd3e011d12e5e45e08331fd300f3b67f,d2d710b1-c436-4180-8c43-56a6e84b5e0f,c327223d76a3b7b0db8c6c104442f44b,2026_04_MIA_MIN,2026,4,2026-10-04T20:05:00Z,totals,OVER,2026-09-26T21:00:29.199963Z,2026-09-26T21:00:25.892304Z,2026-09-22T18:51:43.097248Z,3ecdbfbaf3290a1d0f9b9aee517e61634d37a7bdde41367b8b77ffdf6363f311,,,,,,,,,,RETAIL_ONLY,2,,,,,,,,,MODELED_DEVELOPMENT_MARGIN_SHADOW_ONLY,INELIGIBLE_PINNACLE_TWO_SIDED_CONTRACT_MISSING,PASS,EXPERIMENTAL_SHADOW_NO_STAKES;INELIGIBLE_PINNACLE_TWO_SIDED_CONTRACT_MISSING;Challenger feature/game rows are missing or duplicated,local:challenger+the-odds-api,2026-09-26T21:00:29.199963Z,,1.1.0,daac279b68060f48f1087071e315f2b0d21593a8ca152e8ab7f79955a5cf9a97
2a2f25201f45948e7fec3f8884c049cc23381c1982c2164c236a92573ea000c4,challenger-0.2.0,5c8bf3ec348a261ab2c0ce94bd8cc315f754a8dc991c15c20d0d961d06997984,49fadb583b0dee0ba78c242826cb3e521cee0c4af2da837cfd5df18936598793,159ec87beb47e140832d992a80618f94b5cef5681c9d11c24e999ce1cad03b10,dffe8acdbd3e011d12e5e45e08331fd300f3b67f,214053eb-5084-4022-8817-4ddbbf933e60,c327223d76a3b7b0db8c6c104442f44b,2026_04_MIA_MIN,2026,4,2026-10-04T20:05:00Z,totals,OVER,2026-09-27T03:01:00.857309Z,2026-09-27T03:00:57.384540Z,2026-09-22T18:51:43.097248Z,3ecdbfbaf3290a1d0f9b9aee517e61634d37a7bdde41367b8b77ffdf6363f311,,,,,,,,,,RETAIL_ONLY,2,,,,,,,,,MODELED_DEVELOPMENT_MARGIN_SHADOW_ONLY,INELIGIBLE_PINNACLE_TWO_SIDED_CONTRACT_MISSING,PASS,EXPERIMENTAL_SHADOW_NO_STAKES;INELIGIBLE_PINNACLE_TWO_SIDED_CONTRACT_MISSING;Challenger feature/game rows are missing or duplicated,local:challenger+the-odds-api,2026-09-27T03:01:00.857309Z,,1.1.0,6f8e7f9b9ace1a36679cc7b92636c7e0519df87ba16263ef68b5733efffca15f
b55b30ccc896b20d2d558a4bbde22093323e9601557f2b9273b64e238adb0a56,1.1.2,6590a4bbb77802175afa4c406de831d596569cbf2e1f596de7df0910f43e8fd5,e51f21289a5f63ada7c1746ad6385412db3f6a4e7fc3ba4e33e43fbdb6e9bf14,241bade8665d15f1855e8ed5cb5a8f8bc3dbb5e66c87d76b45ab5d76f1caa9f7,dffe8acdbd3e011d12e5e45e08331fd300f3b67f,214053eb-5084-4022-8817-4ddbbf933e60,c327223d76a3b7b0db8c6c104442f44b,2026_04_MIA_MIN,2026,4,2026-10-04T20:05:00Z,totals,OVER,2026-09-27T03:00:57.907341Z,2026-09-27T03:00:57.384540Z,2026-09-22T18:51:43.097248Z,bb86d96ac8c5a37027060695827d4ca64ef6cc1d2ef5b5808941c85556f173d5,,,,,,,,,,RETAIL_ONLY,2,,,,,,,,,UNAVAILABLE_FOR_BETTING,INELIGIBLE_PINNACLE_TWO_SIDED_CONTRACT_MISSING,PASS,MODEL_LOCKED_UNTESTED_2026;UNCERTAINTY_UNAVAILABLE_FOR_BETTING;INELIGIBLE_PINNACLE_TWO_SIDED_CONTRACT_MISSING;Feature store does not contain exactly two rows for the game,local:v11-prospective-observer,2026-09-27T03:00:57.907341Z,,1.1.0,5fc22c4511e14a6711a4c66cf3e271733c146610d4cb518ea12f7874ca7fb68f
eda796da211d81f71039ea910cfdb2eb658f7efcbba5b3334a4d17fa24fa3387,challenger-0.2.0,5c8bf3ec348a261ab2c0ce94bd8cc315f754a8dc991c15c20d0d961d06997984,49fadb583b0dee0ba78c242826cb3e521cee0c4af2da837cfd5df18936598793,159ec87beb47e140832d992a80618f94b5cef5681c9d11c24e999ce1cad03b10,b143eda428696625817bd7042b4cf3a453477386,e1878b61-7760-4e06-9ca0-bec5e38d131c,c327223d76a3b7b0db8c6c104442f44b,2026_04_MIA_MIN,2026,4,2026-10-04T20:05:00Z,totals,OVER,2026-09-27T12:45:25.295673Z,2026-09-27T12:45:22.019645Z,2026-09-22T18:51:43.097248Z,3ecdbfbaf3290a1d0f9b9aee517e61634d37a7bdde41367b8b77ffdf6363f311,,,,,,,,,,RETAIL_ONLY,2,,,,,,,,,MODELED_DEVELOPMENT_MARGIN_SHADOW_ONLY,INELIGIBLE_PINNACLE_TWO_SIDED_CONTRACT_MISSING,PASS,EXPERIMENTAL_SHADOW_NO_STAKES;INELIGIBLE_PINNACLE_TWO_SIDED_CONTRACT_MISSING;Challenger feature/game rows are missing or duplicated,local:challenger+the-odds-api,2026-09-27T12:45:25.295673Z,,1.1.0,d7879c6bd8e722770fc4d49eaf6fab0f793f2129e46dda25e1cb6864295c2295
f8b180af3b4ce9191183dbbdcb16f20491db75c5510d37f477d829be31a63f1d,1.1.2,6590a4bbb77802175afa4c406de831d596569cbf2e1f596de7df0910f43e8fd5,e51f21289a5f63ada7c1746ad6385412db3f6a4e7fc3ba4e33e43fbdb6e9bf14,241bade8665d15f1855e8ed5cb5a8f8bc3dbb5e66c87d76b45ab5d76f1caa9f7,b143eda428696625817bd7042b4cf3a453477386,e1878b61-7760-4e06-9ca0-bec5e38d131c,c327223d76a3b7b0db8c6c104442f44b,2026_04_MIA_MIN,2026,4,2026-10-04T20:05:00Z,totals,OVER,2026-09-27T12:45:22.508290Z,2026-09-27T12:45:22.019645Z,2026-09-22T18:51:43.097248Z,bb86d96ac8c5a37027060695827d4ca64ef6cc1d2ef5b5808941c85556f173d5,,,,,,,,,,RETAIL_ONLY,2,,,,,,,,,UNAVAILABLE_FOR_BETTING,INELIGIBLE_PINNACLE_TWO_SIDED_CONTRACT_MISSING,PASS,MODEL_LOCKED_UNTESTED_2026;UNCERTAINTY_UNAVAILABLE_FOR_BETTING;INELIGIBLE_PINNACLE_TWO_SIDED_CONTRACT_MISSING;Feature store does not contain exactly two rows for the game,local:v11-prospective-observer,2026-09-27T12:45:22.508290Z,,1.1.0,47a2fb5d70b25c41d8aefa6f22e3c06e03c7e01de0611310b2762e248c72df12
1b8899815620ccb1b84aad77c26deb96b5f3749bbd57a3e643a26b0387d5a4fe,1.1.2,6590a4bbb77802175afa4c406de831d596569cbf2e1f596de7df0910f43e8fd5,e51f21289a5f63ada7c1746ad6385412db3f6a4e7fc3ba4e33e43fbdb6e9bf14,241bade8665d15f1855e8ed5cb5a8f8bc3dbb5e66c87d76b45ab5d76f1caa9f7,c8df716c912e3f6e3b11d508f2988b51a9d4b5a7,d4b87e91-991a-4aa9-bfef-bc8de675e276,a7e7efb75a9792ac63480ae6328dca18,2026_04_DEN_SF,2026,4,2026-10-04T20:25:00Z,spreads,HOME,2026-09-23T13:00:21.951453Z,2026-09-23T13:00:21.551276Z,2026-09-22T18:51:43.097248Z,bb86d96ac8c5a37027060695827d4ca64ef6cc1d2ef5b5808941c85556f173d5,,,,,,,,,,RETAIL_ONLY,2,,,,,,,,,UNAVAILABLE_FOR_BETTING,INELIGIBLE_PINNACLE_TWO_SIDED_CONTRACT_MISSING,PASS,MODEL_LOCKED_UNTESTED_2026;UNCERTAINTY_UNAVAILABLE_FOR_BETTING;INELIGIBLE_PINNACLE_TWO_SIDED_CONTRACT_MISSING;Feature store does not contain exactly two rows for the game,local:v11-prospective-observer,2026-09-23T13:00:21.951453Z,,1.1.0,8eb0d69d9c4844bad4f2573ae096477aae249b3fcaf16b662560e240c1ba6716
c5841d17c005421c5411f4609582edc670e720d337fc1e7beb3fbd31e6fe5d00,challenger-0.2.0,5c8bf3ec348a261ab2c0ce94bd8cc315f754a8dc991c15c20d0d961d06997984,49fadb583b0dee0ba78c242826cb3e521cee0c4af2da837cfd5df18936598793,159ec87beb47e140832d992a80618f94b5cef5681c9d11c24e999ce1cad03b10,c8df716c912e3f6e3b11d508f2988b51a9d4b5a7,d4b87e91-991a-4aa9-bfef-bc8de675e276,a7e7efb75a9792ac63480ae6328dca18,2026_04_DEN_SF,2026,4,2026-10-04T20:25:00Z,spreads,HOME,2026-09-23T13:00:24.484171Z,2026-09-23T13:00:21.551276Z,2026-09-22T18:51:43.097248Z,3ecdbfbaf3290a1d0f9b9aee517e61634d37a7bdde41367b8b77ffdf6363f311,,,,,,,,,,RETAIL_ONLY,2,,,,,,,,,MODELED_DEVELOPMENT_MARGIN_SHADOW_ONLY,INELIGIBLE_PINNACLE_TWO_SIDED_CONTRACT_MISSING,PASS,EXPERIMENTAL_SHADOW_NO_STAKES;INELIGIBLE_PINNACLE_TWO_SIDED_CONTRACT_MISSING;Challenger feature/game rows are missing or duplicated,local:challenger+the-odds-api,2026-09-23T13:00:24.484171Z,,1.1.0,1419cf66a889e1bdae63cd57f5e5ec31eb95124b8f6a8fdd2f12cdf474584077
50e12483c04d71b8f4d4dd6c18e8529b31e678bf293b4cd3a129aec7fb389c97,challenger-0.2.0,5c8bf3ec348a261ab2c0ce94bd8cc315f754a8dc991c15c20d0d961d06997984,49fadb583b0dee0ba78c242826cb3e521cee0c4af2da837cfd5df18936598793,159ec87beb47e140832d992a80618f94b5cef5681c9d11c24e999ce1cad03b10,dffe8acdbd3e011d12e5e45e08331fd300f3b67f,d842d1fe-0de3-48ea-8341-bb9cfc6a6383,a7e7efb75a9792ac63480ae6328dca18,2026_04_DEN_SF,2026,4,2026-10-04T20:25:00Z,spreads,HOME,2026-09-24T16:00:25.607332Z,2026-09-24T16:00:22.454081Z,2026-09-22T18:51:43.097248Z,3ecdbfbaf3290a1d0f9b9aee517e61634d37a7bdde41367b8b77ffdf6363f311,,,,,,,,,,RETAIL_ONLY,2,,,,,,,,,MODELED_DEVELOPMENT_MARGIN_SHADOW_ONLY,INELIGIBLE_PINNACLE_TWO_SIDED_CONTRACT_MISSING,PASS,EXPERIMENTAL_SHADOW_NO_STAKES;INELIGIBLE_PINNACLE_TWO_SIDED_CONTRACT_MISSING;Challenger feature/game rows are missing or duplicated,local:challenger+the-odds-api,2026-09-24T16:00:25.607332Z,,1.1.0,df196c062d16663fbbb5d12447756cfbd6d05777cb14193435de5e7038bb8463
e19f67368c311ccab64046187ce812b7fafebcee924ac030bdb1fc1cc792fde0,1.1.2,6590a4bbb77802175afa4c406de831d596569cbf2e1f596de7df0910f43e8fd5,e51f21289a5f63ada7c1746ad6385412db3f6a4e7fc3ba4e33e43fbdb6e9bf14,241bade8665d15f1855e8ed5cb5a8f8bc3dbb5e66c87d76b45ab5d76f1caa9f7,dffe8acdbd3e011d12e5e45e08331fd300f3b67f,d842d1fe-0de3-48ea-8341-bb9cfc6a6383,a7e7efb75a9792ac63480ae6328dca18,2026_04_DEN_SF,2026,4,2026-10-04T20:25:00Z,spreads,HOME,2026-09-24T16:00:22.882475Z,2026-09-24T16:00:22.454081Z,2026-09-22T18:51:43.097248Z,bb86d96ac8c5a37027060695827d4ca64ef6cc1d2ef5b5808941c85556f173d5,,,,,,,,,,RETAIL_ONLY,2,,,,,,,,,UNAVAILABLE_FOR_BETTING,INELIGIBLE_PINNACLE_TWO_SIDED_CONTRACT_MISSING,PASS,MODEL_LOCKED_UNTESTED_2026;UNCERTAINTY_UNAVAILABLE_FOR_BETTING;INELIGIBLE_PINNACLE_TWO_SIDED_CONTRACT_MISSING;Feature store does not contain exactly two rows for the game,local:v11-prospective-observer,2026-09-24T16:00:22.882475Z,,1.1.0,dd951ed926b7037b63d1c416f5d7950c202ef447017976a020f56748625d8459
3960e87e4353af52fa82910795bf99d654336a2cd5811196f19385da98bed63f,1.1.2,6590a4bbb77802175afa4c406de831d596569cbf2e1f596de7df0910f43e8fd5,e51f21289a5f63ada7c1746ad6385412db3f6a4e7fc3ba4e33e43fbdb6e9bf14,241bade8665d15f1855e8ed5cb5a8f8bc3dbb5e66c87d76b45ab5d76f1caa9f7,dffe8acdbd3e011d12e5e45e08331fd300f3b67f,b7f8819c-86a9-428f-bb46-debf3999015c,a7e7efb75a9792ac63480ae6328dca18,2026_04_DEN_SF,2026,4,2026-10-04T20:25:00Z,spreads,HOME,2026-09-25T21:00:29.089372Z,2026-09-25T21:00:28.639096Z,2026-09-22T18:51:43.097248Z,bb86d96ac8c5a37027060695827d4ca64ef6cc1d2ef5b5808941c85556f173d5,,,,,,,,,,RETAIL_ONLY,2,,,,,,,,,UNAVAILABLE_FOR_BETTING,INELIGIBLE_PINNACLE_TWO_SIDED_CONTRACT_MISSING,PASS,MODEL_LOCKED_UNTESTED_2026;UNCERTAINTY_UNAVAILABLE_FOR_BETTING;INELIGIBLE_PINNACLE_TWO_SIDED_CONTRACT_MISSING;Feature store does not contain exactly two rows for the game,local:v11-prospective-observer,2026-09-25T21:00:29.089372Z,,1.1.0,8774c6e499f9f3570b573e0469dc12d564a9393a68d9055f7b65d2ee1521cc49
f45eb4f17a562b2dbdacc3365709198dd717ce2ba0a23f4c84c3566fed59c9a2,challenger-0.2.0,5c8bf3ec348a261ab2c0ce94bd8cc315f754a8dc991c15c20d0d961d06997984,49fadb583b0dee0ba78c242826cb3e521cee0c4af2da837cfd5df18936598793,159ec87beb47e140832d992a80618f94b5cef5681c9d11c24e999ce1cad03b10,dffe8acdbd3e011d12e5e45e08331fd300f3b67f,b7f8819c-86a9-428f-bb46-debf3999015c,a7e7efb75a9792ac63480ae6328dca18,2026_04_DEN_SF,2026,4,2026-10-04T20:25:00Z,spreads,HOME,2026-09-25T21:00:31.801654Z,2026-09-25T21:00:28.639096Z,2026-09-22T18:51:43.097248Z,3ecdbfbaf3290a1d0f9b9aee517e61634d37a7bdde41367b8b77ffdf6363f311,,,,,,,,,,RETAIL_ONLY,2,,,,,,,,,MODELED_DEVELOPMENT_MARGIN_SHADOW_ONLY,INELIGIBLE_PINNACLE_TWO_SIDED_CONTRACT_MISSING,PASS,EXPERIMENTAL_SHADOW_NO_STAKES;INELIGIBLE_PINNACLE_TWO_SIDED_CONTRACT_MISSING;Challenger feature/game rows are missing or duplicated,local:challenger+the-odds-api,2026-09-25T21:00:31.801654Z,,1.1.0,36d30e9b3b45610f67c9573b918f7ebb98615eb3c218a45fd7b91671c37388ec
2f7c8a63c2963dc6c08bd73606e5665351ebe9a2f5f5f07af0f1c3c24ae68382,1.1.2,6590a4bbb77802175afa4c406de831d596569cbf2e1f596de7df0910f43e8fd5,e51f21289a5f63ada7c1746ad6385412db3f6a4e7fc3ba4e33e43fbdb6e9bf14,241bade8665d15f1855e8ed5cb5a8f8bc3dbb5e66c87d76b45ab5d76f1caa9f7,dffe8acdbd3e011d12e5e45e08331fd300f3b67f,8b8b5771-d3ca-480c-9980-dac450e82c42,a7e7efb75a9792ac63480ae6328dca18,2026_04_DEN_SF,2026,4,2026-10-04T20:25:00Z,spreads,HOME,2026-09-26T13:00:27.689180Z,2026-09-26T13:00:27.208512Z,2026-09-22T18:51:43.097248Z,bb86d96ac8c5a37027060695827d4ca64ef6cc1d2ef5b5808941c85556f173d5,,,,,,,,,,RETAIL_ONLY,2,,,,,,,,,UNAVAILABLE_FOR_BETTING,INELIGIBLE_PINNACLE_TWO_SIDED_CONTRACT_MISSING,PASS,MODEL_LOCKED_UNTESTED_2026;UNCERTAINTY_UNAVAILABLE_FOR_BETTING;INELIGIBLE_PINNACLE_TWO_SIDED_CONTRACT_MISSING;Feature store does not contain exactly two rows for the game,local:v11-prospective-observer,2026-09-26T13:00:27.689180Z,,1.1.0,20dc4e0f792ac39ef6ca885cc7c8c0db17611dfd5d5e041293b7f1ca07c3ec55
666bb05bce9e6b879aa4e3c9df76035afd2934b32f5f7507b3ef8759d5753de8,challenger-0.2.0,5c8bf3ec348a261ab2c0ce94bd8cc315f754a8dc991c15c20d0d961d06997984,49fadb583b0dee0ba78c242826cb3e521cee0c4af2da837cfd5df18936598793,159ec87beb47e140832d992a80618f94b5cef5681c9d11c24e999ce1cad03b10,dffe8acdbd3e011d12e5e45e08331fd300f3b67f,8b8b5771-d3ca-480c-9980-dac450e82c42,a7e7efb75a9792ac63480ae6328dca18,2026_04_DEN_SF,2026,4,2026-10-04T20:25:00Z,spreads,HOME,2026-09-26T13:00:30.675609Z,2026-09-26T13:00:27.208512Z,2026-09-22T18:51:43.097248Z,3ecdbfbaf3290a1d0f9b9aee517e61634d37a7bdde41367b8b77ffdf6363f311,,,,,,,,,,RETAIL_ONLY,2,,,,,,,,,MODELED_DEVELOPMENT_MARGIN_SHADOW_ONLY,INELIGIBLE_PINNACLE_TWO_SIDED_CONTRACT_MISSING,PASS,EXPERIMENTAL_SHADOW_NO_STAKES;INELIGIBLE_PINNACLE_TWO_SIDED_CONTRACT_MISSING;Challenger feature/game rows are missing or duplicated,local:challenger+the-odds-api,2026-09-26T13:00:30.675609Z,,1.1.0,b266087ac87e37db1d874d3fd126c5e68ebc9172cb589865242ac096445657f6
65f0ac7e3cb45ced21e364dbac91cb2b3562840846dd93b0520ae5ebb9adcac5,challenger-0.2.0,5c8bf3ec348a261ab2c0ce94bd8cc315f754a8dc991c15c20d0d961d06997984,49fadb583b0dee0ba78c242826cb3e521cee0c4af2da837cfd5df18936598793,159ec87beb47e140832d992a80618f94b5cef5681c9d11c24e999ce1cad03b10,dffe8acdbd3e011d12e5e45e08331fd300f3b67f,d2d710b1-c436-4180-8c43-56a6e84b5e0f,a7e7efb75a9792ac63480ae6328dca18,2026_04_DEN_SF,2026,4,2026-10-04T20:25:00Z,spreads,HOME,2026-09-26T21:00:29.199963Z,2026-09-26T21:00:25.892304Z,2026-09-22T18:51:43.097248Z,3ecdbfbaf3290a1d0f9b9aee517e61634d37a7bdde41367b8b77ffdf6363f311,,,,,,,,,,RETAIL_ONLY,2,,,,,,,,,MODELED_DEVELOPMENT_MARGIN_SHADOW_ONLY,INELIGIBLE_PINNACLE_TWO_SIDED_CONTRACT_MISSING,PASS,EXPERIMENTAL_SHADOW_NO_STAKES;INELIGIBLE_PINNACLE_TWO_SIDED_CONTRACT_MISSING;Challenger feature/game rows are missing or duplicated,local:challenger+the-odds-api,2026-09-26T21:00:29.199963Z,,1.1.0,bb14c8765c7626dcd2b0332fa773e5ec0c89e43d4bbee0cc6380c90320c12391
db2ff76ecc32031ff8440e1ed8c6917a400890923a571274696dbc5e43357a39,1.1.2,6590a4bbb77802175afa4c406de831d596569cbf2e1f596de7df0910f43e8fd5,e51f21289a5f63ada7c1746ad6385412db3f6a4e7fc3ba4e33e43fbdb6e9bf14,241bade8665d15f1855e8ed5cb5a8f8bc3dbb5e66c87d76b45ab5d76f1caa9f7,dffe8acdbd3e011d12e5e45e08331fd300f3b67f,d2d710b1-c436-4180-8c43-56a6e84b5e0f,a7e7efb75a9792ac63480ae6328dca18,2026_04_DEN_SF,2026,4,2026-10-04T20:25:00Z,spreads,HOME,2026-09-26T21:00:26.360329Z,2026-09-26T21:00:25.892304Z,2026-09-22T18:51:43.097248Z,bb86d96ac8c5a37027060695827d4ca64ef6cc1d2ef5b5808941c85556f173d5,,,,,,,,,,RETAIL_ONLY,2,,,,,,,,,UNAVAILABLE_FOR_BETTING,INELIGIBLE_PINNACLE_TWO_SIDED_CONTRACT_MISSING,PASS,MODEL_LOCKED_UNTESTED_2026;UNCERTAINTY_UNAVAILABLE_FOR_BETTING;INELIGIBLE_PINNACLE_TWO_SIDED_CONTRACT_MISSING;Feature store does not contain exactly two rows for the game,local:v11-prospective-observer,2026-09-26T21:00:26.360329Z,,1.1.0,5836f7fdf047af4e88f75852bf88afe948b6965c77ac20e37123e32c09b66e66
6ccd7c6c1a8d25cb1372176727eae43beb76939d7673b5f84bdfa8da745a7a70,1.1.2,6590a4bbb77802175afa4c406de831d596569cbf2e1f596de7df0910f43e8fd5,e51f21289a5f63ada7c1746ad6385412db3f6a4e7fc3ba4e33e43fbdb6e9bf14,241bade8665d15f1855e8ed5cb5a8f8bc3dbb5e66c87d76b45ab5d76f1caa9f7,dffe8acdbd3e011d12e5e45e08331fd300f3b67f,214053eb-5084-4022-8817-4ddbbf933e60,a7e7efb75a9792ac63480ae6328dca18,2026_04_DEN_SF,2026,4,2026-10-04T20:25:00Z,spreads,HOME,2026-09-27T03:00:57.907341Z,2026-09-27T03:00:57.384540Z,2026-09-22T18:51:43.097248Z,bb86d96ac8c5a37027060695827d4ca64ef6cc1d2ef5b5808941c85556f173d5,,,,,,,,,,RETAIL_ONLY,2,,,,,,,,,UNAVAILABLE_FOR_BETTING,INELIGIBLE_PINNACLE_TWO_SIDED_CONTRACT_MISSING,PASS,MODEL_LOCKED_UNTESTED_2026;UNCERTAINTY_UNAVAILABLE_FOR_BETTING;INELIGIBLE_PINNACLE_TWO_SIDED_CONTRACT_MISSING;Feature store does not contain exactly two rows for the game,local:v11-prospective-observer,2026-09-27T03:00:57.907341Z,,1.1.0,36d2dd90d50338f26bd28f13f47a83677fa4dac2955dc06c53a0c29f82db10ce
8ca552457095d3769320d417cf28f5816da1fe264643f33d84e2fae085d0a1d0,challenger-0.2.0,5c8bf3ec348a261ab2c0ce94bd8cc315f754a8dc991c15c20d0d961d06997984,49fadb583b0dee0ba78c242826cb3e521cee0c4af2da837cfd5df18936598793,159ec87beb47e140832d992a80618f94b5cef5681c9d11c24e999ce1cad03b10,dffe8acdbd3e011d12e5e45e08331fd300f3b67f,214053eb-5084-4022-8817-4ddbbf933e60,a7e7efb75a9792ac63480ae6328dca18,2026_04_DEN_SF,2026,4,2026-10-04T20:25:00Z,spreads,HOME,2026-09-27T03:01:00.857309Z,2026-09-27T03:00:57.384540Z,2026-09-22T18:51:43.097248Z,3ecdbfbaf3290a1d0f9b9aee517e61634d37a7bdde41367b8b77ffdf6363f311,,,,,,,,,,RETAIL_ONLY,2,,,,,,,,,MODELED_DEVELOPMENT_MARGIN_SHADOW_ONLY,INELIGIBLE_PINNACLE_TWO_SIDED_CONTRACT_MISSING,PASS,EXPERIMENTAL_SHADOW_NO_STAKES;INELIGIBLE_PINNACLE_TWO_SIDED_CONTRACT_MISSING;Challenger feature/game rows are missing or duplicated,local:challenger+the-odds-api,2026-09-27T03:01:00.857309Z,,1.1.0,7f543d377aef3e44dfc6258cf7a15ebdc76e803fae55c6db706e9df9fba39669
2279718fabdb10b7c53ebea7e0acf75df8923ce07f586af73d840c2c1123ab89,challenger-0.2.0,5c8bf3ec348a261ab2c0ce94bd8cc315f754a8dc991c15c20d0d961d06997984,49fadb583b0dee0ba78c242826cb3e521cee0c4af2da837cfd5df18936598793,159ec87beb47e140832d992a80618f94b5cef5681c9d11c24e999ce1cad03b10,b143eda428696625817bd7042b4cf3a453477386,e1878b61-7760-4e06-9ca0-bec5e38d131c,a7e7efb75a9792ac63480ae6328dca18,2026_04_DEN_SF,2026,4,2026-10-04T20:25:00Z,spreads,HOME,2026-09-27T12:45:25.295673Z,2026-09-27T12:45:22.019645Z,2026-09-22T18:51:43.097248Z,3ecdbfbaf3290a1d0f9b9aee517e61634d37a7bdde41367b8b77ffdf6363f311,,,,,,,,,,RETAIL_ONLY,2,,,,,,,,,MODELED_DEVELOPMENT_MARGIN_SHADOW_ONLY,INELIGIBLE_PINNACLE_TWO_SIDED_CONTRACT_MISSING,PASS,EXPERIMENTAL_SHADOW_NO_STAKES;INELIGIBLE_PINNACLE_TWO_SIDED_CONTRACT_MISSING;Challenger feature/game rows are missing or duplicated,local:challenger+the-odds-api,2026-09-27T12:45:25.295673Z,,1.1.0,27c80078ab7ccb55e821891525bee22cd5077c0aed4dc83503eef1b8badc7872
ea6fb345ced117649ed6678b208e9259c025981061e9efe06cca0fa3922cc0fc,1.1.2,6590a4bbb77802175afa4c406de831d596569cbf2e1f596de7df0910f43e8fd5,e51f21289a5f63ada7c1746ad6385412db3f6a4e7fc3ba4e33e43fbdb6e9bf14,241bade8665d15f1855e8ed5cb5a8f8bc3dbb5e66c87d76b45ab5d76f1caa9f7,b143eda428696625817bd7042b4cf3a453477386,e1878b61-7760-4e06-9ca0-bec5e38d131c,a7e7efb75a9792ac63480ae6328dca18,2026_04_DEN_SF,2026,4,2026-10-04T20:25:00Z,spreads,HOME,2026-09-27T12:45:22.508290Z,2026-09-27T12:45:22.019645Z,2026-09-22T18:51:43.097248Z,bb86d96ac8c5a37027060695827d4ca64ef6cc1d2ef5b5808941c85556f173d5,,,,,,,,,,RETAIL_ONLY,2,,,,,,,,,UNAVAILABLE_FOR_BETTING,INELIGIBLE_PINNACLE_TWO_SIDED_CONTRACT_MISSING,PASS,MODEL_LOCKED_UNTESTED_2026;UNCERTAINTY_UNAVAILABLE_FOR_BETTING;INELIGIBLE_PINNACLE_TWO_SIDED_CONTRACT_MISSING;Feature store does not contain exactly two rows for the game,local:v11-prospective-observer,2026-09-27T12:45:22.508290Z,,1.1.0,d80af14dc4c99182f2df6db7c6b75dc0440eadd08b0383bae8bf0d2542022b50
f42554b193206d85849c6fcf875a7b6fb428d39597253fd081e5e60d258a1e94,challenger-0.2.0,5c8bf3ec348a261ab2c0ce94bd8cc315f754a8dc991c15c20d0d961d06997984,49fadb583b0dee0ba78c242826cb3e521cee0c4af2da837cfd5df18936598793,159ec87beb47e140832d992a80618f94b5cef5681c9d11c24e999ce1cad03b10,c8df716c912e3f6e3b11d508f2988b51a9d4b5a7,d4b87e91-991a-4aa9-bfef-bc8de675e276,a7e7efb75a9792ac63480ae6328dca18,2026_04_DEN_SF,2026,4,2026-10-04T20:25:00Z,totals,OVER,2026-09-23T13:00:24.484171Z,2026-09-23T13:00:21.551276Z,2026-09-22T18:51:43.097248Z,3ecdbfbaf3290a1d0f9b9aee517e61634d37a7bdde41367b8b77ffdf6363f311,,,,,,,,,,RETAIL_ONLY,2,,,,,,,,,MODELED_DEVELOPMENT_MARGIN_SHADOW_ONLY,INELIGIBLE_PINNACLE_TWO_SIDED_CONTRACT_MISSING,PASS,EXPERIMENTAL_SHADOW_NO_STAKES;INELIGIBLE_PINNACLE_TWO_SIDED_CONTRACT_MISSING;Challenger feature/game rows are missing or duplicated,local:challenger+the-odds-api,2026-09-23T13:00:24.484171Z,,1.1.0,fdc57c8a77af701829ab9d8e80b36ec87fe88b3140319f23e405a5f86ba5b00f
febee15c182ed6104ea858365e43418467f81c5f3f858e318a92a990d2d36d2f,1.1.2,6590a4bbb77802175afa4c406de831d596569cbf2e1f596de7df0910f43e8fd5,e51f21289a5f63ada7c1746ad6385412db3f6a4e7fc3ba4e33e43fbdb6e9bf14,241bade8665d15f1855e8ed5cb5a8f8bc3dbb5e66c87d76b45ab5d76f1caa9f7,c8df716c912e3f6e3b11d508f2988b51a9d4b5a7,d4b87e91-991a-4aa9-bfef-bc8de675e276,a7e7efb75a9792ac63480ae6328dca18,2026_04_DEN_SF,2026,4,2026-10-04T20:25:00Z,totals,OVER,2026-09-23T13:00:21.951453Z,2026-09-23T13:00:21.551276Z,2026-09-22T18:51:43.097248Z,bb86d96ac8c5a37027060695827d4ca64ef6cc1d2ef5b5808941c85556f173d5,,,,,,,,,,RETAIL_ONLY,2,,,,,,,,,UNAVAILABLE_FOR_BETTING,INELIGIBLE_PINNACLE_TWO_SIDED_CONTRACT_MISSING,PASS,MODEL_LOCKED_UNTESTED_2026;UNCERTAINTY_UNAVAILABLE_FOR_BETTING;INELIGIBLE_PINNACLE_TWO_SIDED_CONTRACT_MISSING;Feature store does not contain exactly two rows for the game,local:v11-prospective-observer,2026-09-23T13:00:21.951453Z,,1.1.0,f1f66452da286e3657fd6826c966c77f9367bfa984c04c58042cff812c6b6470
96457c550f0210d9f38880df14c4adacd9eb90a0735dab70d651fa3630bd4880,1.1.2,6590a4bbb77802175afa4c406de831d596569cbf2e1f596de7df0910f43e8fd5,e51f21289a5f63ada7c1746ad6385412db3f6a4e7fc3ba4e33e43fbdb6e9bf14,241bade8665d15f1855e8ed5cb5a8f8bc3dbb5e66c87d76b45ab5d76f1caa9f7,dffe8acdbd3e011d12e5e45e08331fd300f3b67f,d842d1fe-0de3-48ea-8341-bb9cfc6a6383,a7e7efb75a9792ac63480ae6328dca18,2026_04_DEN_SF,2026,4,2026-10-04T20:25:00Z,totals,OVER,2026-09-24T16:00:22.882475Z,2026-09-24T16:00:22.454081Z,2026-09-22T18:51:43.097248Z,bb86d96ac8c5a37027060695827d4ca64ef6cc1d2ef5b5808941c85556f173d5,,,,,,,,,,RETAIL_ONLY,2,,,,,,,,,UNAVAILABLE_FOR_BETTING,INELIGIBLE_PINNACLE_TWO_SIDED_CONTRACT_MISSING,PASS,MODEL_LOCKED_UNTESTED_2026;UNCERTAINTY_UNAVAILABLE_FOR_BETTING;INELIGIBLE_PINNACLE_TWO_SIDED_CONTRACT_MISSING;Feature store does not contain exactly two rows for the game,local:v11-prospective-observer,2026-09-24T16:00:22.882475Z,,1.1.0,625d67295b358f9ede4120a4a2bcda4c9a8f01842ea7245153d73b5288cc9e09
f2ae5134df2d419564c96477339c86822958a85da543302721ff1efd105facef,challenger-0.2.0,5c8bf3ec348a261ab2c0ce94bd8cc315f754a8dc991c15c20d0d961d06997984,49fadb583b0dee0ba78c242826cb3e521cee0c4af2da837cfd5df18936598793,159ec87beb47e140832d992a80618f94b5cef5681c9d11c24e999ce1cad03b10,dffe8acdbd3e011d12e5e45e08331fd300f3b67f,d842d1fe-0de3-48ea-8341-bb9cfc6a6383,a7e7efb75a9792ac63480ae6328dca18,2026_04_DEN_SF,2026,4,2026-10-04T20:25:00Z,totals,OVER,2026-09-24T16:00:25.607332Z,2026-09-24T16:00:22.454081Z,2026-09-22T18:51:43.097248Z,3ecdbfbaf3290a1d0f9b9aee517e61634d37a7bdde41367b8b77ffdf6363f311,,,,,,,,,,RETAIL_ONLY,2,,,,,,,,,MODELED_DEVELOPMENT_MARGIN_SHADOW_ONLY,INELIGIBLE_PINNACLE_TWO_SIDED_CONTRACT_MISSING,PASS,EXPERIMENTAL_SHADOW_NO_STAKES;INELIGIBLE_PINNACLE_TWO_SIDED_CONTRACT_MISSING;Challenger feature/game rows are missing or duplicated,local:challenger+the-odds-api,2026-09-24T16:00:25.607332Z,,1.1.0,e7d82da781845ba349efd36e26eace7db0ce30127559e40e8a304b9065a9a96c
2de9d4a85db1d1235d7c2c7d952421ba0152364e97ff10fe0dedc478a58ef9a6,challenger-0.2.0,5c8bf3ec348a261ab2c0ce94bd8cc315f754a8dc991c15c20d0d961d06997984,49fadb583b0dee0ba78c242826cb3e521cee0c4af2da837cfd5df18936598793,159ec87beb47e140832d992a80618f94b5cef5681c9d11c24e999ce1cad03b10,dffe8acdbd3e011d12e5e45e08331fd300f3b67f,b7f8819c-86a9-428f-bb46-debf3999015c,a7e7efb75a9792ac63480ae6328dca18,2026_04_DEN_SF,2026,4,2026-10-04T20:25:00Z,totals,OVER,2026-09-25T21:00:31.801654Z,2026-09-25T21:00:28.639096Z,2026-09-22T18:51:43.097248Z,3ecdbfbaf3290a1d0f9b9aee517e61634d37a7bdde41367b8b77ffdf6363f311,,,,,,,,,,RETAIL_ONLY,2,,,,,,,,,MODELED_DEVELOPMENT_MARGIN_SHADOW_ONLY,INELIGIBLE_PINNACLE_TWO_SIDED_CONTRACT_MISSING,PASS,EXPERIMENTAL_SHADOW_NO_STAKES;INELIGIBLE_PINNACLE_TWO_SIDED_CONTRACT_MISSING;Challenger feature/game rows are missing or duplicated,local:challenger+the-odds-api,2026-09-25T21:00:31.801654Z,,1.1.0,4a265a6eb08b89a4f1274f72c8b7a5c89cf14ae30ac3c1790d37b5cf9186403e
d8069c2e141a8adbd0ec23836a5e3aac371e4f7c7a2360ae1ef8027d2caa25dd,1.1.2,6590a4bbb77802175afa4c406de831d596569cbf2e1f596de7df0910f43e8fd5,e51f21289a5f63ada7c1746ad6385412db3f6a4e7fc3ba4e33e43fbdb6e9bf14,241bade8665d15f1855e8ed5cb5a8f8bc3dbb5e66c87d76b45ab5d76f1caa9f7,dffe8acdbd3e011d12e5e45e08331fd300f3b67f,b7f8819c-86a9-428f-bb46-debf3999015c,a7e7efb75a9792ac63480ae6328dca18,2026_04_DEN_SF,2026,4,2026-10-04T20:25:00Z,totals,OVER,2026-09-25T21:00:29.089372Z,2026-09-25T21:00:28.639096Z,2026-09-22T18:51:43.097248Z,bb86d96ac8c5a37027060695827d4ca64ef6cc1d2ef5b5808941c85556f173d5,,,,,,,,,,RETAIL_ONLY,2,,,,,,,,,UNAVAILABLE_FOR_BETTING,INELIGIBLE_PINNACLE_TWO_SIDED_CONTRACT_MISSING,PASS,MODEL_LOCKED_UNTESTED_2026;UNCERTAINTY_UNAVAILABLE_FOR_BETTING;INELIGIBLE_PINNACLE_TWO_SIDED_CONTRACT_MISSING;Feature store does not contain exactly two rows for the game,local:v11-prospective-observer,2026-09-25T21:00:29.089372Z,,1.1.0,335a5f132858b47fe814a7edf7bb11e2d264bd324fa9a92aace0397c86a244e6
508e4b09381756b76032a55a791b4789e4c6fcbffbdb6421c302517cca4799fc,1.1.2,6590a4bbb77802175afa4c406de831d596569cbf2e1f596de7df0910f43e8fd5,e51f21289a5f63ada7c1746ad6385412db3f6a4e7fc3ba4e33e43fbdb6e9bf14,241bade8665d15f1855e8ed5cb5a8f8bc3dbb5e66c87d76b45ab5d76f1caa9f7,dffe8acdbd3e011d12e5e45e08331fd300f3b67f,8b8b5771-d3ca-480c-9980-dac450e82c42,a7e7efb75a9792ac63480ae6328dca18,2026_04_DEN_SF,2026,4,2026-10-04T20:25:00Z,totals,OVER,2026-09-26T13:00:27.689180Z,2026-09-26T13:00:27.208512Z,2026-09-22T18:51:43.097248Z,bb86d96ac8c5a37027060695827d4ca64ef6cc1d2ef5b5808941c85556f173d5,,,,,,,,,,RETAIL_ONLY,2,,,,,,,,,UNAVAILABLE_FOR_BETTING,INELIGIBLE_PINNACLE_TWO_SIDED_CONTRACT_MISSING,PASS,MODEL_LOCKED_UNTESTED_2026;UNCERTAINTY_UNAVAILABLE_FOR_BETTING;INELIGIBLE_PINNACLE_TWO_SIDED_CONTRACT_MISSING;Feature store does not contain exactly two rows for the game,local:v11-prospective-observer,2026-09-26T13:00:27.689180Z,,1.1.0,d6e200b89b995821addebba4f613b3063557eedc0542a3aada19d3bc123bd3c4
c90f14bec86492779a675051fe8ff978bdbce2fe5721758fcb838be9c04cea2e,challenger-0.2.0,5c8bf3ec348a261ab2c0ce94bd8cc315f754a8dc991c15c20d0d961d06997984,49fadb583b0dee0ba78c242826cb3e521cee0c4af2da837cfd5df18936598793,159ec87beb47e140832d992a80618f94b5cef5681c9d11c24e999ce1cad03b10,dffe8acdbd3e011d12e5e45e08331fd300f3b67f,8b8b5771-d3ca-480c-9980-dac450e82c42,a7e7efb75a9792ac63480ae6328dca18,2026_04_DEN_SF,2026,4,2026-10-04T20:25:00Z,totals,OVER,2026-09-26T13:00:30.675609Z,2026-09-26T13:00:27.208512Z,2026-09-22T18:51:43.097248Z,3ecdbfbaf3290a1d0f9b9aee517e61634d37a7bdde41367b8b77ffdf6363f311,,,,,,,,,,RETAIL_ONLY,2,,,,,,,,,MODELED_DEVELOPMENT_MARGIN_SHADOW_ONLY,INELIGIBLE_PINNACLE_TWO_SIDED_CONTRACT_MISSING,PASS,EXPERIMENTAL_SHADOW_NO_STAKES;INELIGIBLE_PINNACLE_TWO_SIDED_CONTRACT_MISSING;Challenger feature/game rows are missing or duplicated,local:challenger+the-odds-api,2026-09-26T13:00:30.675609Z,,1.1.0,84deebe21e7b7b6c328d8fbc0fed1c3d4a3c1f5b43e4d6a49c453057a31874ed
0e56a57cfcf97e574dc0e05f914a1243a96d473b8f18ecba3bd007354bb98870,1.1.2,6590a4bbb77802175afa4c406de831d596569cbf2e1f596de7df0910f43e8fd5,e51f21289a5f63ada7c1746ad6385412db3f6a4e7fc3ba4e33e43fbdb6e9bf14,241bade8665d15f1855e8ed5cb5a8f8bc3dbb5e66c87d76b45ab5d76f1caa9f7,dffe8acdbd3e011d12e5e45e08331fd300f3b67f,d2d710b1-c436-4180-8c43-56a6e84b5e0f,a7e7efb75a9792ac63480ae6328dca18,2026_04_DEN_SF,2026,4,2026-10-04T20:25:00Z,totals,OVER,2026-09-26T21:00:26.360329Z,2026-09-26T21:00:25.892304Z,2026-09-22T18:51:43.097248Z,bb86d96ac8c5a37027060695827d4ca64ef6cc1d2ef5b5808941c85556f173d5,,,,,,,,,,RETAIL_ONLY,2,,,,,,,,,UNAVAILABLE_FOR_BETTING,INELIGIBLE_PINNACLE_TWO_SIDED_CONTRACT_MISSING,PASS,MODEL_LOCKED_UNTESTED_2026;UNCERTAINTY_UNAVAILABLE_FOR_BETTING;INELIGIBLE_PINNACLE_TWO_SIDED_CONTRACT_MISSING;Feature store does not contain exactly two rows for the game,local:v11-prospective-observer,2026-09-26T21:00:26.360329Z,,1.1.0,1f7b60bb2a9fbaa7d72ca7bcddca838f71445fea8a22806c065e9600819c5f07
a54758831823f835d549dfb38eafcbd1329d60d20152241c1b44ca4517f57fa3,challenger-0.2.0,5c8bf3ec348a261ab2c0ce94bd8cc315f754a8dc991c15c20d0d961d06997984,49fadb583b0dee0ba78c242826cb3e521cee0c4af2da837cfd5df18936598793,159ec87beb47e140832d992a80618f94b5cef5681c9d11c24e999ce1cad03b10,dffe8acdbd3e011d12e5e45e08331fd300f3b67f,d2d710b1-c436-4180-8c43-56a6e84b5e0f,a7e7efb75a9792ac63480ae6328dca18,2026_04_DEN_SF,2026,4,2026-10-04T20:25:00Z,totals,OVER,2026-09-26T21:00:29.199963Z,2026-09-26T21:00:25.892304Z,2026-09-22T18:51:43.097248Z,3ecdbfbaf3290a1d0f9b9aee517e61634d37a7bdde41367b8b77ffdf6363f311,,,,,,,,,,RETAIL_ONLY,2,,,,,,,,,MODELED_DEVELOPMENT_MARGIN_SHADOW_ONLY,INELIGIBLE_PINNACLE_TWO_SIDED_CONTRACT_MISSING,PASS,EXPERIMENTAL_SHADOW_NO_STAKES;INELIGIBLE_PINNACLE_TWO_SIDED_CONTRACT_MISSING;Challenger feature/game rows are missing or duplicated,local:challenger+the-odds-api,2026-09-26T21:00:29.199963Z,,1.1.0,35e60a98e35afed7f3fa38f6239792b07febaabc9ef9e0b7c970f382ea68ca51
2dbf315eb21652d8e8e0d9f6cb7f870abdc807d31cff4cd8e92cdba786cef9bb,challenger-0.2.0,5c8bf3ec348a261ab2c0ce94bd8cc315f754a8dc991c15c20d0d961d06997984,49fadb583b0dee0ba78c242826cb3e521cee0c4af2da837cfd5df18936598793,159ec87beb47e140832d992a80618f94b5cef5681c9d11c24e999ce1cad03b10,dffe8acdbd3e011d12e5e45e08331fd300f3b67f,214053eb-5084-4022-8817-4ddbbf933e60,a7e7efb75a9792ac63480ae6328dca18,2026_04_DEN_SF,2026,4,2026-10-04T20:25:00Z,totals,OVER,2026-09-27T03:01:00.857309Z,2026-09-27T03:00:57.384540Z,2026-09-22T18:51:43.097248Z,3ecdbfbaf3290a1d0f9b9aee517e61634d37a7bdde41367b8b77ffdf6363f311,,,,,,,,,,RETAIL_ONLY,2,,,,,,,,,MODELED_DEVELOPMENT_MARGIN_SHADOW_ONLY,INELIGIBLE_PINNACLE_TWO_SIDED_CONTRACT_MISSING,PASS,EXPERIMENTAL_SHADOW_NO_STAKES;INELIGIBLE_PINNACLE_TWO_SIDED_CONTRACT_MISSING;Challenger feature/game rows are missing or duplicated,local:challenger+the-odds-api,2026-09-27T03:01:00.857309Z,,1.1.0,48dff24dc7d603fd8f43deeaa13e7744b00ea7f4cc4e41416e4102f7a7a85beb
d0d6ceb616f7d72a1cd07d27c3545f0a73d0874285278509040d57f0e96a297b,1.1.2,6590a4bbb77802175afa4c406de831d596569cbf2e1f596de7df0910f43e8fd5,e51f21289a5f63ada7c1746ad6385412db3f6a4e7fc3ba4e33e43fbdb6e9bf14,241bade8665d15f1855e8ed5cb5a8f8bc3dbb5e66c87d76b45ab5d76f1caa9f7,dffe8acdbd3e011d12e5e45e08331fd300f3b67f,214053eb-5084-4022-8817-4ddbbf933e60,a7e7efb75a9792ac63480ae6328dca18,2026_04_DEN_SF,2026,4,2026-10-04T20:25:00Z,totals,OVER,2026-09-27T03:00:57.907341Z,2026-09-27T03:00:57.384540Z,2026-09-22T18:51:43.097248Z,bb86d96ac8c5a37027060695827d4ca64ef6cc1d2ef5b5808941c85556f173d5,,,,,,,,,,RETAIL_ONLY,2,,,,,,,,,UNAVAILABLE_FOR_BETTING,INELIGIBLE_PINNACLE_TWO_SIDED_CONTRACT_MISSING,PASS,MODEL_LOCKED_UNTESTED_2026;UNCERTAINTY_UNAVAILABLE_FOR_BETTING;INELIGIBLE_PINNACLE_TWO_SIDED_CONTRACT_MISSING;Feature store does not contain exactly two rows for the game,local:v11-prospective-observer,2026-09-27T03:00:57.907341Z,,1.1.0,926c7e11ad5c3dd4ed56d2afe1e9ab27c48c125fcc92181c1100a6153763c53b
2282c3caf99bf518e7444d5f99699efda1367ed1bed4eb83672d1ded58547662,1.1.2,6590a4bbb77802175afa4c406de831d596569cbf2e1f596de7df0910f43e8fd5,e51f21289a5f63ada7c1746ad6385412db3f6a4e7fc3ba4e33e43fbdb6e9bf14,241bade8665d15f1855e8ed5cb5a8f8bc3dbb5e66c87d76b45ab5d76f1caa9f7,b143eda428696625817bd7042b4cf3a453477386,e1878b61-7760-4e06-9ca0-bec5e38d131c,a7e7efb75a9792ac63480ae6328dca18,2026_04_DEN_SF,2026,4,2026-10-04T20:25:00Z,totals,OVER,2026-09-27T12:45:22.508290Z,2026-09-27T12:45:22.019645Z,2026-09-22T18:51:43.097248Z,bb86d96ac8c5a37027060695827d4ca64ef6cc1d2ef5b5808941c85556f173d5,,,,,,,,,,RETAIL_ONLY,2,,,,,,,,,UNAVAILABLE_FOR_BETTING,INELIGIBLE_PINNACLE_TWO_SIDED_CONTRACT_MISSING,PASS,MODEL_LOCKED_UNTESTED_2026;UNCERTAINTY_UNAVAILABLE_FOR_BETTING;INELIGIBLE_PINNACLE_TWO_SIDED_CONTRACT_MISSING;Feature store does not contain exactly two rows for the game,local:v11-prospective-observer,2026-09-27T12:45:22.508290Z,,1.1.0,51c3ed3bcff87e0a55cede29ca8ccf3a55ed6c7acd67dadb4fd1de4cf2438b16
af21bdecea0af869ed124ea3569efd5b90067d10f923d2076160087e5376ec22,challenger-0.2.0,5c8bf3ec348a261ab2c0ce94bd8cc315f754a8dc991c15c20d0d961d06997984,49fadb583b0dee0ba78c242826cb3e521cee0c4af2da837cfd5df18936598793,159ec87beb47e140832d992a80618f94b5cef5681c9d11c24e999ce1cad03b10,b143eda428696625817bd7042b4cf3a453477386,e1878b61-7760-4e06-9ca0-bec5e38d131c,a7e7efb75a9792ac63480ae6328dca18,2026_04_DEN_SF,2026,4,2026-10-04T20:25:00Z,totals,OVER,2026-09-27T12:45:25.295673Z,2026-09-27T12:45:22.019645Z,2026-09-22T18:51:43.097248Z,3ecdbfbaf3290a1d0f9b9aee517e61634d37a7bdde41367b8b77ffdf6363f311,,,,,,,,,,RETAIL_ONLY,2,,,,,,,,,MODELED_DEVELOPMENT_MARGIN_SHADOW_ONLY,INELIGIBLE_PINNACLE_TWO_SIDED_CONTRACT_MISSING,PASS,EXPERIMENTAL_SHADOW_NO_STAKES;INELIGIBLE_PINNACLE_TWO_SIDED_CONTRACT_MISSING;Challenger feature/game rows are missing or duplicated,local:challenger+the-odds-api,2026-09-27T12:45:25.295673Z,,1.1.0,c28f6a1c6c9c8437bf447123c4f28318de0f912828bd9ff013e5bcdf6df38464
0b296c0850331b5b58822573ad36c69dbdc3c938ef9236340832e2ec4969c0a9,1.1.2,6590a4bbb77802175afa4c406de831d596569cbf2e1f596de7df0910f43e8fd5,e51f21289a5f63ada7c1746ad6385412db3f6a4e7fc3ba4e33e43fbdb6e9bf14,241bade8665d15f1855e8ed5cb5a8f8bc3dbb5e66c87d76b45ab5d76f1caa9f7,c8df716c912e3f6e3b11d508f2988b51a9d4b5a7,d4b87e91-991a-4aa9-bfef-bc8de675e276,e0cbd266dcf997089203a1b33ba0333d,2026_04_KC_LV,2026,4,2026-10-04T20:25:00Z,spreads,HOME,2026-09-23T13:00:21.951453Z,2026-09-23T13:00:21.551276Z,2026-09-22T18:51:43.097248Z,bb86d96ac8c5a37027060695827d4ca64ef6cc1d2ef5b5808941c85556f173d5,,,,,,,,,,RETAIL_ONLY,2,,,,,,,,,UNAVAILABLE_FOR_BETTING,INELIGIBLE_PINNACLE_TWO_SIDED_CONTRACT_MISSING,PASS,MODEL_LOCKED_UNTESTED_2026;UNCERTAINTY_UNAVAILABLE_FOR_BETTING;INELIGIBLE_PINNACLE_TWO_SIDED_CONTRACT_MISSING;Feature store does not contain exactly two rows for the game,local:v11-prospective-observer,2026-09-23T13:00:21.951453Z,,1.1.0,e372e8e622ab5762dd2389a1423c5f2b1ff5c7659e45411031526b3a7de5de76
939731abcc38f2cf924b19f0ed15921b10bfc2c5b2ba2445da8df3b6a2f7bd61,challenger-0.2.0,5c8bf3ec348a261ab2c0ce94bd8cc315f754a8dc991c15c20d0d961d06997984,49fadb583b0dee0ba78c242826cb3e521cee0c4af2da837cfd5df18936598793,159ec87beb47e140832d992a80618f94b5cef5681c9d11c24e999ce1cad03b10,c8df716c912e3f6e3b11d508f2988b51a9d4b5a7,d4b87e91-991a-4aa9-bfef-bc8de675e276,e0cbd266dcf997089203a1b33ba0333d,2026_04_KC_LV,2026,4,2026-10-04T20:25:00Z,spreads,HOME,2026-09-23T13:00:24.484171Z,2026-09-23T13:00:21.551276Z,2026-09-22T18:51:43.097248Z,3ecdbfbaf3290a1d0f9b9aee517e61634d37a7bdde41367b8b77ffdf6363f311,,,,,,,,,,RETAIL_ONLY,2,,,,,,,,,MODELED_DEVELOPMENT_MARGIN_SHADOW_ONLY,INELIGIBLE_PINNACLE_TWO_SIDED_CONTRACT_MISSING,PASS,EXPERIMENTAL_SHADOW_NO_STAKES;INELIGIBLE_PINNACLE_TWO_SIDED_CONTRACT_MISSING;Challenger feature/game rows are missing or duplicated,local:challenger+the-odds-api,2026-09-23T13:00:24.484171Z,,1.1.0,67c82eafa5a54fff6cde93d97b0154629236b932dcd4f2b6bf143e0663813bbb
19df382366a4941ddc66fb6e5874890d01e4c70fca0d1c456d2220d213fdaed0,challenger-0.2.0,5c8bf3ec348a261ab2c0ce94bd8cc315f754a8dc991c15c20d0d961d06997984,49fadb583b0dee0ba78c242826cb3e521cee0c4af2da837cfd5df18936598793,159ec87beb47e140832d992a80618f94b5cef5681c9d11c24e999ce1cad03b10,dffe8acdbd3e011d12e5e45e08331fd300f3b67f,d842d1fe-0de3-48ea-8341-bb9cfc6a6383,e0cbd266dcf997089203a1b33ba0333d,2026_04_KC_LV,2026,4,2026-10-04T20:25:00Z,spreads,HOME,2026-09-24T16:00:25.607332Z,2026-09-24T16:00:22.454081Z,2026-09-22T18:51:43.097248Z,3ecdbfbaf3290a1d0f9b9aee517e61634d37a7bdde41367b8b77ffdf6363f311,,,,,,,,,,RETAIL_ONLY,2,,,,,,,,,MODELED_DEVELOPMENT_MARGIN_SHADOW_ONLY,INELIGIBLE_PINNACLE_TWO_SIDED_CONTRACT_MISSING,PASS,EXPERIMENTAL_SHADOW_NO_STAKES;INELIGIBLE_PINNACLE_TWO_SIDED_CONTRACT_MISSING;Challenger feature/game rows are missing or duplicated,local:challenger+the-odds-api,2026-09-24T16:00:25.607332Z,,1.1.0,692ca048ccb0f4c7b0ecf2f696a74ee795c56abb54cd975579472629018b0e79
3d70d55431f40fb235113399bec9b6dcd35b2a137bf49ffa26070898e57e96c9,1.1.2,6590a4bbb77802175afa4c406de831d596569cbf2e1f596de7df0910f43e8fd5,e51f21289a5f63ada7c1746ad6385412db3f6a4e7fc3ba4e33e43fbdb6e9bf14,241bade8665d15f1855e8ed5cb5a8f8bc3dbb5e66c87d76b45ab5d76f1caa9f7,dffe8acdbd3e011d12e5e45e08331fd300f3b67f,d842d1fe-0de3-48ea-8341-bb9cfc6a6383,e0cbd266dcf997089203a1b33ba0333d,2026_04_KC_LV,2026,4,2026-10-04T20:25:00Z,spreads,HOME,2026-09-24T16:00:22.882475Z,2026-09-24T16:00:22.454081Z,2026-09-22T18:51:43.097248Z,bb86d96ac8c5a37027060695827d4ca64ef6cc1d2ef5b5808941c85556f173d5,,,,,,,,,,RETAIL_ONLY,2,,,,,,,,,UNAVAILABLE_FOR_BETTING,INELIGIBLE_PINNACLE_TWO_SIDED_CONTRACT_MISSING,PASS,MODEL_LOCKED_UNTESTED_2026;UNCERTAINTY_UNAVAILABLE_FOR_BETTING;INELIGIBLE_PINNACLE_TWO_SIDED_CONTRACT_MISSING;Feature store does not contain exactly two rows for the game,local:v11-prospective-observer,2026-09-24T16:00:22.882475Z,,1.1.0,7fbca3d42791f3927a405d93a0a376b6fb3b39ecf821ae7187466d30eefe7817
064942f78096daedf186dd2af92a46c8ae0f9538695dc38c8f9500e0adc1df51,1.1.2,6590a4bbb77802175afa4c406de831d596569cbf2e1f596de7df0910f43e8fd5,e51f21289a5f63ada7c1746ad6385412db3f6a4e7fc3ba4e33e43fbdb6e9bf14,241bade8665d15f1855e8ed5cb5a8f8bc3dbb5e66c87d76b45ab5d76f1caa9f7,dffe8acdbd3e011d12e5e45e08331fd300f3b67f,b7f8819c-86a9-428f-bb46-debf3999015c,e0cbd266dcf997089203a1b33ba0333d,2026_04_KC_LV,2026,4,2026-10-04T20:25:00Z,spreads,HOME,2026-09-25T21:00:29.089372Z,2026-09-25T21:00:28.639096Z,2026-09-22T18:51:43.097248Z,bb86d96ac8c5a37027060695827d4ca64ef6cc1d2ef5b5808941c85556f173d5,,,,,,,,,,RETAIL_ONLY,2,,,,,,,,,UNAVAILABLE_FOR_BETTING,INELIGIBLE_PINNACLE_TWO_SIDED_CONTRACT_MISSING,PASS,MODEL_LOCKED_UNTESTED_2026;UNCERTAINTY_UNAVAILABLE_FOR_BETTING;INELIGIBLE_PINNACLE_TWO_SIDED_CONTRACT_MISSING;Feature store does not contain exactly two rows for the game,local:v11-prospective-observer,2026-09-25T21:00:29.089372Z,,1.1.0,4033993d4ec4fad4345a3174cdd5ba89dd663ecdb074e4657e35c4fba5d56728
ecfc6f1d8751f7237fdaa7180a0c3eab922bca5145597da4ec3ce06cc6441d95,challenger-0.2.0,5c8bf3ec348a261ab2c0ce94bd8cc315f754a8dc991c15c20d0d961d06997984,49fadb583b0dee0ba78c242826cb3e521cee0c4af2da837cfd5df18936598793,159ec87beb47e140832d992a80618f94b5cef5681c9d11c24e999ce1cad03b10,dffe8acdbd3e011d12e5e45e08331fd300f3b67f,b7f8819c-86a9-428f-bb46-debf3999015c,e0cbd266dcf997089203a1b33ba0333d,2026_04_KC_LV,2026,4,2026-10-04T20:25:00Z,spreads,HOME,2026-09-25T21:00:31.801654Z,2026-09-25T21:00:28.639096Z,2026-09-22T18:51:43.097248Z,3ecdbfbaf3290a1d0f9b9aee517e61634d37a7bdde41367b8b77ffdf6363f311,,,,,,,,,,RETAIL_ONLY,2,,,,,,,,,MODELED_DEVELOPMENT_MARGIN_SHADOW_ONLY,INELIGIBLE_PINNACLE_TWO_SIDED_CONTRACT_MISSING,PASS,EXPERIMENTAL_SHADOW_NO_STAKES;INELIGIBLE_PINNACLE_TWO_SIDED_CONTRACT_MISSING;Challenger feature/game rows are missing or duplicated,local:challenger+the-odds-api,2026-09-25T21:00:31.801654Z,,1.1.0,d45b6653b59d97dec4f0a9ef46b3b67872771520333c6bf66d75faa27f397790
115ca21e9111e311297e3bb0ccf77a089e9e56befb39c7424ba6884f1ecd350c,challenger-0.2.0,5c8bf3ec348a261ab2c0ce94bd8cc315f754a8dc991c15c20d0d961d06997984,49fadb583b0dee0ba78c242826cb3e521cee0c4af2da837cfd5df18936598793,159ec87beb47e140832d992a80618f94b5cef5681c9d11c24e999ce1cad03b10,dffe8acdbd3e011d12e5e45e08331fd300f3b67f,8b8b5771-d3ca-480c-9980-dac450e82c42,e0cbd266dcf997089203a1b33ba0333d,2026_04_KC_LV,2026,4,2026-10-04T20:25:00Z,spreads,HOME,2026-09-26T13:00:30.675609Z,2026-09-26T13:00:27.208512Z,2026-09-22T18:51:43.097248Z,3ecdbfbaf3290a1d0f9b9aee517e61634d37a7bdde41367b8b77ffdf6363f311,,,,,,,,,,RETAIL_ONLY,2,,,,,,,,,MODELED_DEVELOPMENT_MARGIN_SHADOW_ONLY,INELIGIBLE_PINNACLE_TWO_SIDED_CONTRACT_MISSING,PASS,EXPERIMENTAL_SHADOW_NO_STAKES;INELIGIBLE_PINNACLE_TWO_SIDED_CONTRACT_MISSING;Challenger feature/game rows are missing or duplicated,local:challenger+the-odds-api,2026-09-26T13:00:30.675609Z,,1.1.0,eded63323c41e76061e0499c1e48109f1990dba7dda20ee8a2ca2007d930310a
2ae15b72af4ef8de614b4ebccde664b016d9253f5b3ab54b656e3e6f0a956c40,1.1.2,6590a4bbb77802175afa4c406de831d596569cbf2e1f596de7df0910f43e8fd5,e51f21289a5f63ada7c1746ad6385412db3f6a4e7fc3ba4e33e43fbdb6e9bf14,241bade8665d15f1855e8ed5cb5a8f8bc3dbb5e66c87d76b45ab5d76f1caa9f7,dffe8acdbd3e011d12e5e45e08331fd300f3b67f,8b8b5771-d3ca-480c-9980-dac450e82c42,e0cbd266dcf997089203a1b33ba0333d,2026_04_KC_LV,2026,4,2026-10-04T20:25:00Z,spreads,HOME,2026-09-26T13:00:27.689180Z,2026-09-26T13:00:27.208512Z,2026-09-22T18:51:43.097248Z,bb86d96ac8c5a37027060695827d4ca64ef6cc1d2ef5b5808941c85556f173d5,,,,,,,,,,RETAIL_ONLY,2,,,,,,,,,UNAVAILABLE_FOR_BETTING,INELIGIBLE_PINNACLE_TWO_SIDED_CONTRACT_MISSING,PASS,MODEL_LOCKED_UNTESTED_2026;UNCERTAINTY_UNAVAILABLE_FOR_BETTING;INELIGIBLE_PINNACLE_TWO_SIDED_CONTRACT_MISSING;Feature store does not contain exactly two rows for the game,local:v11-prospective-observer,2026-09-26T13:00:27.689180Z,,1.1.0,d823af10fac5318b3b9ff05e22b9a4ed60395656aac6762db77a84c838540576
172abec47e98c552df7ae3e8197d92d23056e739c3a55e107c98f0575cf3d3ea,1.1.2,6590a4bbb77802175afa4c406de831d596569cbf2e1f596de7df0910f43e8fd5,e51f21289a5f63ada7c1746ad6385412db3f6a4e7fc3ba4e33e43fbdb6e9bf14,241bade8665d15f1855e8ed5cb5a8f8bc3dbb5e66c87d76b45ab5d76f1caa9f7,dffe8acdbd3e011d12e5e45e08331fd300f3b67f,d2d710b1-c436-4180-8c43-56a6e84b5e0f,e0cbd266dcf997089203a1b33ba0333d,2026_04_KC_LV,2026,4,2026-10-04T20:25:00Z,spreads,HOME,2026-09-26T21:00:26.360329Z,2026-09-26T21:00:25.892304Z,2026-09-22T18:51:43.097248Z,bb86d96ac8c5a37027060695827d4ca64ef6cc1d2ef5b5808941c85556f173d5,,,,,,,,,,RETAIL_ONLY,2,,,,,,,,,UNAVAILABLE_FOR_BETTING,INELIGIBLE_PINNACLE_TWO_SIDED_CONTRACT_MISSING,PASS,MODEL_LOCKED_UNTESTED_2026;UNCERTAINTY_UNAVAILABLE_FOR_BETTING;INELIGIBLE_PINNACLE_TWO_SIDED_CONTRACT_MISSING;Feature store does not contain exactly two rows for the game,local:v11-prospective-observer,2026-09-26T21:00:26.360329Z,,1.1.0,b535d21daeebf4d363e230a7f8cd1d703dec7161d7434334c999ca6819a3f90d
7e9cbb3078c67fc80abec03b9cbcf84b6f18fb15e44616666761fe376c6bc0d3,challenger-0.2.0,5c8bf3ec348a261ab2c0ce94bd8cc315f754a8dc991c15c20d0d961d06997984,49fadb583b0dee0ba78c242826cb3e521cee0c4af2da837cfd5df18936598793,159ec87beb47e140832d992a80618f94b5cef5681c9d11c24e999ce1cad03b10,dffe8acdbd3e011d12e5e45e08331fd300f3b67f,d2d710b1-c436-4180-8c43-56a6e84b5e0f,e0cbd266dcf997089203a1b33ba0333d,2026_04_KC_LV,2026,4,2026-10-04T20:25:00Z,spreads,HOME,2026-09-26T21:00:29.199963Z,2026-09-26T21:00:25.892304Z,2026-09-22T18:51:43.097248Z,3ecdbfbaf3290a1d0f9b9aee517e61634d37a7bdde41367b8b77ffdf6363f311,,,,,,,,,,RETAIL_ONLY,2,,,,,,,,,MODELED_DEVELOPMENT_MARGIN_SHADOW_ONLY,INELIGIBLE_PINNACLE_TWO_SIDED_CONTRACT_MISSING,PASS,EXPERIMENTAL_SHADOW_NO_STAKES;INELIGIBLE_PINNACLE_TWO_SIDED_CONTRACT_MISSING;Challenger feature/game rows are missing or duplicated,local:challenger+the-odds-api,2026-09-26T21:00:29.199963Z,,1.1.0,6cd32686ca8ea89f6649fbdd74bcb18c2f03de2fc2df346fe76d085cf4dcf803
5ff9213cf8db4e66e3dcb0d161789c0c251b4ea3380e60e9a2a74e1afaf59681,1.1.2,6590a4bbb77802175afa4c406de831d596569cbf2e1f596de7df0910f43e8fd5,e51f21289a5f63ada7c1746ad6385412db3f6a4e7fc3ba4e33e43fbdb6e9bf14,241bade8665d15f1855e8ed5cb5a8f8bc3dbb5e66c87d76b45ab5d76f1caa9f7,dffe8acdbd3e011d12e5e45e08331fd300f3b67f,214053eb-5084-4022-8817-4ddbbf933e60,e0cbd266dcf997089203a1b33ba0333d,2026_04_KC_LV,2026,4,2026-10-04T20:25:00Z,spreads,HOME,2026-09-27T03:00:57.907341Z,2026-09-27T03:00:57.384540Z,2026-09-22T18:51:43.097248Z,bb86d96ac8c5a37027060695827d4ca64ef6cc1d2ef5b5808941c85556f173d5,,,,,,,,,,RETAIL_ONLY,2,,,,,,,,,UNAVAILABLE_FOR_BETTING,INELIGIBLE_PINNACLE_TWO_SIDED_CONTRACT_MISSING,PASS,MODEL_LOCKED_UNTESTED_2026;UNCERTAINTY_UNAVAILABLE_FOR_BETTING;INELIGIBLE_PINNACLE_TWO_SIDED_CONTRACT_MISSING;Feature store does not contain exactly two rows for the game,local:v11-prospective-observer,2026-09-27T03:00:57.907341Z,,1.1.0,f874e0ea52fc574be89c1125decae64286408965f4ece548be7289c1ceb37271
9361d37ce3feb874f912921dd13899feb757b02d5906499fc165b464aa43f771,challenger-0.2.0,5c8bf3ec348a261ab2c0ce94bd8cc315f754a8dc991c15c20d0d961d06997984,49fadb583b0dee0ba78c242826cb3e521cee0c4af2da837cfd5df18936598793,159ec87beb47e140832d992a80618f94b5cef5681c9d11c24e999ce1cad03b10,dffe8acdbd3e011d12e5e45e08331fd300f3b67f,214053eb-5084-4022-8817-4ddbbf933e60,e0cbd266dcf997089203a1b33ba0333d,2026_04_KC_LV,2026,4,2026-10-04T20:25:00Z,spreads,HOME,2026-09-27T03:01:00.857309Z,2026-09-27T03:00:57.384540Z,2026-09-22T18:51:43.097248Z,3ecdbfbaf3290a1d0f9b9aee517e61634d37a7bdde41367b8b77ffdf6363f311,,,,,,,,,,RETAIL_ONLY,2,,,,,,,,,MODELED_DEVELOPMENT_MARGIN_SHADOW_ONLY,INELIGIBLE_PINNACLE_TWO_SIDED_CONTRACT_MISSING,PASS,EXPERIMENTAL_SHADOW_NO_STAKES;INELIGIBLE_PINNACLE_TWO_SIDED_CONTRACT_MISSING;Challenger feature/game rows are missing or duplicated,local:challenger+the-odds-api,2026-09-27T03:01:00.857309Z,,1.1.0,38fd8ce28b958027a4a74303c239aa42a07c95b250d33506d1ba25b1259cb60a
a6c3d6cd55fa2d468abf152dea8bce3e41a7243caa1953bc09bed0bcd701a53b,1.1.2,6590a4bbb77802175afa4c406de831d596569cbf2e1f596de7df0910f43e8fd5,e51f21289a5f63ada7c1746ad6385412db3f6a4e7fc3ba4e33e43fbdb6e9bf14,241bade8665d15f1855e8ed5cb5a8f8bc3dbb5e66c87d76b45ab5d76f1caa9f7,b143eda428696625817bd7042b4cf3a453477386,e1878b61-7760-4e06-9ca0-bec5e38d131c,e0cbd266dcf997089203a1b33ba0333d,2026_04_KC_LV,2026,4,2026-10-04T20:25:00Z,spreads,HOME,2026-09-27T12:45:22.508290Z,2026-09-27T12:45:22.019645Z,2026-09-22T18:51:43.097248Z,bb86d96ac8c5a37027060695827d4ca64ef6cc1d2ef5b5808941c85556f173d5,,,,,,,,,,RETAIL_ONLY,2,,,,,,,,,UNAVAILABLE_FOR_BETTING,INELIGIBLE_PINNACLE_TWO_SIDED_CONTRACT_MISSING,PASS,MODEL_LOCKED_UNTESTED_2026;UNCERTAINTY_UNAVAILABLE_FOR_BETTING;INELIGIBLE_PINNACLE_TWO_SIDED_CONTRACT_MISSING;Feature store does not contain exactly two rows for the game,local:v11-prospective-observer,2026-09-27T12:45:22.508290Z,,1.1.0,8b7f968fdc6a75b9885ea1086a83012625064cb78c29924b9251b6f828726112
d5ef0f5658fd1d3358e83f9f239f12d42186be6d45210be54b9ac3ea5375a77a,challenger-0.2.0,5c8bf3ec348a261ab2c0ce94bd8cc315f754a8dc991c15c20d0d961d06997984,49fadb583b0dee0ba78c242826cb3e521cee0c4af2da837cfd5df18936598793,159ec87beb47e140832d992a80618f94b5cef5681c9d11c24e999ce1cad03b10,b143eda428696625817bd7042b4cf3a453477386,e1878b61-7760-4e06-9ca0-bec5e38d131c,e0cbd266dcf997089203a1b33ba0333d,2026_04_KC_LV,2026,4,2026-10-04T20:25:00Z,spreads,HOME,2026-09-27T12:45:25.295673Z,2026-09-27T12:45:22.019645Z,2026-09-22T18:51:43.097248Z,3ecdbfbaf3290a1d0f9b9aee517e61634d37a7bdde41367b8b77ffdf6363f311,,,,,,,,,,RETAIL_ONLY,2,,,,,,,,,MODELED_DEVELOPMENT_MARGIN_SHADOW_ONLY,INELIGIBLE_PINNACLE_TWO_SIDED_CONTRACT_MISSING,PASS,EXPERIMENTAL_SHADOW_NO_STAKES;INELIGIBLE_PINNACLE_TWO_SIDED_CONTRACT_MISSING;Challenger feature/game rows are missing or duplicated,local:challenger+the-odds-api,2026-09-27T12:45:25.295673Z,,1.1.0,79ade8ae1b0121aa447dc78b43477465bc9dc25eaa9417c8da4a5d148b431d0e
e1992e01b1849cebe9b14a05c11f4981446ed0f87c32b6ad3270247d30de7e1b,1.1.2,6590a4bbb77802175afa4c406de831d596569cbf2e1f596de7df0910f43e8fd5,e51f21289a5f63ada7c1746ad6385412db3f6a4e7fc3ba4e33e43fbdb6e9bf14,241bade8665d15f1855e8ed5cb5a8f8bc3dbb5e66c87d76b45ab5d76f1caa9f7,c8df716c912e3f6e3b11d508f2988b51a9d4b5a7,d4b87e91-991a-4aa9-bfef-bc8de675e276,e0cbd266dcf997089203a1b33ba0333d,2026_04_KC_LV,2026,4,2026-10-04T20:25:00Z,totals,OVER,2026-09-23T13:00:21.951453Z,2026-09-23T13:00:21.551276Z,2026-09-22T18:51:43.097248Z,bb86d96ac8c5a37027060695827d4ca64ef6cc1d2ef5b5808941c85556f173d5,,,,,,,,,,RETAIL_ONLY,2,,,,,,,,,UNAVAILABLE_FOR_BETTING,INELIGIBLE_PINNACLE_TWO_SIDED_CONTRACT_MISSING,PASS,MODEL_LOCKED_UNTESTED_2026;UNCERTAINTY_UNAVAILABLE_FOR_BETTING;INELIGIBLE_PINNACLE_TWO_SIDED_CONTRACT_MISSING;Feature store does not contain exactly two rows for the game,local:v11-prospective-observer,2026-09-23T13:00:21.951453Z,,1.1.0,14b6a904f6cb13e0b7d5fcb653d5973a6f876a337de11f26d855d127dc9952f6
eed54761ce4e69694f6b8057edfe6655d71f9c8201ce42201690e47fee89848e,challenger-0.2.0,5c8bf3ec348a261ab2c0ce94bd8cc315f754a8dc991c15c20d0d961d06997984,49fadb583b0dee0ba78c242826cb3e521cee0c4af2da837cfd5df18936598793,159ec87beb47e140832d992a80618f94b5cef5681c9d11c24e999ce1cad03b10,c8df716c912e3f6e3b11d508f2988b51a9d4b5a7,d4b87e91-991a-4aa9-bfef-bc8de675e276,e0cbd266dcf997089203a1b33ba0333d,2026_04_KC_LV,2026,4,2026-10-04T20:25:00Z,totals,OVER,2026-09-23T13:00:24.484171Z,2026-09-23T13:00:21.551276Z,2026-09-22T18:51:43.097248Z,3ecdbfbaf3290a1d0f9b9aee517e61634d37a7bdde41367b8b77ffdf6363f311,,,,,,,,,,RETAIL_ONLY,2,,,,,,,,,MODELED_DEVELOPMENT_MARGIN_SHADOW_ONLY,INELIGIBLE_PINNACLE_TWO_SIDED_CONTRACT_MISSING,PASS,EXPERIMENTAL_SHADOW_NO_STAKES;INELIGIBLE_PINNACLE_TWO_SIDED_CONTRACT_MISSING;Challenger feature/game rows are missing or duplicated,local:challenger+the-odds-api,2026-09-23T13:00:24.484171Z,,1.1.0,0854fd74054ae467f8fd84982c5b1b1997a19eb91072535bf154e0d3dde37aaa
0de50302e8a7ccf6d693b7367731f55441464a34bcc3ee70487522f5b2fbe083,challenger-0.2.0,5c8bf3ec348a261ab2c0ce94bd8cc315f754a8dc991c15c20d0d961d06997984,49fadb583b0dee0ba78c242826cb3e521cee0c4af2da837cfd5df18936598793,159ec87beb47e140832d992a80618f94b5cef5681c9d11c24e999ce1cad03b10,dffe8acdbd3e011d12e5e45e08331fd300f3b67f,d842d1fe-0de3-48ea-8341-bb9cfc6a6383,e0cbd266dcf997089203a1b33ba0333d,2026_04_KC_LV,2026,4,2026-10-04T20:25:00Z,totals,OVER,2026-09-24T16:00:25.607332Z,2026-09-24T16:00:22.454081Z,2026-09-22T18:51:43.097248Z,3ecdbfbaf3290a1d0f9b9aee517e61634d37a7bdde41367b8b77ffdf6363f311,,,,,,,,,,RETAIL_ONLY,2,,,,,,,,,MODELED_DEVELOPMENT_MARGIN_SHADOW_ONLY,INELIGIBLE_PINNACLE_TWO_SIDED_CONTRACT_MISSING,PASS,EXPERIMENTAL_SHADOW_NO_STAKES;INELIGIBLE_PINNACLE_TWO_SIDED_CONTRACT_MISSING;Challenger feature/game rows are missing or duplicated,local:challenger+the-odds-api,2026-09-24T16:00:25.607332Z,,1.1.0,efd4fab42de8d68be1c11a8161093a85e258359eaae0567b98220d9fb6ce0859
bee3c1d80d07b9c5d32342a4ce26a303af2a0b804e4f4b71f9275e25e7a38f97,1.1.2,6590a4bbb77802175afa4c406de831d596569cbf2e1f596de7df0910f43e8fd5,e51f21289a5f63ada7c1746ad6385412db3f6a4e7fc3ba4e33e43fbdb6e9bf14,241bade8665d15f1855e8ed5cb5a8f8bc3dbb5e66c87d76b45ab5d76f1caa9f7,dffe8acdbd3e011d12e5e45e08331fd300f3b67f,d842d1fe-0de3-48ea-8341-bb9cfc6a6383,e0cbd266dcf997089203a1b33ba0333d,2026_04_KC_LV,2026,4,2026-10-04T20:25:00Z,totals,OVER,2026-09-24T16:00:22.882475Z,2026-09-24T16:00:22.454081Z,2026-09-22T18:51:43.097248Z,bb86d96ac8c5a37027060695827d4ca64ef6cc1d2ef5b5808941c85556f173d5,,,,,,,,,,RETAIL_ONLY,2,,,,,,,,,UNAVAILABLE_FOR_BETTING,INELIGIBLE_PINNACLE_TWO_SIDED_CONTRACT_MISSING,PASS,MODEL_LOCKED_UNTESTED_2026;UNCERTAINTY_UNAVAILABLE_FOR_BETTING;INELIGIBLE_PINNACLE_TWO_SIDED_CONTRACT_MISSING;Feature store does not contain exactly two rows for the game,local:v11-prospective-observer,2026-09-24T16:00:22.882475Z,,1.1.0,e41534d4a89af3a97c83bde5678ef4b5c738580c965f858deefdc8e0404843be
55a765705dde4aa3da5520d3a5f132ac70a14f0d8977410203f179f2499179d6,challenger-0.2.0,5c8bf3ec348a261ab2c0ce94bd8cc315f754a8dc991c15c20d0d961d06997984,49fadb583b0dee0ba78c242826cb3e521cee0c4af2da837cfd5df18936598793,159ec87beb47e140832d992a80618f94b5cef5681c9d11c24e999ce1cad03b10,dffe8acdbd3e011d12e5e45e08331fd300f3b67f,b7f8819c-86a9-428f-bb46-debf3999015c,e0cbd266dcf997089203a1b33ba0333d,2026_04_KC_LV,2026,4,2026-10-04T20:25:00Z,totals,OVER,2026-09-25T21:00:31.801654Z,2026-09-25T21:00:28.639096Z,2026-09-22T18:51:43.097248Z,3ecdbfbaf3290a1d0f9b9aee517e61634d37a7bdde41367b8b77ffdf6363f311,,,,,,,,,,RETAIL_ONLY,2,,,,,,,,,MODELED_DEVELOPMENT_MARGIN_SHADOW_ONLY,INELIGIBLE_PINNACLE_TWO_SIDED_CONTRACT_MISSING,PASS,EXPERIMENTAL_SHADOW_NO_STAKES;INELIGIBLE_PINNACLE_TWO_SIDED_CONTRACT_MISSING;Challenger feature/game rows are missing or duplicated,local:challenger+the-odds-api,2026-09-25T21:00:31.801654Z,,1.1.0,d34c667b5063469b577d9f30cdb55c87aba6b4060b109b0d5020991719263f92
f46b75352ab222d4d5661645f661ccecff7ce800e443c9ff1a0d84f668addfa2,1.1.2,6590a4bbb77802175afa4c406de831d596569cbf2e1f596de7df0910f43e8fd5,e51f21289a5f63ada7c1746ad6385412db3f6a4e7fc3ba4e33e43fbdb6e9bf14,241bade8665d15f1855e8ed5cb5a8f8bc3dbb5e66c87d76b45ab5d76f1caa9f7,dffe8acdbd3e011d12e5e45e08331fd300f3b67f,b7f8819c-86a9-428f-bb46-debf3999015c,e0cbd266dcf997089203a1b33ba0333d,2026_04_KC_LV,2026,4,2026-10-04T20:25:00Z,totals,OVER,2026-09-25T21:00:29.089372Z,2026-09-25T21:00:28.639096Z,2026-09-22T18:51:43.097248Z,bb86d96ac8c5a37027060695827d4ca64ef6cc1d2ef5b5808941c85556f173d5,,,,,,,,,,RETAIL_ONLY,2,,,,,,,,,UNAVAILABLE_FOR_BETTING,INELIGIBLE_PINNACLE_TWO_SIDED_CONTRACT_MISSING,PASS,MODEL_LOCKED_UNTESTED_2026;UNCERTAINTY_UNAVAILABLE_FOR_BETTING;INELIGIBLE_PINNACLE_TWO_SIDED_CONTRACT_MISSING;Feature store does not contain exactly two rows for the game,local:v11-prospective-observer,2026-09-25T21:00:29.089372Z,,1.1.0,2d637bf91b94b8ac735276b37837d1591e7e80157d6d2ebac40077d437c84568
289763f7970290c298af906e1b344539e79177ca328370385b8740ad194ecf99,challenger-0.2.0,5c8bf3ec348a261ab2c0ce94bd8cc315f754a8dc991c15c20d0d961d06997984,49fadb583b0dee0ba78c242826cb3e521cee0c4af2da837cfd5df18936598793,159ec87beb47e140832d992a80618f94b5cef5681c9d11c24e999ce1cad03b10,dffe8acdbd3e011d12e5e45e08331fd300f3b67f,8b8b5771-d3ca-480c-9980-dac450e82c42,e0cbd266dcf997089203a1b33ba0333d,2026_04_KC_LV,2026,4,2026-10-04T20:25:00Z,totals,OVER,2026-09-26T13:00:30.675609Z,2026-09-26T13:00:27.208512Z,2026-09-22T18:51:43.097248Z,3ecdbfbaf3290a1d0f9b9aee517e61634d37a7bdde41367b8b77ffdf6363f311,,,,,,,,,,RETAIL_ONLY,2,,,,,,,,,MODELED_DEVELOPMENT_MARGIN_SHADOW_ONLY,INELIGIBLE_PINNACLE_TWO_SIDED_CONTRACT_MISSING,PASS,EXPERIMENTAL_SHADOW_NO_STAKES;INELIGIBLE_PINNACLE_TWO_SIDED_CONTRACT_MISSING;Challenger feature/game rows are missing or duplicated,local:challenger+the-odds-api,2026-09-26T13:00:30.675609Z,,1.1.0,433df5f8ddc611134ce46b0fd858c9f901184a94f011867d4550ccd04285266e
331b50f7d57c838c82259b5d5c6d1402cd2d22bf772c1df6c6b54aaf86ca26c6,1.1.2,6590a4bbb77802175afa4c406de831d596569cbf2e1f596de7df0910f43e8fd5,e51f21289a5f63ada7c1746ad6385412db3f6a4e7fc3ba4e33e43fbdb6e9bf14,241bade8665d15f1855e8ed5cb5a8f8bc3dbb5e66c87d76b45ab5d76f1caa9f7,dffe8acdbd3e011d12e5e45e08331fd300f3b67f,8b8b5771-d3ca-480c-9980-dac450e82c42,e0cbd266dcf997089203a1b33ba0333d,2026_04_KC_LV,2026,4,2026-10-04T20:25:00Z,totals,OVER,2026-09-26T13:00:27.689180Z,2026-09-26T13:00:27.208512Z,2026-09-22T18:51:43.097248Z,bb86d96ac8c5a37027060695827d4ca64ef6cc1d2ef5b5808941c85556f173d5,,,,,,,,,,RETAIL_ONLY,2,,,,,,,,,UNAVAILABLE_FOR_BETTING,INELIGIBLE_PINNACLE_TWO_SIDED_CONTRACT_MISSING,PASS,MODEL_LOCKED_UNTESTED_2026;UNCERTAINTY_UNAVAILABLE_FOR_BETTING;INELIGIBLE_PINNACLE_TWO_SIDED_CONTRACT_MISSING;Feature store does not contain exactly two rows for the game,local:v11-prospective-observer,2026-09-26T13:00:27.689180Z,,1.1.0,10ed078bb14627b961cfbdaa0659bfffdee1154f29ad7948cd2fd39ab2614490
6831b9bd0152ef23ed2e92da92c733e632222bb6f5129833a1a191631184d196,1.1.2,6590a4bbb77802175afa4c406de831d596569cbf2e1f596de7df0910f43e8fd5,e51f21289a5f63ada7c1746ad6385412db3f6a4e7fc3ba4e33e43fbdb6e9bf14,241bade8665d15f1855e8ed5cb5a8f8bc3dbb5e66c87d76b45ab5d76f1caa9f7,dffe8acdbd3e011d12e5e45e08331fd300f3b67f,d2d710b1-c436-4180-8c43-56a6e84b5e0f,e0cbd266dcf997089203a1b33ba0333d,2026_04_KC_LV,2026,4,2026-10-04T20:25:00Z,totals,OVER,2026-09-26T21:00:26.360329Z,2026-09-26T21:00:25.892304Z,2026-09-22T18:51:43.097248Z,bb86d96ac8c5a37027060695827d4ca64ef6cc1d2ef5b5808941c85556f173d5,,,,,,,,,,RETAIL_ONLY,2,,,,,,,,,UNAVAILABLE_FOR_BETTING,INELIGIBLE_PINNACLE_TWO_SIDED_CONTRACT_MISSING,PASS,MODEL_LOCKED_UNTESTED_2026;UNCERTAINTY_UNAVAILABLE_FOR_BETTING;INELIGIBLE_PINNACLE_TWO_SIDED_CONTRACT_MISSING;Feature store does not contain exactly two rows for the game,local:v11-prospective-observer,2026-09-26T21:00:26.360329Z,,1.1.0,2bfbbda3d79cbdd7e88d050c75a2b50bb99f6108f078ca69258333e564a960fa
87ed7816935b73f83c16f72f738357852f65d39971534ca545025ee0b80b2721,challenger-0.2.0,5c8bf3ec348a261ab2c0ce94bd8cc315f754a8dc991c15c20d0d961d06997984,49fadb583b0dee0ba78c242826cb3e521cee0c4af2da837cfd5df18936598793,159ec87beb47e140832d992a80618f94b5cef5681c9d11c24e999ce1cad03b10,dffe8acdbd3e011d12e5e45e08331fd300f3b67f,d2d710b1-c436-4180-8c43-56a6e84b5e0f,e0cbd266dcf997089203a1b33ba0333d,2026_04_KC_LV,2026,4,2026-10-04T20:25:00Z,totals,OVER,2026-09-26T21:00:29.199963Z,2026-09-26T21:00:25.892304Z,2026-09-22T18:51:43.097248Z,3ecdbfbaf3290a1d0f9b9aee517e61634d37a7bdde41367b8b77ffdf6363f311,,,,,,,,,,RETAIL_ONLY,2,,,,,,,,,MODELED_DEVELOPMENT_MARGIN_SHADOW_ONLY,INELIGIBLE_PINNACLE_TWO_SIDED_CONTRACT_MISSING,PASS,EXPERIMENTAL_SHADOW_NO_STAKES;INELIGIBLE_PINNACLE_TWO_SIDED_CONTRACT_MISSING;Challenger feature/game rows are missing or duplicated,local:challenger+the-odds-api,2026-09-26T21:00:29.199963Z,,1.1.0,e8a7905f38fd712ad43cb7a9c4ec413b261fbd3eb0379ac82dd1948a3c616439
97eb56233f8530bedb93c1d60962e448ca91eec07c0fb60013c42d908aead961,1.1.2,6590a4bbb77802175afa4c406de831d596569cbf2e1f596de7df0910f43e8fd5,e51f21289a5f63ada7c1746ad6385412db3f6a4e7fc3ba4e33e43fbdb6e9bf14,241bade8665d15f1855e8ed5cb5a8f8bc3dbb5e66c87d76b45ab5d76f1caa9f7,dffe8acdbd3e011d12e5e45e08331fd300f3b67f,214053eb-5084-4022-8817-4ddbbf933e60,e0cbd266dcf997089203a1b33ba0333d,2026_04_KC_LV,2026,4,2026-10-04T20:25:00Z,totals,OVER,2026-09-27T03:00:57.907341Z,2026-09-27T03:00:57.384540Z,2026-09-22T18:51:43.097248Z,bb86d96ac8c5a37027060695827d4ca64ef6cc1d2ef5b5808941c85556f173d5,,,,,,,,,,RETAIL_ONLY,2,,,,,,,,,UNAVAILABLE_FOR_BETTING,INELIGIBLE_PINNACLE_TWO_SIDED_CONTRACT_MISSING,PASS,MODEL_LOCKED_UNTESTED_2026;UNCERTAINTY_UNAVAILABLE_FOR_BETTING;INELIGIBLE_PINNACLE_TWO_SIDED_CONTRACT_MISSING;Feature store does not contain exactly two rows for the game,local:v11-prospective-observer,2026-09-27T03:00:57.907341Z,,1.1.0,1a5ee22990b75749602248c022493a85508cf3bc1f3e86491304bec47d77ad22
f3c34a5558d2e989edf8922080a4bca305da0699df537f78ffa0931ce3d3a384,challenger-0.2.0,5c8bf3ec348a261ab2c0ce94bd8cc315f754a8dc991c15c20d0d961d06997984,49fadb583b0dee0ba78c242826cb3e521cee0c4af2da837cfd5df18936598793,159ec87beb47e140832d992a80618f94b5cef5681c9d11c24e999ce1cad03b10,dffe8acdbd3e011d12e5e45e08331fd300f3b67f,214053eb-5084-4022-8817-4ddbbf933e60,e0cbd266dcf997089203a1b33ba0333d,2026_04_KC_LV,2026,4,2026-10-04T20:25:00Z,totals,OVER,2026-09-27T03:01:00.857309Z,2026-09-27T03:00:57.384540Z,2026-09-22T18:51:43.097248Z,3ecdbfbaf3290a1d0f9b9aee517e61634d37a7bdde41367b8b77ffdf6363f311,,,,,,,,,,RETAIL_ONLY,2,,,,,,,,,MODELED_DEVELOPMENT_MARGIN_SHADOW_ONLY,INELIGIBLE_PINNACLE_TWO_SIDED_CONTRACT_MISSING,PASS,EXPERIMENTAL_SHADOW_NO_STAKES;INELIGIBLE_PINNACLE_TWO_SIDED_CONTRACT_MISSING;Challenger feature/game rows are missing or duplicated,local:challenger+the-odds-api,2026-09-27T03:01:00.857309Z,,1.1.0,96a0748e5bbc6cf7332c09d1c5b5e20e4acea44741d4f0b1eb6e9b9a8fe0e860
0fbeaf891188eb37151b13148b012f45697261139cfb5b4516c760eba9a743ce,1.1.2,6590a4bbb77802175afa4c406de831d596569cbf2e1f596de7df0910f43e8fd5,e51f21289a5f63ada7c1746ad6385412db3f6a4e7fc3ba4e33e43fbdb6e9bf14,241bade8665d15f1855e8ed5cb5a8f8bc3dbb5e66c87d76b45ab5d76f1caa9f7,b143eda428696625817bd7042b4cf3a453477386,e1878b61-7760-4e06-9ca0-bec5e38d131c,e0cbd266dcf997089203a1b33ba0333d,2026_04_KC_LV,2026,4,2026-10-04T20:25:00Z,totals,OVER,2026-09-27T12:45:22.508290Z,2026-09-27T12:45:22.019645Z,2026-09-22T18:51:43.097248Z,bb86d96ac8c5a37027060695827d4ca64ef6cc1d2ef5b5808941c85556f173d5,,,,,,,,,,RETAIL_ONLY,2,,,,,,,,,UNAVAILABLE_FOR_BETTING,INELIGIBLE_PINNACLE_TWO_SIDED_CONTRACT_MISSING,PASS,MODEL_LOCKED_UNTESTED_2026;UNCERTAINTY_UNAVAILABLE_FOR_BETTING;INELIGIBLE_PINNACLE_TWO_SIDED_CONTRACT_MISSING;Feature store does not contain exactly two rows for the game,local:v11-prospective-observer,2026-09-27T12:45:22.508290Z,,1.1.0,c197a19fc22264c39491f1a651efa5fd49c5c82370ff86eb133d1d42be76d555
61c53a3c105d020ca2b5cea4fca5d7282200b638a37dffbdc195778074e26249,challenger-0.2.0,5c8bf3ec348a261ab2c0ce94bd8cc315f754a8dc991c15c20d0d961d06997984,49fadb583b0dee0ba78c242826cb3e521cee0c4af2da837cfd5df18936598793,159ec87beb47e140832d992a80618f94b5cef5681c9d11c24e999ce1cad03b10,b143eda428696625817bd7042b4cf3a453477386,e1878b61-7760-4e06-9ca0-bec5e38d131c,e0cbd266dcf997089203a1b33ba0333d,2026_04_KC_LV,2026,4,2026-10-04T20:25:00Z,totals,OVER,2026-09-27T12:45:25.295673Z,2026-09-27T12:45:22.019645Z,2026-09-22T18:51:43.097248Z,3ecdbfbaf3290a1d0f9b9aee517e61634d37a7bdde41367b8b77ffdf6363f311,,,,,,,,,,RETAIL_ONLY,2,,,,,,,,,MODELED_DEVELOPMENT_MARGIN_SHADOW_ONLY,INELIGIBLE_PINNACLE_TWO_SIDED_CONTRACT_MISSING,PASS,EXPERIMENTAL_SHADOW_NO_STAKES;INELIGIBLE_PINNACLE_TWO_SIDED_CONTRACT_MISSING;Challenger feature/game rows are missing or duplicated,local:challenger+the-odds-api,2026-09-27T12:45:25.295673Z,,1.1.0,494edfbfcbf96013e4f6b51cbc2c009614e3bfa68b0985b82edcabc9cd2ed6e9
e6a733d42503e27cef01fcebc542d504b907fe3121cbd3b3ff846b81a61da397,1.1.2,6590a4bbb77802175afa4c406de831d596569cbf2e1f596de7df0910f43e8fd5,e51f21289a5f63ada7c1746ad6385412db3f6a4e7fc3ba4e33e43fbdb6e9bf14,241bade8665d15f1855e8ed5cb5a8f8bc3dbb5e66c87d76b45ab5d76f1caa9f7,c8df716c912e3f6e3b11d508f2988b51a9d4b5a7,d4b87e91-991a-4aa9-bfef-bc8de675e276,96d2373cda647873b971f268482bced0,2026_04_LAC_SEA,2026,4,2026-10-04T20:25:00Z,spreads,HOME,2026-09-23T13:00:21.951453Z,2026-09-23T13:00:21.551276Z,2026-09-22T18:51:43.097248Z,bb86d96ac8c5a37027060695827d4ca64ef6cc1d2ef5b5808941c85556f173d5,,,,,,,,,,RETAIL_ONLY,2,,,,,,,,,UNAVAILABLE_FOR_BETTING,INELIGIBLE_PINNACLE_TWO_SIDED_CONTRACT_MISSING,PASS,MODEL_LOCKED_UNTESTED_2026;UNCERTAINTY_UNAVAILABLE_FOR_BETTING;INELIGIBLE_PINNACLE_TWO_SIDED_CONTRACT_MISSING;Feature store does not contain exactly two rows for the game,local:v11-prospective-observer,2026-09-23T13:00:21.951453Z,,1.1.0,9895c30b09a8ad40f4b40abedf44ebf5f62ba7f81d5e5cef47c746641ead9482
fba71b5b480934210d044d050ef33e1c84993758ee4670ebbcecf2d10d6980af,challenger-0.2.0,5c8bf3ec348a261ab2c0ce94bd8cc315f754a8dc991c15c20d0d961d06997984,49fadb583b0dee0ba78c242826cb3e521cee0c4af2da837cfd5df18936598793,159ec87beb47e140832d992a80618f94b5cef5681c9d11c24e999ce1cad03b10,c8df716c912e3f6e3b11d508f2988b51a9d4b5a7,d4b87e91-991a-4aa9-bfef-bc8de675e276,96d2373cda647873b971f268482bced0,2026_04_LAC_SEA,2026,4,2026-10-04T20:25:00Z,spreads,HOME,2026-09-23T13:00:24.484171Z,2026-09-23T13:00:21.551276Z,2026-09-22T18:51:43.097248Z,3ecdbfbaf3290a1d0f9b9aee517e61634d37a7bdde41367b8b77ffdf6363f311,,,,,,,,,,RETAIL_ONLY,2,,,,,,,,,MODELED_DEVELOPMENT_MARGIN_SHADOW_ONLY,INELIGIBLE_PINNACLE_TWO_SIDED_CONTRACT_MISSING,PASS,EXPERIMENTAL_SHADOW_NO_STAKES;INELIGIBLE_PINNACLE_TWO_SIDED_CONTRACT_MISSING;Challenger feature/game rows are missing or duplicated,local:challenger+the-odds-api,2026-09-23T13:00:24.484171Z,,1.1.0,aacc59df6594d6a88c6602f5401ca76ba4ea5d4953ce7be9299982d43ecd948a
06df3a339abb19b1425902bdeb845f569794567f9b99a42ff93d7a6b58562944,challenger-0.2.0,5c8bf3ec348a261ab2c0ce94bd8cc315f754a8dc991c15c20d0d961d06997984,49fadb583b0dee0ba78c242826cb3e521cee0c4af2da837cfd5df18936598793,159ec87beb47e140832d992a80618f94b5cef5681c9d11c24e999ce1cad03b10,dffe8acdbd3e011d12e5e45e08331fd300f3b67f,d842d1fe-0de3-48ea-8341-bb9cfc6a6383,96d2373cda647873b971f268482bced0,2026_04_LAC_SEA,2026,4,2026-10-04T20:25:00Z,spreads,HOME,2026-09-24T16:00:25.607332Z,2026-09-24T16:00:22.454081Z,2026-09-22T18:51:43.097248Z,3ecdbfbaf3290a1d0f9b9aee517e61634d37a7bdde41367b8b77ffdf6363f311,,,,,,,,,,RETAIL_ONLY,2,,,,,,,,,MODELED_DEVELOPMENT_MARGIN_SHADOW_ONLY,INELIGIBLE_PINNACLE_TWO_SIDED_CONTRACT_MISSING,PASS,EXPERIMENTAL_SHADOW_NO_STAKES;INELIGIBLE_PINNACLE_TWO_SIDED_CONTRACT_MISSING;Challenger feature/game rows are missing or duplicated,local:challenger+the-odds-api,2026-09-24T16:00:25.607332Z,,1.1.0,970ba4e42ae103b59d6128deb790e741b5b4c836ce61cd2204bdf0f0989ede24
b73faa3472a0d85ae4758453c4e4129c98c6e5d329a576bc76fd05bc5e4e9fdf,1.1.2,6590a4bbb77802175afa4c406de831d596569cbf2e1f596de7df0910f43e8fd5,e51f21289a5f63ada7c1746ad6385412db3f6a4e7fc3ba4e33e43fbdb6e9bf14,241bade8665d15f1855e8ed5cb5a8f8bc3dbb5e66c87d76b45ab5d76f1caa9f7,dffe8acdbd3e011d12e5e45e08331fd300f3b67f,d842d1fe-0de3-48ea-8341-bb9cfc6a6383,96d2373cda647873b971f268482bced0,2026_04_LAC_SEA,2026,4,2026-10-04T20:25:00Z,spreads,HOME,2026-09-24T16:00:22.882475Z,2026-09-24T16:00:22.454081Z,2026-09-22T18:51:43.097248Z,bb86d96ac8c5a37027060695827d4ca64ef6cc1d2ef5b5808941c85556f173d5,,,,,,,,,,RETAIL_ONLY,2,,,,,,,,,UNAVAILABLE_FOR_BETTING,INELIGIBLE_PINNACLE_TWO_SIDED_CONTRACT_MISSING,PASS,MODEL_LOCKED_UNTESTED_2026;UNCERTAINTY_UNAVAILABLE_FOR_BETTING;INELIGIBLE_PINNACLE_TWO_SIDED_CONTRACT_MISSING;Feature store does not contain exactly two rows for the game,local:v11-prospective-observer,2026-09-24T16:00:22.882475Z,,1.1.0,38fea8bd4b86239b96fd752611899e3d5789a8d95a527a935e3fa5a8e706e0cb
d3e66f3385cb8a5b8ade61514f18e98fce7237ca56a3885e4d23d01f04d4ba9d,1.1.2,6590a4bbb77802175afa4c406de831d596569cbf2e1f596de7df0910f43e8fd5,e51f21289a5f63ada7c1746ad6385412db3f6a4e7fc3ba4e33e43fbdb6e9bf14,241bade8665d15f1855e8ed5cb5a8f8bc3dbb5e66c87d76b45ab5d76f1caa9f7,dffe8acdbd3e011d12e5e45e08331fd300f3b67f,b7f8819c-86a9-428f-bb46-debf3999015c,96d2373cda647873b971f268482bced0,2026_04_LAC_SEA,2026,4,2026-10-04T20:25:00Z,spreads,HOME,2026-09-25T21:00:29.089372Z,2026-09-25T21:00:28.639096Z,2026-09-22T18:51:43.097248Z,bb86d96ac8c5a37027060695827d4ca64ef6cc1d2ef5b5808941c85556f173d5,,,,,,,,,,RETAIL_ONLY,2,,,,,,,,,UNAVAILABLE_FOR_BETTING,INELIGIBLE_PINNACLE_TWO_SIDED_CONTRACT_MISSING,PASS,MODEL_LOCKED_UNTESTED_2026;UNCERTAINTY_UNAVAILABLE_FOR_BETTING;INELIGIBLE_PINNACLE_TWO_SIDED_CONTRACT_MISSING;Feature store does not contain exactly two rows for the game,local:v11-prospective-observer,2026-09-25T21:00:29.089372Z,,1.1.0,96fe6bf3f72c69f4d8fb74d01da58825c7b87e175635e6350d21a748426ce8f1
f164da7752cadde4fe00f64646bb17f03ba7134a984729b3fa7c6eb361474223,challenger-0.2.0,5c8bf3ec348a261ab2c0ce94bd8cc315f754a8dc991c15c20d0d961d06997984,49fadb583b0dee0ba78c242826cb3e521cee0c4af2da837cfd5df18936598793,159ec87beb47e140832d992a80618f94b5cef5681c9d11c24e999ce1cad03b10,dffe8acdbd3e011d12e5e45e08331fd300f3b67f,b7f8819c-86a9-428f-bb46-debf3999015c,96d2373cda647873b971f268482bced0,2026_04_LAC_SEA,2026,4,2026-10-04T20:25:00Z,spreads,HOME,2026-09-25T21:00:31.801654Z,2026-09-25T21:00:28.639096Z,2026-09-22T18:51:43.097248Z,3ecdbfbaf3290a1d0f9b9aee517e61634d37a7bdde41367b8b77ffdf6363f311,,,,,,,,,,RETAIL_ONLY,2,,,,,,,,,MODELED_DEVELOPMENT_MARGIN_SHADOW_ONLY,INELIGIBLE_PINNACLE_TWO_SIDED_CONTRACT_MISSING,PASS,EXPERIMENTAL_SHADOW_NO_STAKES;INELIGIBLE_PINNACLE_TWO_SIDED_CONTRACT_MISSING;Challenger feature/game rows are missing or duplicated,local:challenger+the-odds-api,2026-09-25T21:00:31.801654Z,,1.1.0,3724830506a823016432cddadc6fd1bf72f2f4fe37c69916e909c79500e8b59a
7231f97db8ba01ad78093021c73e9551d37bc158314d3dc2143aa93035488cf9,challenger-0.2.0,5c8bf3ec348a261ab2c0ce94bd8cc315f754a8dc991c15c20d0d961d06997984,49fadb583b0dee0ba78c242826cb3e521cee0c4af2da837cfd5df18936598793,159ec87beb47e140832d992a80618f94b5cef5681c9d11c24e999ce1cad03b10,dffe8acdbd3e011d12e5e45e08331fd300f3b67f,8b8b5771-d3ca-480c-9980-dac450e82c42,96d2373cda647873b971f268482bced0,2026_04_LAC_SEA,2026,4,2026-10-04T20:25:00Z,spreads,HOME,2026-09-26T13:00:30.675609Z,2026-09-26T13:00:27.208512Z,2026-09-22T18:51:43.097248Z,3ecdbfbaf3290a1d0f9b9aee517e61634d37a7bdde41367b8b77ffdf6363f311,,,,,,,,,,RETAIL_ONLY,2,,,,,,,,,MODELED_DEVELOPMENT_MARGIN_SHADOW_ONLY,INELIGIBLE_PINNACLE_TWO_SIDED_CONTRACT_MISSING,PASS,EXPERIMENTAL_SHADOW_NO_STAKES;INELIGIBLE_PINNACLE_TWO_SIDED_CONTRACT_MISSING;Challenger feature/game rows are missing or duplicated,local:challenger+the-odds-api,2026-09-26T13:00:30.675609Z,,1.1.0,658687a423071a40b7b65ebd6bde028eb0786d26a0aeaee26b7c6dd167c5efd1
ba61c4dbe352c81e0d94f8724fbf272102ac57c721f47301505a639e18a15ffb,1.1.2,6590a4bbb77802175afa4c406de831d596569cbf2e1f596de7df0910f43e8fd5,e51f21289a5f63ada7c1746ad6385412db3f6a4e7fc3ba4e33e43fbdb6e9bf14,241bade8665d15f1855e8ed5cb5a8f8bc3dbb5e66c87d76b45ab5d76f1caa9f7,dffe8acdbd3e011d12e5e45e08331fd300f3b67f,8b8b5771-d3ca-480c-9980-dac450e82c42,96d2373cda647873b971f268482bced0,2026_04_LAC_SEA,2026,4,2026-10-04T20:25:00Z,spreads,HOME,2026-09-26T13:00:27.689180Z,2026-09-26T13:00:27.208512Z,2026-09-22T18:51:43.097248Z,bb86d96ac8c5a37027060695827d4ca64ef6cc1d2ef5b5808941c85556f173d5,,,,,,,,,,RETAIL_ONLY,2,,,,,,,,,UNAVAILABLE_FOR_BETTING,INELIGIBLE_PINNACLE_TWO_SIDED_CONTRACT_MISSING,PASS,MODEL_LOCKED_UNTESTED_2026;UNCERTAINTY_UNAVAILABLE_FOR_BETTING;INELIGIBLE_PINNACLE_TWO_SIDED_CONTRACT_MISSING;Feature store does not contain exactly two rows for the game,local:v11-prospective-observer,2026-09-26T13:00:27.689180Z,,1.1.0,526b4831308a5d84ed71d7f87648f0e44a577c665eaddc2abab99773c1c2a314
7790960c9d5fe02dc44c6240a819757c20158a0e6306faceffe35c31fefcda30,1.1.2,6590a4bbb77802175afa4c406de831d596569cbf2e1f596de7df0910f43e8fd5,e51f21289a5f63ada7c1746ad6385412db3f6a4e7fc3ba4e33e43fbdb6e9bf14,241bade8665d15f1855e8ed5cb5a8f8bc3dbb5e66c87d76b45ab5d76f1caa9f7,dffe8acdbd3e011d12e5e45e08331fd300f3b67f,d2d710b1-c436-4180-8c43-56a6e84b5e0f,96d2373cda647873b971f268482bced0,2026_04_LAC_SEA,2026,4,2026-10-04T20:25:00Z,spreads,HOME,2026-09-26T21:00:26.360329Z,2026-09-26T21:00:25.892304Z,2026-09-22T18:51:43.097248Z,bb86d96ac8c5a37027060695827d4ca64ef6cc1d2ef5b5808941c85556f173d5,,,,,,,,,,RETAIL_ONLY,2,,,,,,,,,UNAVAILABLE_FOR_BETTING,INELIGIBLE_PINNACLE_TWO_SIDED_CONTRACT_MISSING,PASS,MODEL_LOCKED_UNTESTED_2026;UNCERTAINTY_UNAVAILABLE_FOR_BETTING;INELIGIBLE_PINNACLE_TWO_SIDED_CONTRACT_MISSING;Feature store does not contain exactly two rows for the game,local:v11-prospective-observer,2026-09-26T21:00:26.360329Z,,1.1.0,d089e5fcf464acb8c8eedf00e55d5425b00cb9520549b14eb8b356b973e219e0
8fc05fa7cf581a72d07969da00b0d282baf7be992da7664634ad8034f30237c1,challenger-0.2.0,5c8bf3ec348a261ab2c0ce94bd8cc315f754a8dc991c15c20d0d961d06997984,49fadb583b0dee0ba78c242826cb3e521cee0c4af2da837cfd5df18936598793,159ec87beb47e140832d992a80618f94b5cef5681c9d11c24e999ce1cad03b10,dffe8acdbd3e011d12e5e45e08331fd300f3b67f,d2d710b1-c436-4180-8c43-56a6e84b5e0f,96d2373cda647873b971f268482bced0,2026_04_LAC_SEA,2026,4,2026-10-04T20:25:00Z,spreads,HOME,2026-09-26T21:00:29.199963Z,2026-09-26T21:00:25.892304Z,2026-09-22T18:51:43.097248Z,3ecdbfbaf3290a1d0f9b9aee517e61634d37a7bdde41367b8b77ffdf6363f311,,,,,,,,,,RETAIL_ONLY,2,,,,,,,,,MODELED_DEVELOPMENT_MARGIN_SHADOW_ONLY,INELIGIBLE_PINNACLE_TWO_SIDED_CONTRACT_MISSING,PASS,EXPERIMENTAL_SHADOW_NO_STAKES;INELIGIBLE_PINNACLE_TWO_SIDED_CONTRACT_MISSING;Challenger feature/game rows are missing or duplicated,local:challenger+the-odds-api,2026-09-26T21:00:29.199963Z,,1.1.0,1526fcd93b64e47c4293200f4623d892f804dedb5ecb0d699ceae992e620e1d9
01a9de808d0a88ac9c2e4c9eebfea0dc5b6a5250f4a84df5add4f851037f545c,challenger-0.2.0,5c8bf3ec348a261ab2c0ce94bd8cc315f754a8dc991c15c20d0d961d06997984,49fadb583b0dee0ba78c242826cb3e521cee0c4af2da837cfd5df18936598793,159ec87beb47e140832d992a80618f94b5cef5681c9d11c24e999ce1cad03b10,dffe8acdbd3e011d12e5e45e08331fd300f3b67f,214053eb-5084-4022-8817-4ddbbf933e60,96d2373cda647873b971f268482bced0,2026_04_LAC_SEA,2026,4,2026-10-04T20:25:00Z,spreads,HOME,2026-09-27T03:01:00.857309Z,2026-09-27T03:00:57.384540Z,2026-09-22T18:51:43.097248Z,3ecdbfbaf3290a1d0f9b9aee517e61634d37a7bdde41367b8b77ffdf6363f311,,,,,,,,,,RETAIL_ONLY,2,,,,,,,,,MODELED_DEVELOPMENT_MARGIN_SHADOW_ONLY,INELIGIBLE_PINNACLE_TWO_SIDED_CONTRACT_MISSING,PASS,EXPERIMENTAL_SHADOW_NO_STAKES;INELIGIBLE_PINNACLE_TWO_SIDED_CONTRACT_MISSING;Challenger feature/game rows are missing or duplicated,local:challenger+the-odds-api,2026-09-27T03:01:00.857309Z,,1.1.0,b47e66fe6a68898c8c6c2a9c9b5d280dfdd4b6ce9ff55569f6b6ccd0740215e5
c6364cfed7e7138e058f087b3d23297470b174b0dd278111e61f22b4ac2cd945,1.1.2,6590a4bbb77802175afa4c406de831d596569cbf2e1f596de7df0910f43e8fd5,e51f21289a5f63ada7c1746ad6385412db3f6a4e7fc3ba4e33e43fbdb6e9bf14,241bade8665d15f1855e8ed5cb5a8f8bc3dbb5e66c87d76b45ab5d76f1caa9f7,dffe8acdbd3e011d12e5e45e08331fd300f3b67f,214053eb-5084-4022-8817-4ddbbf933e60,96d2373cda647873b971f268482bced0,2026_04_LAC_SEA,2026,4,2026-10-04T20:25:00Z,spreads,HOME,2026-09-27T03:00:57.907341Z,2026-09-27T03:00:57.384540Z,2026-09-22T18:51:43.097248Z,bb86d96ac8c5a37027060695827d4ca64ef6cc1d2ef5b5808941c85556f173d5,,,,,,,,,,RETAIL_ONLY,2,,,,,,,,,UNAVAILABLE_FOR_BETTING,INELIGIBLE_PINNACLE_TWO_SIDED_CONTRACT_MISSING,PASS,MODEL_LOCKED_UNTESTED_2026;UNCERTAINTY_UNAVAILABLE_FOR_BETTING;INELIGIBLE_PINNACLE_TWO_SIDED_CONTRACT_MISSING;Feature store does not contain exactly two rows for the game,local:v11-prospective-observer,2026-09-27T03:00:57.907341Z,,1.1.0,f6fb71167b8b2ce3a300a28cf0d5a4ea7f0fb72ca66fa3e93e5e289819c4dd2a
4056d7c25d38f17d3da77653af5b08bebb60e28612f109a66792e028b3af9ab1,1.1.2,6590a4bbb77802175afa4c406de831d596569cbf2e1f596de7df0910f43e8fd5,e51f21289a5f63ada7c1746ad6385412db3f6a4e7fc3ba4e33e43fbdb6e9bf14,241bade8665d15f1855e8ed5cb5a8f8bc3dbb5e66c87d76b45ab5d76f1caa9f7,b143eda428696625817bd7042b4cf3a453477386,e1878b61-7760-4e06-9ca0-bec5e38d131c,96d2373cda647873b971f268482bced0,2026_04_LAC_SEA,2026,4,2026-10-04T20:25:00Z,spreads,HOME,2026-09-27T12:45:22.508290Z,2026-09-27T12:45:22.019645Z,2026-09-22T18:51:43.097248Z,bb86d96ac8c5a37027060695827d4ca64ef6cc1d2ef5b5808941c85556f173d5,,,,,,,,,,RETAIL_ONLY,2,,,,,,,,,UNAVAILABLE_FOR_BETTING,INELIGIBLE_PINNACLE_TWO_SIDED_CONTRACT_MISSING,PASS,MODEL_LOCKED_UNTESTED_2026;UNCERTAINTY_UNAVAILABLE_FOR_BETTING;INELIGIBLE_PINNACLE_TWO_SIDED_CONTRACT_MISSING;Feature store does not contain exactly two rows for the game,local:v11-prospective-observer,2026-09-27T12:45:22.508290Z,,1.1.0,5967e1280ad0ce64e9f4001163d1bfeac08d21af5564e67c9969469334160294
c7064530a2cf40d14d0e439df8529087da95819b25860fcd7d44b4d1bb134db5,challenger-0.2.0,5c8bf3ec348a261ab2c0ce94bd8cc315f754a8dc991c15c20d0d961d06997984,49fadb583b0dee0ba78c242826cb3e521cee0c4af2da837cfd5df18936598793,159ec87beb47e140832d992a80618f94b5cef5681c9d11c24e999ce1cad03b10,b143eda428696625817bd7042b4cf3a453477386,e1878b61-7760-4e06-9ca0-bec5e38d131c,96d2373cda647873b971f268482bced0,2026_04_LAC_SEA,2026,4,2026-10-04T20:25:00Z,spreads,HOME,2026-09-27T12:45:25.295673Z,2026-09-27T12:45:22.019645Z,2026-09-22T18:51:43.097248Z,3ecdbfbaf3290a1d0f9b9aee517e61634d37a7bdde41367b8b77ffdf6363f311,,,,,,,,,,RETAIL_ONLY,2,,,,,,,,,MODELED_DEVELOPMENT_MARGIN_SHADOW_ONLY,INELIGIBLE_PINNACLE_TWO_SIDED_CONTRACT_MISSING,PASS,EXPERIMENTAL_SHADOW_NO_STAKES;INELIGIBLE_PINNACLE_TWO_SIDED_CONTRACT_MISSING;Challenger feature/game rows are missing or duplicated,local:challenger+the-odds-api,2026-09-27T12:45:25.295673Z,,1.1.0,e912fbf1da2f1b4b849550b8f83d8ab3d9c87f43651c3b71192bbe83813ac80e
2d386cca240cca6a90144e8df35d045ef2eb1e831c2a8cd996eaa9832c5c9347,challenger-0.2.0,5c8bf3ec348a261ab2c0ce94bd8cc315f754a8dc991c15c20d0d961d06997984,49fadb583b0dee0ba78c242826cb3e521cee0c4af2da837cfd5df18936598793,159ec87beb47e140832d992a80618f94b5cef5681c9d11c24e999ce1cad03b10,c8df716c912e3f6e3b11d508f2988b51a9d4b5a7,d4b87e91-991a-4aa9-bfef-bc8de675e276,96d2373cda647873b971f268482bced0,2026_04_LAC_SEA,2026,4,2026-10-04T20:25:00Z,totals,OVER,2026-09-23T13:00:24.484171Z,2026-09-23T13:00:21.551276Z,2026-09-22T18:51:43.097248Z,3ecdbfbaf3290a1d0f9b9aee517e61634d37a7bdde41367b8b77ffdf6363f311,,,,,,,,,,RETAIL_ONLY,2,,,,,,,,,MODELED_DEVELOPMENT_MARGIN_SHADOW_ONLY,INELIGIBLE_PINNACLE_TWO_SIDED_CONTRACT_MISSING,PASS,EXPERIMENTAL_SHADOW_NO_STAKES;INELIGIBLE_PINNACLE_TWO_SIDED_CONTRACT_MISSING;Challenger feature/game rows are missing or duplicated,local:challenger+the-odds-api,2026-09-23T13:00:24.484171Z,,1.1.0,177b4fff10b40b1ec81dfa60c7f38c0cbe8d98a6e36872011318f2ceb52df37e
66eef33b53889f4af931da41980c8b3ab53b1c516a4fd05dcad927478a163197,1.1.2,6590a4bbb77802175afa4c406de831d596569cbf2e1f596de7df0910f43e8fd5,e51f21289a5f63ada7c1746ad6385412db3f6a4e7fc3ba4e33e43fbdb6e9bf14,241bade8665d15f1855e8ed5cb5a8f8bc3dbb5e66c87d76b45ab5d76f1caa9f7,c8df716c912e3f6e3b11d508f2988b51a9d4b5a7,d4b87e91-991a-4aa9-bfef-bc8de675e276,96d2373cda647873b971f268482bced0,2026_04_LAC_SEA,2026,4,2026-10-04T20:25:00Z,totals,OVER,2026-09-23T13:00:21.951453Z,2026-09-23T13:00:21.551276Z,2026-09-22T18:51:43.097248Z,bb86d96ac8c5a37027060695827d4ca64ef6cc1d2ef5b5808941c85556f173d5,,,,,,,,,,RETAIL_ONLY,2,,,,,,,,,UNAVAILABLE_FOR_BETTING,INELIGIBLE_PINNACLE_TWO_SIDED_CONTRACT_MISSING,PASS,MODEL_LOCKED_UNTESTED_2026;UNCERTAINTY_UNAVAILABLE_FOR_BETTING;INELIGIBLE_PINNACLE_TWO_SIDED_CONTRACT_MISSING;Feature store does not contain exactly two rows for the game,local:v11-prospective-observer,2026-09-23T13:00:21.951453Z,,1.1.0,4da3d0ae83cab059c954bd81175c42efa92bde45064f8fea1ebc8e83cc1af537
507a8511ce627e1b8180e99e6be02695daa299c1c9551fd976f79b1bf117a2a4,1.1.2,6590a4bbb77802175afa4c406de831d596569cbf2e1f596de7df0910f43e8fd5,e51f21289a5f63ada7c1746ad6385412db3f6a4e7fc3ba4e33e43fbdb6e9bf14,241bade8665d15f1855e8ed5cb5a8f8bc3dbb5e66c87d76b45ab5d76f1caa9f7,dffe8acdbd3e011d12e5e45e08331fd300f3b67f,d842d1fe-0de3-48ea-8341-bb9cfc6a6383,96d2373cda647873b971f268482bced0,2026_04_LAC_SEA,2026,4,2026-10-04T20:25:00Z,totals,OVER,2026-09-24T16:00:22.882475Z,2026-09-24T16:00:22.454081Z,2026-09-22T18:51:43.097248Z,bb86d96ac8c5a37027060695827d4ca64ef6cc1d2ef5b5808941c85556f173d5,,,,,,,,,,RETAIL_ONLY,2,,,,,,,,,UNAVAILABLE_FOR_BETTING,INELIGIBLE_PINNACLE_TWO_SIDED_CONTRACT_MISSING,PASS,MODEL_LOCKED_UNTESTED_2026;UNCERTAINTY_UNAVAILABLE_FOR_BETTING;INELIGIBLE_PINNACLE_TWO_SIDED_CONTRACT_MISSING;Feature store does not contain exactly two rows for the game,local:v11-prospective-observer,2026-09-24T16:00:22.882475Z,,1.1.0,134bdd499c9979bdb8b10b0cfcea10219c83aa1e80c55ebf97871d2e18357247
7cbfe1dda874bdc13575a3e8d992071a3981f25b72d6024a23c3be2958d71af9,challenger-0.2.0,5c8bf3ec348a261ab2c0ce94bd8cc315f754a8dc991c15c20d0d961d06997984,49fadb583b0dee0ba78c242826cb3e521cee0c4af2da837cfd5df18936598793,159ec87beb47e140832d992a80618f94b5cef5681c9d11c24e999ce1cad03b10,dffe8acdbd3e011d12e5e45e08331fd300f3b67f,d842d1fe-0de3-48ea-8341-bb9cfc6a6383,96d2373cda647873b971f268482bced0,2026_04_LAC_SEA,2026,4,2026-10-04T20:25:00Z,totals,OVER,2026-09-24T16:00:25.607332Z,2026-09-24T16:00:22.454081Z,2026-09-22T18:51:43.097248Z,3ecdbfbaf3290a1d0f9b9aee517e61634d37a7bdde41367b8b77ffdf6363f311,,,,,,,,,,RETAIL_ONLY,2,,,,,,,,,MODELED_DEVELOPMENT_MARGIN_SHADOW_ONLY,INELIGIBLE_PINNACLE_TWO_SIDED_CONTRACT_MISSING,PASS,EXPERIMENTAL_SHADOW_NO_STAKES;INELIGIBLE_PINNACLE_TWO_SIDED_CONTRACT_MISSING;Challenger feature/game rows are missing or duplicated,local:challenger+the-odds-api,2026-09-24T16:00:25.607332Z,,1.1.0,b1275a4439ea6d295b55234ece573d8ff4eafa98dd9aa75a0de7976ec1efeba0
43d3e2eaad93a30a986edd9bd33831102ce9778f480a410af5cea1daff20e70d,1.1.2,6590a4bbb77802175afa4c406de831d596569cbf2e1f596de7df0910f43e8fd5,e51f21289a5f63ada7c1746ad6385412db3f6a4e7fc3ba4e33e43fbdb6e9bf14,241bade8665d15f1855e8ed5cb5a8f8bc3dbb5e66c87d76b45ab5d76f1caa9f7,dffe8acdbd3e011d12e5e45e08331fd300f3b67f,b7f8819c-86a9-428f-bb46-debf3999015c,96d2373cda647873b971f268482bced0,2026_04_LAC_SEA,2026,4,2026-10-04T20:25:00Z,totals,OVER,2026-09-25T21:00:29.089372Z,2026-09-25T21:00:28.639096Z,2026-09-22T18:51:43.097248Z,bb86d96ac8c5a37027060695827d4ca64ef6cc1d2ef5b5808941c85556f173d5,,,,,,,,,,RETAIL_ONLY,2,,,,,,,,,UNAVAILABLE_FOR_BETTING,INELIGIBLE_PINNACLE_TWO_SIDED_CONTRACT_MISSING,PASS,MODEL_LOCKED_UNTESTED_2026;UNCERTAINTY_UNAVAILABLE_FOR_BETTING;INELIGIBLE_PINNACLE_TWO_SIDED_CONTRACT_MISSING;Feature store does not contain exactly two rows for the game,local:v11-prospective-observer,2026-09-25T21:00:29.089372Z,,1.1.0,cb12204a3b178bbd1d8d8e02cbb45ec2ced971bf372366d20afcf7b68e7d0dd3
aeb296b02d3f18f7c8613b602478544fda678cb72f36e81b4ccf52d05002ae38,challenger-0.2.0,5c8bf3ec348a261ab2c0ce94bd8cc315f754a8dc991c15c20d0d961d06997984,49fadb583b0dee0ba78c242826cb3e521cee0c4af2da837cfd5df18936598793,159ec87beb47e140832d992a80618f94b5cef5681c9d11c24e999ce1cad03b10,dffe8acdbd3e011d12e5e45e08331fd300f3b67f,b7f8819c-86a9-428f-bb46-debf3999015c,96d2373cda647873b971f268482bced0,2026_04_LAC_SEA,2026,4,2026-10-04T20:25:00Z,totals,OVER,2026-09-25T21:00:31.801654Z,2026-09-25T21:00:28.639096Z,2026-09-22T18:51:43.097248Z,3ecdbfbaf3290a1d0f9b9aee517e61634d37a7bdde41367b8b77ffdf6363f311,,,,,,,,,,RETAIL_ONLY,2,,,,,,,,,MODELED_DEVELOPMENT_MARGIN_SHADOW_ONLY,INELIGIBLE_PINNACLE_TWO_SIDED_CONTRACT_MISSING,PASS,EXPERIMENTAL_SHADOW_NO_STAKES;INELIGIBLE_PINNACLE_TWO_SIDED_CONTRACT_MISSING;Challenger feature/game rows are missing or duplicated,local:challenger+the-odds-api,2026-09-25T21:00:31.801654Z,,1.1.0,3002a2f3c85793a0b8b718839ed5939e60b7893d77dad9991957746630cf84f6
effa9941a402d73cbb288bf55f049dcab589d1d94b9f52340100a9d1139faa11,challenger-0.2.0,5c8bf3ec348a261ab2c0ce94bd8cc315f754a8dc991c15c20d0d961d06997984,49fadb583b0dee0ba78c242826cb3e521cee0c4af2da837cfd5df18936598793,159ec87beb47e140832d992a80618f94b5cef5681c9d11c24e999ce1cad03b10,dffe8acdbd3e011d12e5e45e08331fd300f3b67f,8b8b5771-d3ca-480c-9980-dac450e82c42,96d2373cda647873b971f268482bced0,2026_04_LAC_SEA,2026,4,2026-10-04T20:25:00Z,totals,OVER,2026-09-26T13:00:30.675609Z,2026-09-26T13:00:27.208512Z,2026-09-22T18:51:43.097248Z,3ecdbfbaf3290a1d0f9b9aee517e61634d37a7bdde41367b8b77ffdf6363f311,,,,,,,,,,RETAIL_ONLY,2,,,,,,,,,MODELED_DEVELOPMENT_MARGIN_SHADOW_ONLY,INELIGIBLE_PINNACLE_TWO_SIDED_CONTRACT_MISSING,PASS,EXPERIMENTAL_SHADOW_NO_STAKES;INELIGIBLE_PINNACLE_TWO_SIDED_CONTRACT_MISSING;Challenger feature/game rows are missing or duplicated,local:challenger+the-odds-api,2026-09-26T13:00:30.675609Z,,1.1.0,101a785098198143f6c9a77892d6cd5b95a71e005d22df491f28217bac64f390
f76d36bdedf459754c7c4e42b422f06b91b0a9b75c8e25f60d3018555d33138c,1.1.2,6590a4bbb77802175afa4c406de831d596569cbf2e1f596de7df0910f43e8fd5,e51f21289a5f63ada7c1746ad6385412db3f6a4e7fc3ba4e33e43fbdb6e9bf14,241bade8665d15f1855e8ed5cb5a8f8bc3dbb5e66c87d76b45ab5d76f1caa9f7,dffe8acdbd3e011d12e5e45e08331fd300f3b67f,8b8b5771-d3ca-480c-9980-dac450e82c42,96d2373cda647873b971f268482bced0,2026_04_LAC_SEA,2026,4,2026-10-04T20:25:00Z,totals,OVER,2026-09-26T13:00:27.689180Z,2026-09-26T13:00:27.208512Z,2026-09-22T18:51:43.097248Z,bb86d96ac8c5a37027060695827d4ca64ef6cc1d2ef5b5808941c85556f173d5,,,,,,,,,,RETAIL_ONLY,2,,,,,,,,,UNAVAILABLE_FOR_BETTING,INELIGIBLE_PINNACLE_TWO_SIDED_CONTRACT_MISSING,PASS,MODEL_LOCKED_UNTESTED_2026;UNCERTAINTY_UNAVAILABLE_FOR_BETTING;INELIGIBLE_PINNACLE_TWO_SIDED_CONTRACT_MISSING;Feature store does not contain exactly two rows for the game,local:v11-prospective-observer,2026-09-26T13:00:27.689180Z,,1.1.0,fb25e852b858ce3e236446b8d4176cb80f8b6662edc89a138011256e5518ef40
4e6606eb303dc104fcbe0d92c7aa59b7b334d3df28cbc00cee2e7bc7aa0b2960,challenger-0.2.0,5c8bf3ec348a261ab2c0ce94bd8cc315f754a8dc991c15c20d0d961d06997984,49fadb583b0dee0ba78c242826cb3e521cee0c4af2da837cfd5df18936598793,159ec87beb47e140832d992a80618f94b5cef5681c9d11c24e999ce1cad03b10,dffe8acdbd3e011d12e5e45e08331fd300f3b67f,d2d710b1-c436-4180-8c43-56a6e84b5e0f,96d2373cda647873b971f268482bced0,2026_04_LAC_SEA,2026,4,2026-10-04T20:25:00Z,totals,OVER,2026-09-26T21:00:29.199963Z,2026-09-26T21:00:25.892304Z,2026-09-22T18:51:43.097248Z,3ecdbfbaf3290a1d0f9b9aee517e61634d37a7bdde41367b8b77ffdf6363f311,,,,,,,,,,RETAIL_ONLY,2,,,,,,,,,MODELED_DEVELOPMENT_MARGIN_SHADOW_ONLY,INELIGIBLE_PINNACLE_TWO_SIDED_CONTRACT_MISSING,PASS,EXPERIMENTAL_SHADOW_NO_STAKES;INELIGIBLE_PINNACLE_TWO_SIDED_CONTRACT_MISSING;Challenger feature/game rows are missing or duplicated,local:challenger+the-odds-api,2026-09-26T21:00:29.199963Z,,1.1.0,778d32f9199a1acfcba553b3d77aa6e2e07214ff20fe0977bf5ab54e7e92e180
4f0810e154c2daa1634ed62d58e87f4a27756d9f06e9428f78a50352128dde55,1.1.2,6590a4bbb77802175afa4c406de831d596569cbf2e1f596de7df0910f43e8fd5,e51f21289a5f63ada7c1746ad6385412db3f6a4e7fc3ba4e33e43fbdb6e9bf14,241bade8665d15f1855e8ed5cb5a8f8bc3dbb5e66c87d76b45ab5d76f1caa9f7,dffe8acdbd3e011d12e5e45e08331fd300f3b67f,d2d710b1-c436-4180-8c43-56a6e84b5e0f,96d2373cda647873b971f268482bced0,2026_04_LAC_SEA,2026,4,2026-10-04T20:25:00Z,totals,OVER,2026-09-26T21:00:26.360329Z,2026-09-26T21:00:25.892304Z,2026-09-22T18:51:43.097248Z,bb86d96ac8c5a37027060695827d4ca64ef6cc1d2ef5b5808941c85556f173d5,,,,,,,,,,RETAIL_ONLY,2,,,,,,,,,UNAVAILABLE_FOR_BETTING,INELIGIBLE_PINNACLE_TWO_SIDED_CONTRACT_MISSING,PASS,MODEL_LOCKED_UNTESTED_2026;UNCERTAINTY_UNAVAILABLE_FOR_BETTING;INELIGIBLE_PINNACLE_TWO_SIDED_CONTRACT_MISSING;Feature store does not contain exactly two rows for the game,local:v11-prospective-observer,2026-09-26T21:00:26.360329Z,,1.1.0,4e73097c462ba916a8f98b0a91a8dbf7719fdd109abbebb0c8f8382867fec343
6ca3d573356f1965f40fe6a466085ffcdeafac2ee8eafb74ffe078ae7db9d649,challenger-0.2.0,5c8bf3ec348a261ab2c0ce94bd8cc315f754a8dc991c15c20d0d961d06997984,49fadb583b0dee0ba78c242826cb3e521cee0c4af2da837cfd5df18936598793,159ec87beb47e140832d992a80618f94b5cef5681c9d11c24e999ce1cad03b10,dffe8acdbd3e011d12e5e45e08331fd300f3b67f,214053eb-5084-4022-8817-4ddbbf933e60,96d2373cda647873b971f268482bced0,2026_04_LAC_SEA,2026,4,2026-10-04T20:25:00Z,totals,OVER,2026-09-27T03:01:00.857309Z,2026-09-27T03:00:57.384540Z,2026-09-22T18:51:43.097248Z,3ecdbfbaf3290a1d0f9b9aee517e61634d37a7bdde41367b8b77ffdf6363f311,,,,,,,,,,RETAIL_ONLY,2,,,,,,,,,MODELED_DEVELOPMENT_MARGIN_SHADOW_ONLY,INELIGIBLE_PINNACLE_TWO_SIDED_CONTRACT_MISSING,PASS,EXPERIMENTAL_SHADOW_NO_STAKES;INELIGIBLE_PINNACLE_TWO_SIDED_CONTRACT_MISSING;Challenger feature/game rows are missing or duplicated,local:challenger+the-odds-api,2026-09-27T03:01:00.857309Z,,1.1.0,84e07cb5116d0b5805a0642922a8312cd435885ded054bca56b7461f341ee4eb
9dc1fe2f1a0a79e6d04c6e24f0166cd674ef102b55539d43b29211f2eb94671f,1.1.2,6590a4bbb77802175afa4c406de831d596569cbf2e1f596de7df0910f43e8fd5,e51f21289a5f63ada7c1746ad6385412db3f6a4e7fc3ba4e33e43fbdb6e9bf14,241bade8665d15f1855e8ed5cb5a8f8bc3dbb5e66c87d76b45ab5d76f1caa9f7,dffe8acdbd3e011d12e5e45e08331fd300f3b67f,214053eb-5084-4022-8817-4ddbbf933e60,96d2373cda647873b971f268482bced0,2026_04_LAC_SEA,2026,4,2026-10-04T20:25:00Z,totals,OVER,2026-09-27T03:00:57.907341Z,2026-09-27T03:00:57.384540Z,2026-09-22T18:51:43.097248Z,bb86d96ac8c5a37027060695827d4ca64ef6cc1d2ef5b5808941c85556f173d5,,,,,,,,,,RETAIL_ONLY,2,,,,,,,,,UNAVAILABLE_FOR_BETTING,INELIGIBLE_PINNACLE_TWO_SIDED_CONTRACT_MISSING,PASS,MODEL_LOCKED_UNTESTED_2026;UNCERTAINTY_UNAVAILABLE_FOR_BETTING;INELIGIBLE_PINNACLE_TWO_SIDED_CONTRACT_MISSING;Feature store does not contain exactly two rows for the game,local:v11-prospective-observer,2026-09-27T03:00:57.907341Z,,1.1.0,664643f9e6699b13ee2d15fe972accf01e1d67e5282f48e7c4e4794a6f9d6a90
0b09ede4dc1bfd2f1bc03370628dbc1eae616463306a5ae303f7836bdfc33dea,challenger-0.2.0,5c8bf3ec348a261ab2c0ce94bd8cc315f754a8dc991c15c20d0d961d06997984,49fadb583b0dee0ba78c242826cb3e521cee0c4af2da837cfd5df18936598793,159ec87beb47e140832d992a80618f94b5cef5681c9d11c24e999ce1cad03b10,b143eda428696625817bd7042b4cf3a453477386,e1878b61-7760-4e06-9ca0-bec5e38d131c,96d2373cda647873b971f268482bced0,2026_04_LAC_SEA,2026,4,2026-10-04T20:25:00Z,totals,OVER,2026-09-27T12:45:25.295673Z,2026-09-27T12:45:22.019645Z,2026-09-22T18:51:43.097248Z,3ecdbfbaf3290a1d0f9b9aee517e61634d37a7bdde41367b8b77ffdf6363f311,,,,,,,,,,RETAIL_ONLY,2,,,,,,,,,MODELED_DEVELOPMENT_MARGIN_SHADOW_ONLY,INELIGIBLE_PINNACLE_TWO_SIDED_CONTRACT_MISSING,PASS,EXPERIMENTAL_SHADOW_NO_STAKES;INELIGIBLE_PINNACLE_TWO_SIDED_CONTRACT_MISSING;Challenger feature/game rows are missing or duplicated,local:challenger+the-odds-api,2026-09-27T12:45:25.295673Z,,1.1.0,6c9f0e3893319586cb831a6782369e5ab3fff0fc6d8763848feb8d9dfbd61457
58e82631570ebe04d3d75c8ded43ce717c05ac72b0ec638fb8d5eed522b82eb9,1.1.2,6590a4bbb77802175afa4c406de831d596569cbf2e1f596de7df0910f43e8fd5,e51f21289a5f63ada7c1746ad6385412db3f6a4e7fc3ba4e33e43fbdb6e9bf14,241bade8665d15f1855e8ed5cb5a8f8bc3dbb5e66c87d76b45ab5d76f1caa9f7,b143eda428696625817bd7042b4cf3a453477386,e1878b61-7760-4e06-9ca0-bec5e38d131c,96d2373cda647873b971f268482bced0,2026_04_LAC_SEA,2026,4,2026-10-04T20:25:00Z,totals,OVER,2026-09-27T12:45:22.508290Z,2026-09-27T12:45:22.019645Z,2026-09-22T18:51:43.097248Z,bb86d96ac8c5a37027060695827d4ca64ef6cc1d2ef5b5808941c85556f173d5,,,,,,,,,,RETAIL_ONLY,2,,,,,,,,,UNAVAILABLE_FOR_BETTING,INELIGIBLE_PINNACLE_TWO_SIDED_CONTRACT_MISSING,PASS,MODEL_LOCKED_UNTESTED_2026;UNCERTAINTY_UNAVAILABLE_FOR_BETTING;INELIGIBLE_PINNACLE_TWO_SIDED_CONTRACT_MISSING;Feature store does not contain exactly two rows for the game,local:v11-prospective-observer,2026-09-27T12:45:22.508290Z,,1.1.0,13ac9b1b402cc1805fcd8c51fbbd021548fcfbdebb8ec56c4e58a2bf4164c29a
0af55013120f06f992021900c4913ae94b225728955f6b6eff47c998b439d850,challenger-0.2.0,5c8bf3ec348a261ab2c0ce94bd8cc315f754a8dc991c15c20d0d961d06997984,49fadb583b0dee0ba78c242826cb3e521cee0c4af2da837cfd5df18936598793,159ec87beb47e140832d992a80618f94b5cef5681c9d11c24e999ce1cad03b10,c8df716c912e3f6e3b11d508f2988b51a9d4b5a7,d4b87e91-991a-4aa9-bfef-bc8de675e276,a73a76599a4f3422803e57bd8f61b626,2026_04_DET_CAR,2026,4,2026-10-05T00:20:00Z,spreads,HOME,2026-09-23T13:00:24.484171Z,2026-09-23T13:00:21.551276Z,2026-09-22T18:51:43.097248Z,3ecdbfbaf3290a1d0f9b9aee517e61634d37a7bdde41367b8b77ffdf6363f311,,,,,,,,,,RETAIL_ONLY,2,,,,,,,,,MODELED_DEVELOPMENT_MARGIN_SHADOW_ONLY,INELIGIBLE_PINNACLE_TWO_SIDED_CONTRACT_MISSING,PASS,EXPERIMENTAL_SHADOW_NO_STAKES;INELIGIBLE_PINNACLE_TWO_SIDED_CONTRACT_MISSING;Challenger feature/game rows are missing or duplicated,local:challenger+the-odds-api,2026-09-23T13:00:24.484171Z,,1.1.0,d56ffa63d224f116557e5b5becf7f68b32acff2c3866d60fde141a5dfa3ceec7
7288bc45f7b863d8de698aa3a23fe6a1ac8acd44b1b8571e843f4b476fe66032,1.1.2,6590a4bbb77802175afa4c406de831d596569cbf2e1f596de7df0910f43e8fd5,e51f21289a5f63ada7c1746ad6385412db3f6a4e7fc3ba4e33e43fbdb6e9bf14,241bade8665d15f1855e8ed5cb5a8f8bc3dbb5e66c87d76b45ab5d76f1caa9f7,c8df716c912e3f6e3b11d508f2988b51a9d4b5a7,d4b87e91-991a-4aa9-bfef-bc8de675e276,a73a76599a4f3422803e57bd8f61b626,2026_04_DET_CAR,2026,4,2026-10-05T00:20:00Z,spreads,HOME,2026-09-23T13:00:21.951453Z,2026-09-23T13:00:21.551276Z,2026-09-22T18:51:43.097248Z,bb86d96ac8c5a37027060695827d4ca64ef6cc1d2ef5b5808941c85556f173d5,,,,,,,,,,RETAIL_ONLY,2,,,,,,,,,UNAVAILABLE_FOR_BETTING,INELIGIBLE_PINNACLE_TWO_SIDED_CONTRACT_MISSING,PASS,MODEL_LOCKED_UNTESTED_2026;UNCERTAINTY_UNAVAILABLE_FOR_BETTING;INELIGIBLE_PINNACLE_TWO_SIDED_CONTRACT_MISSING;Feature store does not contain exactly two rows for the game,local:v11-prospective-observer,2026-09-23T13:00:21.951453Z,,1.1.0,872cabc9a5bfac4e70b12a7cbd0a4dae0106dedb62e9fdbbc462a9592ae561bc
bb1481ed187286c2c21076933b6e98c29d78b92da7a6c22773b58c1475d206a3,challenger-0.2.0,5c8bf3ec348a261ab2c0ce94bd8cc315f754a8dc991c15c20d0d961d06997984,49fadb583b0dee0ba78c242826cb3e521cee0c4af2da837cfd5df18936598793,159ec87beb47e140832d992a80618f94b5cef5681c9d11c24e999ce1cad03b10,dffe8acdbd3e011d12e5e45e08331fd300f3b67f,d842d1fe-0de3-48ea-8341-bb9cfc6a6383,a73a76599a4f3422803e57bd8f61b626,2026_04_DET_CAR,2026,4,2026-10-05T00:20:00Z,spreads,HOME,2026-09-24T16:00:25.607332Z,2026-09-24T16:00:22.454081Z,2026-09-22T18:51:43.097248Z,3ecdbfbaf3290a1d0f9b9aee517e61634d37a7bdde41367b8b77ffdf6363f311,,,,,,,,,,RETAIL_ONLY,2,,,,,,,,,MODELED_DEVELOPMENT_MARGIN_SHADOW_ONLY,INELIGIBLE_PINNACLE_TWO_SIDED_CONTRACT_MISSING,PASS,EXPERIMENTAL_SHADOW_NO_STAKES;INELIGIBLE_PINNACLE_TWO_SIDED_CONTRACT_MISSING;Challenger feature/game rows are missing or duplicated,local:challenger+the-odds-api,2026-09-24T16:00:25.607332Z,,1.1.0,564f1080fa2960c204b481f195550d8803466a65e9ace02c9ec1c891cad4abf8
c5f41cc4b65fa193f718376b0717835b9a9eacc135549790292947b3305bf1e2,1.1.2,6590a4bbb77802175afa4c406de831d596569cbf2e1f596de7df0910f43e8fd5,e51f21289a5f63ada7c1746ad6385412db3f6a4e7fc3ba4e33e43fbdb6e9bf14,241bade8665d15f1855e8ed5cb5a8f8bc3dbb5e66c87d76b45ab5d76f1caa9f7,dffe8acdbd3e011d12e5e45e08331fd300f3b67f,d842d1fe-0de3-48ea-8341-bb9cfc6a6383,a73a76599a4f3422803e57bd8f61b626,2026_04_DET_CAR,2026,4,2026-10-05T00:20:00Z,spreads,HOME,2026-09-24T16:00:22.882475Z,2026-09-24T16:00:22.454081Z,2026-09-22T18:51:43.097248Z,bb86d96ac8c5a37027060695827d4ca64ef6cc1d2ef5b5808941c85556f173d5,,,,,,,,,,RETAIL_ONLY,2,,,,,,,,,UNAVAILABLE_FOR_BETTING,INELIGIBLE_PINNACLE_TWO_SIDED_CONTRACT_MISSING,PASS,MODEL_LOCKED_UNTESTED_2026;UNCERTAINTY_UNAVAILABLE_FOR_BETTING;INELIGIBLE_PINNACLE_TWO_SIDED_CONTRACT_MISSING;Feature store does not contain exactly two rows for the game,local:v11-prospective-observer,2026-09-24T16:00:22.882475Z,,1.1.0,13cdb1b897e398e338651886510f0614bb6c4184dc76967212f2f51ec4408ec2
4d74a56c2fb7366fb812e1b157c0db56d7ebc5cfbe1d9ca5acc8d7ffb6faf5e4,challenger-0.2.0,5c8bf3ec348a261ab2c0ce94bd8cc315f754a8dc991c15c20d0d961d06997984,49fadb583b0dee0ba78c242826cb3e521cee0c4af2da837cfd5df18936598793,159ec87beb47e140832d992a80618f94b5cef5681c9d11c24e999ce1cad03b10,dffe8acdbd3e011d12e5e45e08331fd300f3b67f,b7f8819c-86a9-428f-bb46-debf3999015c,a73a76599a4f3422803e57bd8f61b626,2026_04_DET_CAR,2026,4,2026-10-05T00:20:00Z,spreads,HOME,2026-09-25T21:00:31.801654Z,2026-09-25T21:00:28.639096Z,2026-09-22T18:51:43.097248Z,3ecdbfbaf3290a1d0f9b9aee517e61634d37a7bdde41367b8b77ffdf6363f311,,,,,,,,,,RETAIL_ONLY,2,,,,,,,,,MODELED_DEVELOPMENT_MARGIN_SHADOW_ONLY,INELIGIBLE_PINNACLE_TWO_SIDED_CONTRACT_MISSING,PASS,EXPERIMENTAL_SHADOW_NO_STAKES;INELIGIBLE_PINNACLE_TWO_SIDED_CONTRACT_MISSING;Challenger feature/game rows are missing or duplicated,local:challenger+the-odds-api,2026-09-25T21:00:31.801654Z,,1.1.0,ec58b66f0a76b4a8e3bd48dcb3c90cea690de7109f7f03a6e640fcab4e7517a8
f1d4f55af54705490768bbbd6f81d1649979f76a856615d1961b34e0186ae1bb,1.1.2,6590a4bbb77802175afa4c406de831d596569cbf2e1f596de7df0910f43e8fd5,e51f21289a5f63ada7c1746ad6385412db3f6a4e7fc3ba4e33e43fbdb6e9bf14,241bade8665d15f1855e8ed5cb5a8f8bc3dbb5e66c87d76b45ab5d76f1caa9f7,dffe8acdbd3e011d12e5e45e08331fd300f3b67f,b7f8819c-86a9-428f-bb46-debf3999015c,a73a76599a4f3422803e57bd8f61b626,2026_04_DET_CAR,2026,4,2026-10-05T00:20:00Z,spreads,HOME,2026-09-25T21:00:29.089372Z,2026-09-25T21:00:28.639096Z,2026-09-22T18:51:43.097248Z,bb86d96ac8c5a37027060695827d4ca64ef6cc1d2ef5b5808941c85556f173d5,,,,,,,,,,RETAIL_ONLY,2,,,,,,,,,UNAVAILABLE_FOR_BETTING,INELIGIBLE_PINNACLE_TWO_SIDED_CONTRACT_MISSING,PASS,MODEL_LOCKED_UNTESTED_2026;UNCERTAINTY_UNAVAILABLE_FOR_BETTING;INELIGIBLE_PINNACLE_TWO_SIDED_CONTRACT_MISSING;Feature store does not contain exactly two rows for the game,local:v11-prospective-observer,2026-09-25T21:00:29.089372Z,,1.1.0,d6bbfd63ef8afe389d7f021c1e707dd60f0013c8ad87d1817c67ae95323668eb
0b8637a28c3d769a726aaac8668727e33c73e2244a6d78fbce06d4c2e8a1d9a9,challenger-0.2.0,5c8bf3ec348a261ab2c0ce94bd8cc315f754a8dc991c15c20d0d961d06997984,49fadb583b0dee0ba78c242826cb3e521cee0c4af2da837cfd5df18936598793,159ec87beb47e140832d992a80618f94b5cef5681c9d11c24e999ce1cad03b10,dffe8acdbd3e011d12e5e45e08331fd300f3b67f,8b8b5771-d3ca-480c-9980-dac450e82c42,a73a76599a4f3422803e57bd8f61b626,2026_04_DET_CAR,2026,4,2026-10-05T00:20:00Z,spreads,HOME,2026-09-26T13:00:30.675609Z,2026-09-26T13:00:27.208512Z,2026-09-22T18:51:43.097248Z,3ecdbfbaf3290a1d0f9b9aee517e61634d37a7bdde41367b8b77ffdf6363f311,,,,,,,,,,RETAIL_ONLY,2,,,,,,,,,MODELED_DEVELOPMENT_MARGIN_SHADOW_ONLY,INELIGIBLE_PINNACLE_TWO_SIDED_CONTRACT_MISSING,PASS,EXPERIMENTAL_SHADOW_NO_STAKES;INELIGIBLE_PINNACLE_TWO_SIDED_CONTRACT_MISSING;Challenger feature/game rows are missing or duplicated,local:challenger+the-odds-api,2026-09-26T13:00:30.675609Z,,1.1.0,32b265ab26c276eb279437b71865036aacdd1c9907786afd847873dc1f94c5d5
d84b737b2e63ffdafe1f40d0351672ec255ecee85e80de520dcce00c6631b601,1.1.2,6590a4bbb77802175afa4c406de831d596569cbf2e1f596de7df0910f43e8fd5,e51f21289a5f63ada7c1746ad6385412db3f6a4e7fc3ba4e33e43fbdb6e9bf14,241bade8665d15f1855e8ed5cb5a8f8bc3dbb5e66c87d76b45ab5d76f1caa9f7,dffe8acdbd3e011d12e5e45e08331fd300f3b67f,8b8b5771-d3ca-480c-9980-dac450e82c42,a73a76599a4f3422803e57bd8f61b626,2026_04_DET_CAR,2026,4,2026-10-05T00:20:00Z,spreads,HOME,2026-09-26T13:00:27.689180Z,2026-09-26T13:00:27.208512Z,2026-09-22T18:51:43.097248Z,bb86d96ac8c5a37027060695827d4ca64ef6cc1d2ef5b5808941c85556f173d5,,,,,,,,,,RETAIL_ONLY,2,,,,,,,,,UNAVAILABLE_FOR_BETTING,INELIGIBLE_PINNACLE_TWO_SIDED_CONTRACT_MISSING,PASS,MODEL_LOCKED_UNTESTED_2026;UNCERTAINTY_UNAVAILABLE_FOR_BETTING;INELIGIBLE_PINNACLE_TWO_SIDED_CONTRACT_MISSING;Feature store does not contain exactly two rows for the game,local:v11-prospective-observer,2026-09-26T13:00:27.689180Z,,1.1.0,de26870837797526e5cf599951fd99daf3b42db75813fa428697984468fc29f8
6cead2f1cf17239146cbda1b88cac075a04ca544e8b8cea3d0ae61ae477967cc,1.1.2,6590a4bbb77802175afa4c406de831d596569cbf2e1f596de7df0910f43e8fd5,e51f21289a5f63ada7c1746ad6385412db3f6a4e7fc3ba4e33e43fbdb6e9bf14,241bade8665d15f1855e8ed5cb5a8f8bc3dbb5e66c87d76b45ab5d76f1caa9f7,dffe8acdbd3e011d12e5e45e08331fd300f3b67f,d2d710b1-c436-4180-8c43-56a6e84b5e0f,a73a76599a4f3422803e57bd8f61b626,2026_04_DET_CAR,2026,4,2026-10-05T00:20:00Z,spreads,HOME,2026-09-26T21:00:26.360329Z,2026-09-26T21:00:25.892304Z,2026-09-22T18:51:43.097248Z,bb86d96ac8c5a37027060695827d4ca64ef6cc1d2ef5b5808941c85556f173d5,,,,,,,,,,RETAIL_ONLY,2,,,,,,,,,UNAVAILABLE_FOR_BETTING,INELIGIBLE_PINNACLE_TWO_SIDED_CONTRACT_MISSING,PASS,MODEL_LOCKED_UNTESTED_2026;UNCERTAINTY_UNAVAILABLE_FOR_BETTING;INELIGIBLE_PINNACLE_TWO_SIDED_CONTRACT_MISSING;Feature store does not contain exactly two rows for the game,local:v11-prospective-observer,2026-09-26T21:00:26.360329Z,,1.1.0,03d6468e017b3dc505c678c433486538f14f065e0a865e8e3a8d837f27c44ec1
981b9ff9eb86e1b58574e59bf64d51dab80575c9b11d28d6a2a64778f5c9b900,challenger-0.2.0,5c8bf3ec348a261ab2c0ce94bd8cc315f754a8dc991c15c20d0d961d06997984,49fadb583b0dee0ba78c242826cb3e521cee0c4af2da837cfd5df18936598793,159ec87beb47e140832d992a80618f94b5cef5681c9d11c24e999ce1cad03b10,dffe8acdbd3e011d12e5e45e08331fd300f3b67f,d2d710b1-c436-4180-8c43-56a6e84b5e0f,a73a76599a4f3422803e57bd8f61b626,2026_04_DET_CAR,2026,4,2026-10-05T00:20:00Z,spreads,HOME,2026-09-26T21:00:29.199963Z,2026-09-26T21:00:25.892304Z,2026-09-22T18:51:43.097248Z,3ecdbfbaf3290a1d0f9b9aee517e61634d37a7bdde41367b8b77ffdf6363f311,,,,,,,,,,RETAIL_ONLY,2,,,,,,,,,MODELED_DEVELOPMENT_MARGIN_SHADOW_ONLY,INELIGIBLE_PINNACLE_TWO_SIDED_CONTRACT_MISSING,PASS,EXPERIMENTAL_SHADOW_NO_STAKES;INELIGIBLE_PINNACLE_TWO_SIDED_CONTRACT_MISSING;Challenger feature/game rows are missing or duplicated,local:challenger+the-odds-api,2026-09-26T21:00:29.199963Z,,1.1.0,62611d9a9dd517bf0e10789d4ae788f92c7e61cab0f4fedcda5a7f45dac1b177
71f590d382615e1eed78776747f10c272ebfb33f3c594c1c8aaf3d67303a6ef5,1.1.2,6590a4bbb77802175afa4c406de831d596569cbf2e1f596de7df0910f43e8fd5,e51f21289a5f63ada7c1746ad6385412db3f6a4e7fc3ba4e33e43fbdb6e9bf14,241bade8665d15f1855e8ed5cb5a8f8bc3dbb5e66c87d76b45ab5d76f1caa9f7,dffe8acdbd3e011d12e5e45e08331fd300f3b67f,214053eb-5084-4022-8817-4ddbbf933e60,a73a76599a4f3422803e57bd8f61b626,2026_04_DET_CAR,2026,4,2026-10-05T00:20:00Z,spreads,HOME,2026-09-27T03:00:57.907341Z,2026-09-27T03:00:57.384540Z,2026-09-22T18:51:43.097248Z,bb86d96ac8c5a37027060695827d4ca64ef6cc1d2ef5b5808941c85556f173d5,,,,,,,,,,RETAIL_ONLY,2,,,,,,,,,UNAVAILABLE_FOR_BETTING,INELIGIBLE_PINNACLE_TWO_SIDED_CONTRACT_MISSING,PASS,MODEL_LOCKED_UNTESTED_2026;UNCERTAINTY_UNAVAILABLE_FOR_BETTING;INELIGIBLE_PINNACLE_TWO_SIDED_CONTRACT_MISSING;Feature store does not contain exactly two rows for the game,local:v11-prospective-observer,2026-09-27T03:00:57.907341Z,,1.1.0,eff32079f9dfcee7f53b1a184a62b014573c23e8acda6786bf60cb692d5e6eec
e260e3ca0fb23ffc7a348d6382e0b3235923580ef7812e8ecba8d883a12e5599,challenger-0.2.0,5c8bf3ec348a261ab2c0ce94bd8cc315f754a8dc991c15c20d0d961d06997984,49fadb583b0dee0ba78c242826cb3e521cee0c4af2da837cfd5df18936598793,159ec87beb47e140832d992a80618f94b5cef5681c9d11c24e999ce1cad03b10,dffe8acdbd3e011d12e5e45e08331fd300f3b67f,214053eb-5084-4022-8817-4ddbbf933e60,a73a76599a4f3422803e57bd8f61b626,2026_04_DET_CAR,2026,4,2026-10-05T00:20:00Z,spreads,HOME,2026-09-27T03:01:00.857309Z,2026-09-27T03:00:57.384540Z,2026-09-22T18:51:43.097248Z,3ecdbfbaf3290a1d0f9b9aee517e61634d37a7bdde41367b8b77ffdf6363f311,,,,,,,,,,RETAIL_ONLY,2,,,,,,,,,MODELED_DEVELOPMENT_MARGIN_SHADOW_ONLY,INELIGIBLE_PINNACLE_TWO_SIDED_CONTRACT_MISSING,PASS,EXPERIMENTAL_SHADOW_NO_STAKES;INELIGIBLE_PINNACLE_TWO_SIDED_CONTRACT_MISSING;Challenger feature/game rows are missing or duplicated,local:challenger+the-odds-api,2026-09-27T03:01:00.857309Z,,1.1.0,3233b9bb7b439ee6fe03381386af978ac87701dd1415906b55727662d17028ff
ca371a669fe83a1b5d549740968a1522cd16410a8505de6c18666b519fb35fb8,1.1.2,6590a4bbb77802175afa4c406de831d596569cbf2e1f596de7df0910f43e8fd5,e51f21289a5f63ada7c1746ad6385412db3f6a4e7fc3ba4e33e43fbdb6e9bf14,241bade8665d15f1855e8ed5cb5a8f8bc3dbb5e66c87d76b45ab5d76f1caa9f7,b143eda428696625817bd7042b4cf3a453477386,e1878b61-7760-4e06-9ca0-bec5e38d131c,a73a76599a4f3422803e57bd8f61b626,2026_04_DET_CAR,2026,4,2026-10-05T00:20:00Z,spreads,HOME,2026-09-27T12:45:22.508290Z,2026-09-27T12:45:22.019645Z,2026-09-22T18:51:43.097248Z,bb86d96ac8c5a37027060695827d4ca64ef6cc1d2ef5b5808941c85556f173d5,,,,,,,,,,RETAIL_ONLY,2,,,,,,,,,UNAVAILABLE_FOR_BETTING,INELIGIBLE_PINNACLE_TWO_SIDED_CONTRACT_MISSING,PASS,MODEL_LOCKED_UNTESTED_2026;UNCERTAINTY_UNAVAILABLE_FOR_BETTING;INELIGIBLE_PINNACLE_TWO_SIDED_CONTRACT_MISSING;Feature store does not contain exactly two rows for the game,local:v11-prospective-observer,2026-09-27T12:45:22.508290Z,,1.1.0,31997f5dea2b29cebfc67952716cfbd9c2973ad92f2eae6813c17682963e4fa1
f4532edb665a50ed6969cc165e1d70f3cad92bed5b805f45e1c5e2bd6cbaa2fa,challenger-0.2.0,5c8bf3ec348a261ab2c0ce94bd8cc315f754a8dc991c15c20d0d961d06997984,49fadb583b0dee0ba78c242826cb3e521cee0c4af2da837cfd5df18936598793,159ec87beb47e140832d992a80618f94b5cef5681c9d11c24e999ce1cad03b10,b143eda428696625817bd7042b4cf3a453477386,e1878b61-7760-4e06-9ca0-bec5e38d131c,a73a76599a4f3422803e57bd8f61b626,2026_04_DET_CAR,2026,4,2026-10-05T00:20:00Z,spreads,HOME,2026-09-27T12:45:25.295673Z,2026-09-27T12:45:22.019645Z,2026-09-22T18:51:43.097248Z,3ecdbfbaf3290a1d0f9b9aee517e61634d37a7bdde41367b8b77ffdf6363f311,,,,,,,,,,RETAIL_ONLY,2,,,,,,,,,MODELED_DEVELOPMENT_MARGIN_SHADOW_ONLY,INELIGIBLE_PINNACLE_TWO_SIDED_CONTRACT_MISSING,PASS,EXPERIMENTAL_SHADOW_NO_STAKES;INELIGIBLE_PINNACLE_TWO_SIDED_CONTRACT_MISSING;Challenger feature/game rows are missing or duplicated,local:challenger+the-odds-api,2026-09-27T12:45:25.295673Z,,1.1.0,87886aa518728eabb89ab3f0f59c333efcc7e757cf1b2f27961ddc8da38dc976
80fee52b4f3eadace0f2148e01dadaff6194323129d2ab6b67939cf90604b364,challenger-0.2.0,5c8bf3ec348a261ab2c0ce94bd8cc315f754a8dc991c15c20d0d961d06997984,49fadb583b0dee0ba78c242826cb3e521cee0c4af2da837cfd5df18936598793,159ec87beb47e140832d992a80618f94b5cef5681c9d11c24e999ce1cad03b10,c8df716c912e3f6e3b11d508f2988b51a9d4b5a7,d4b87e91-991a-4aa9-bfef-bc8de675e276,a73a76599a4f3422803e57bd8f61b626,2026_04_DET_CAR,2026,4,2026-10-05T00:20:00Z,totals,OVER,2026-09-23T13:00:24.484171Z,2026-09-23T13:00:21.551276Z,2026-09-22T18:51:43.097248Z,3ecdbfbaf3290a1d0f9b9aee517e61634d37a7bdde41367b8b77ffdf6363f311,,,,,,,,,,RETAIL_ONLY,2,,,,,,,,,MODELED_DEVELOPMENT_MARGIN_SHADOW_ONLY,INELIGIBLE_PINNACLE_TWO_SIDED_CONTRACT_MISSING,PASS,EXPERIMENTAL_SHADOW_NO_STAKES;INELIGIBLE_PINNACLE_TWO_SIDED_CONTRACT_MISSING;Challenger feature/game rows are missing or duplicated,local:challenger+the-odds-api,2026-09-23T13:00:24.484171Z,,1.1.0,d122f318431e34d4be5caf34fe48a28375b0e5ff669b8402ecfb75870ead60cd
b74f80d324af6e1b08567aa8a4fbb4edc87f884791d67f7dfd1d5e959e4258c2,1.1.2,6590a4bbb77802175afa4c406de831d596569cbf2e1f596de7df0910f43e8fd5,e51f21289a5f63ada7c1746ad6385412db3f6a4e7fc3ba4e33e43fbdb6e9bf14,241bade8665d15f1855e8ed5cb5a8f8bc3dbb5e66c87d76b45ab5d76f1caa9f7,c8df716c912e3f6e3b11d508f2988b51a9d4b5a7,d4b87e91-991a-4aa9-bfef-bc8de675e276,a73a76599a4f3422803e57bd8f61b626,2026_04_DET_CAR,2026,4,2026-10-05T00:20:00Z,totals,OVER,2026-09-23T13:00:21.951453Z,2026-09-23T13:00:21.551276Z,2026-09-22T18:51:43.097248Z,bb86d96ac8c5a37027060695827d4ca64ef6cc1d2ef5b5808941c85556f173d5,,,,,,,,,,RETAIL_ONLY,2,,,,,,,,,UNAVAILABLE_FOR_BETTING,INELIGIBLE_PINNACLE_TWO_SIDED_CONTRACT_MISSING,PASS,MODEL_LOCKED_UNTESTED_2026;UNCERTAINTY_UNAVAILABLE_FOR_BETTING;INELIGIBLE_PINNACLE_TWO_SIDED_CONTRACT_MISSING;Feature store does not contain exactly two rows for the game,local:v11-prospective-observer,2026-09-23T13:00:21.951453Z,,1.1.0,77477472567b621094ed9632ee1a27127a453873dd004d4080f46774f612a384
8853cb3da9705c538e84bd3ae2d5728a54f6231f1c25223e71214ecd01695591,1.1.2,6590a4bbb77802175afa4c406de831d596569cbf2e1f596de7df0910f43e8fd5,e51f21289a5f63ada7c1746ad6385412db3f6a4e7fc3ba4e33e43fbdb6e9bf14,241bade8665d15f1855e8ed5cb5a8f8bc3dbb5e66c87d76b45ab5d76f1caa9f7,dffe8acdbd3e011d12e5e45e08331fd300f3b67f,d842d1fe-0de3-48ea-8341-bb9cfc6a6383,a73a76599a4f3422803e57bd8f61b626,2026_04_DET_CAR,2026,4,2026-10-05T00:20:00Z,totals,OVER,2026-09-24T16:00:22.882475Z,2026-09-24T16:00:22.454081Z,2026-09-22T18:51:43.097248Z,bb86d96ac8c5a37027060695827d4ca64ef6cc1d2ef5b5808941c85556f173d5,,,,,,,,,,RETAIL_ONLY,2,,,,,,,,,UNAVAILABLE_FOR_BETTING,INELIGIBLE_PINNACLE_TWO_SIDED_CONTRACT_MISSING,PASS,MODEL_LOCKED_UNTESTED_2026;UNCERTAINTY_UNAVAILABLE_FOR_BETTING;INELIGIBLE_PINNACLE_TWO_SIDED_CONTRACT_MISSING;Feature store does not contain exactly two rows for the game,local:v11-prospective-observer,2026-09-24T16:00:22.882475Z,,1.1.0,548070684a1c317479dea722dfa2fbb84651dabe96303db16f285e1503e95596
da2432594c191fdbbfa9841205e60e0706abd4672e477334170126dd939d499a,challenger-0.2.0,5c8bf3ec348a261ab2c0ce94bd8cc315f754a8dc991c15c20d0d961d06997984,49fadb583b0dee0ba78c242826cb3e521cee0c4af2da837cfd5df18936598793,159ec87beb47e140832d992a80618f94b5cef5681c9d11c24e999ce1cad03b10,dffe8acdbd3e011d12e5e45e08331fd300f3b67f,d842d1fe-0de3-48ea-8341-bb9cfc6a6383,a73a76599a4f3422803e57bd8f61b626,2026_04_DET_CAR,2026,4,2026-10-05T00:20:00Z,totals,OVER,2026-09-24T16:00:25.607332Z,2026-09-24T16:00:22.454081Z,2026-09-22T18:51:43.097248Z,3ecdbfbaf3290a1d0f9b9aee517e61634d37a7bdde41367b8b77ffdf6363f311,,,,,,,,,,RETAIL_ONLY,2,,,,,,,,,MODELED_DEVELOPMENT_MARGIN_SHADOW_ONLY,INELIGIBLE_PINNACLE_TWO_SIDED_CONTRACT_MISSING,PASS,EXPERIMENTAL_SHADOW_NO_STAKES;INELIGIBLE_PINNACLE_TWO_SIDED_CONTRACT_MISSING;Challenger feature/game rows are missing or duplicated,local:challenger+the-odds-api,2026-09-24T16:00:25.607332Z,,1.1.0,f3bd7f4008669341d0a2396515df3469658f0b28841b190075e6fc8da61aafe5
650e5fd16cc03c503abf6dcf8d00e50547d0525af4a204a5b8d79b77b0f66240,challenger-0.2.0,5c8bf3ec348a261ab2c0ce94bd8cc315f754a8dc991c15c20d0d961d06997984,49fadb583b0dee0ba78c242826cb3e521cee0c4af2da837cfd5df18936598793,159ec87beb47e140832d992a80618f94b5cef5681c9d11c24e999ce1cad03b10,dffe8acdbd3e011d12e5e45e08331fd300f3b67f,b7f8819c-86a9-428f-bb46-debf3999015c,a73a76599a4f3422803e57bd8f61b626,2026_04_DET_CAR,2026,4,2026-10-05T00:20:00Z,totals,OVER,2026-09-25T21:00:31.801654Z,2026-09-25T21:00:28.639096Z,2026-09-22T18:51:43.097248Z,3ecdbfbaf3290a1d0f9b9aee517e61634d37a7bdde41367b8b77ffdf6363f311,,,,,,,,,,RETAIL_ONLY,2,,,,,,,,,MODELED_DEVELOPMENT_MARGIN_SHADOW_ONLY,INELIGIBLE_PINNACLE_TWO_SIDED_CONTRACT_MISSING,PASS,EXPERIMENTAL_SHADOW_NO_STAKES;INELIGIBLE_PINNACLE_TWO_SIDED_CONTRACT_MISSING;Challenger feature/game rows are missing or duplicated,local:challenger+the-odds-api,2026-09-25T21:00:31.801654Z,,1.1.0,7882aedd6f6a3b75b44f65ba6d6c6a5146434b4717f342d33d7f6f2dba9eda5e
92254bc3001b5babfb18c493747a5ab6ceb4d7e90ac71963f036fb3ec11f5df5,1.1.2,6590a4bbb77802175afa4c406de831d596569cbf2e1f596de7df0910f43e8fd5,e51f21289a5f63ada7c1746ad6385412db3f6a4e7fc3ba4e33e43fbdb6e9bf14,241bade8665d15f1855e8ed5cb5a8f8bc3dbb5e66c87d76b45ab5d76f1caa9f7,dffe8acdbd3e011d12e5e45e08331fd300f3b67f,b7f8819c-86a9-428f-bb46-debf3999015c,a73a76599a4f3422803e57bd8f61b626,2026_04_DET_CAR,2026,4,2026-10-05T00:20:00Z,totals,OVER,2026-09-25T21:00:29.089372Z,2026-09-25T21:00:28.639096Z,2026-09-22T18:51:43.097248Z,bb86d96ac8c5a37027060695827d4ca64ef6cc1d2ef5b5808941c85556f173d5,,,,,,,,,,RETAIL_ONLY,2,,,,,,,,,UNAVAILABLE_FOR_BETTING,INELIGIBLE_PINNACLE_TWO_SIDED_CONTRACT_MISSING,PASS,MODEL_LOCKED_UNTESTED_2026;UNCERTAINTY_UNAVAILABLE_FOR_BETTING;INELIGIBLE_PINNACLE_TWO_SIDED_CONTRACT_MISSING;Feature store does not contain exactly two rows for the game,local:v11-prospective-observer,2026-09-25T21:00:29.089372Z,,1.1.0,c38f078b9340bcd10f14fadc42f7073113798fbff7c9b7b73706eceffc267277
9338a7737e9f215b213017176ff6661600a963eebedf81931d81b3d78b9aa2fd,challenger-0.2.0,5c8bf3ec348a261ab2c0ce94bd8cc315f754a8dc991c15c20d0d961d06997984,49fadb583b0dee0ba78c242826cb3e521cee0c4af2da837cfd5df18936598793,159ec87beb47e140832d992a80618f94b5cef5681c9d11c24e999ce1cad03b10,dffe8acdbd3e011d12e5e45e08331fd300f3b67f,8b8b5771-d3ca-480c-9980-dac450e82c42,a73a76599a4f3422803e57bd8f61b626,2026_04_DET_CAR,2026,4,2026-10-05T00:20:00Z,totals,OVER,2026-09-26T13:00:30.675609Z,2026-09-26T13:00:27.208512Z,2026-09-22T18:51:43.097248Z,3ecdbfbaf3290a1d0f9b9aee517e61634d37a7bdde41367b8b77ffdf6363f311,,,,,,,,,,RETAIL_ONLY,2,,,,,,,,,MODELED_DEVELOPMENT_MARGIN_SHADOW_ONLY,INELIGIBLE_PINNACLE_TWO_SIDED_CONTRACT_MISSING,PASS,EXPERIMENTAL_SHADOW_NO_STAKES;INELIGIBLE_PINNACLE_TWO_SIDED_CONTRACT_MISSING;Challenger feature/game rows are missing or duplicated,local:challenger+the-odds-api,2026-09-26T13:00:30.675609Z,,1.1.0,bdffbb5eaa8e3930367b56649a1ac14067a1867cb2ec2a137a0a85b3b3849552
acb71f9416851442e6e1ea903a1816f56ba0e00e27c8a4d5377d54759e3ca37d,1.1.2,6590a4bbb77802175afa4c406de831d596569cbf2e1f596de7df0910f43e8fd5,e51f21289a5f63ada7c1746ad6385412db3f6a4e7fc3ba4e33e43fbdb6e9bf14,241bade8665d15f1855e8ed5cb5a8f8bc3dbb5e66c87d76b45ab5d76f1caa9f7,dffe8acdbd3e011d12e5e45e08331fd300f3b67f,8b8b5771-d3ca-480c-9980-dac450e82c42,a73a76599a4f3422803e57bd8f61b626,2026_04_DET_CAR,2026,4,2026-10-05T00:20:00Z,totals,OVER,2026-09-26T13:00:27.689180Z,2026-09-26T13:00:27.208512Z,2026-09-22T18:51:43.097248Z,bb86d96ac8c5a37027060695827d4ca64ef6cc1d2ef5b5808941c85556f173d5,,,,,,,,,,RETAIL_ONLY,2,,,,,,,,,UNAVAILABLE_FOR_BETTING,INELIGIBLE_PINNACLE_TWO_SIDED_CONTRACT_MISSING,PASS,MODEL_LOCKED_UNTESTED_2026;UNCERTAINTY_UNAVAILABLE_FOR_BETTING;INELIGIBLE_PINNACLE_TWO_SIDED_CONTRACT_MISSING;Feature store does not contain exactly two rows for the game,local:v11-prospective-observer,2026-09-26T13:00:27.689180Z,,1.1.0,1e3ff217181700972f542fb0e6645211497fcb547c6cbad9bffa528b6052b8cb
3333657af8b961aba86f6307abacc167782d65a7942807f179ff2c918bcaa001,challenger-0.2.0,5c8bf3ec348a261ab2c0ce94bd8cc315f754a8dc991c15c20d0d961d06997984,49fadb583b0dee0ba78c242826cb3e521cee0c4af2da837cfd5df18936598793,159ec87beb47e140832d992a80618f94b5cef5681c9d11c24e999ce1cad03b10,dffe8acdbd3e011d12e5e45e08331fd300f3b67f,d2d710b1-c436-4180-8c43-56a6e84b5e0f,a73a76599a4f3422803e57bd8f61b626,2026_04_DET_CAR,2026,4,2026-10-05T00:20:00Z,totals,OVER,2026-09-26T21:00:29.199963Z,2026-09-26T21:00:25.892304Z,2026-09-22T18:51:43.097248Z,3ecdbfbaf3290a1d0f9b9aee517e61634d37a7bdde41367b8b77ffdf6363f311,,,,,,,,,,RETAIL_ONLY,2,,,,,,,,,MODELED_DEVELOPMENT_MARGIN_SHADOW_ONLY,INELIGIBLE_PINNACLE_TWO_SIDED_CONTRACT_MISSING,PASS,EXPERIMENTAL_SHADOW_NO_STAKES;INELIGIBLE_PINNACLE_TWO_SIDED_CONTRACT_MISSING;Challenger feature/game rows are missing or duplicated,local:challenger+the-odds-api,2026-09-26T21:00:29.199963Z,,1.1.0,c5d966252a7676661427b56b8ffe61bd79b258c5efbb5f0ec881700e17263f2f
474c81871fa489d743e0190ea21897f407c042fc7486c427081bcaa1167247da,1.1.2,6590a4bbb77802175afa4c406de831d596569cbf2e1f596de7df0910f43e8fd5,e51f21289a5f63ada7c1746ad6385412db3f6a4e7fc3ba4e33e43fbdb6e9bf14,241bade8665d15f1855e8ed5cb5a8f8bc3dbb5e66c87d76b45ab5d76f1caa9f7,dffe8acdbd3e011d12e5e45e08331fd300f3b67f,d2d710b1-c436-4180-8c43-56a6e84b5e0f,a73a76599a4f3422803e57bd8f61b626,2026_04_DET_CAR,2026,4,2026-10-05T00:20:00Z,totals,OVER,2026-09-26T21:00:26.360329Z,2026-09-26T21:00:25.892304Z,2026-09-22T18:51:43.097248Z,bb86d96ac8c5a37027060695827d4ca64ef6cc1d2ef5b5808941c85556f173d5,,,,,,,,,,RETAIL_ONLY,2,,,,,,,,,UNAVAILABLE_FOR_BETTING,INELIGIBLE_PINNACLE_TWO_SIDED_CONTRACT_MISSING,PASS,MODEL_LOCKED_UNTESTED_2026;UNCERTAINTY_UNAVAILABLE_FOR_BETTING;INELIGIBLE_PINNACLE_TWO_SIDED_CONTRACT_MISSING;Feature store does not contain exactly two rows for the game,local:v11-prospective-observer,2026-09-26T21:00:26.360329Z,,1.1.0,589706e91ca0f04efe34e63738f205ccbb8fbd06b3094bb77053c12a26217b58
258ce5387d9cd2b7cde205bb8f4ea19010a9c87aed7cd7c2a10cdcd3c4226b2b,challenger-0.2.0,5c8bf3ec348a261ab2c0ce94bd8cc315f754a8dc991c15c20d0d961d06997984,49fadb583b0dee0ba78c242826cb3e521cee0c4af2da837cfd5df18936598793,159ec87beb47e140832d992a80618f94b5cef5681c9d11c24e999ce1cad03b10,dffe8acdbd3e011d12e5e45e08331fd300f3b67f,214053eb-5084-4022-8817-4ddbbf933e60,a73a76599a4f3422803e57bd8f61b626,2026_04_DET_CAR,2026,4,2026-10-05T00:20:00Z,totals,OVER,2026-09-27T03:01:00.857309Z,2026-09-27T03:00:57.384540Z,2026-09-22T18:51:43.097248Z,3ecdbfbaf3290a1d0f9b9aee517e61634d37a7bdde41367b8b77ffdf6363f311,,,,,,,,,,RETAIL_ONLY,2,,,,,,,,,MODELED_DEVELOPMENT_MARGIN_SHADOW_ONLY,INELIGIBLE_PINNACLE_TWO_SIDED_CONTRACT_MISSING,PASS,EXPERIMENTAL_SHADOW_NO_STAKES;INELIGIBLE_PINNACLE_TWO_SIDED_CONTRACT_MISSING;Challenger feature/game rows are missing or duplicated,local:challenger+the-odds-api,2026-09-27T03:01:00.857309Z,,1.1.0,cd7c10f92a90c853893149236ca3153ac033e49da126dcda238b89da3e9b0304
a52282ffeb8b75522a9ce0487b30bdc59ba08b75cb0d6fc85b07921c14fd0c1d,1.1.2,6590a4bbb77802175afa4c406de831d596569cbf2e1f596de7df0910f43e8fd5,e51f21289a5f63ada7c1746ad6385412db3f6a4e7fc3ba4e33e43fbdb6e9bf14,241bade8665d15f1855e8ed5cb5a8f8bc3dbb5e66c87d76b45ab5d76f1caa9f7,dffe8acdbd3e011d12e5e45e08331fd300f3b67f,214053eb-5084-4022-8817-4ddbbf933e60,a73a76599a4f3422803e57bd8f61b626,2026_04_DET_CAR,2026,4,2026-10-05T00:20:00Z,totals,OVER,2026-09-27T03:00:57.907341Z,2026-09-27T03:00:57.384540Z,2026-09-22T18:51:43.097248Z,bb86d96ac8c5a37027060695827d4ca64ef6cc1d2ef5b5808941c85556f173d5,,,,,,,,,,RETAIL_ONLY,2,,,,,,,,,UNAVAILABLE_FOR_BETTING,INELIGIBLE_PINNACLE_TWO_SIDED_CONTRACT_MISSING,PASS,MODEL_LOCKED_UNTESTED_2026;UNCERTAINTY_UNAVAILABLE_FOR_BETTING;INELIGIBLE_PINNACLE_TWO_SIDED_CONTRACT_MISSING;Feature store does not contain exactly two rows for the game,local:v11-prospective-observer,2026-09-27T03:00:57.907341Z,,1.1.0,21ef8574335d85bef655432cbb076280fa92f277c5e0e68c70e79828ef05d84f
2281a76a29af05d237a0862c1e445964bdec0948025d74826c3ef71ef8d308db,1.1.2,6590a4bbb77802175afa4c406de831d596569cbf2e1f596de7df0910f43e8fd5,e51f21289a5f63ada7c1746ad6385412db3f6a4e7fc3ba4e33e43fbdb6e9bf14,241bade8665d15f1855e8ed5cb5a8f8bc3dbb5e66c87d76b45ab5d76f1caa9f7,b143eda428696625817bd7042b4cf3a453477386,e1878b61-7760-4e06-9ca0-bec5e38d131c,a73a76599a4f3422803e57bd8f61b626,2026_04_DET_CAR,2026,4,2026-10-05T00:20:00Z,totals,OVER,2026-09-27T12:45:22.508290Z,2026-09-27T12:45:22.019645Z,2026-09-22T18:51:43.097248Z,bb86d96ac8c5a37027060695827d4ca64ef6cc1d2ef5b5808941c85556f173d5,,,,,,,,,,RETAIL_ONLY,2,,,,,,,,,UNAVAILABLE_FOR_BETTING,INELIGIBLE_PINNACLE_TWO_SIDED_CONTRACT_MISSING,PASS,MODEL_LOCKED_UNTESTED_2026;UNCERTAINTY_UNAVAILABLE_FOR_BETTING;INELIGIBLE_PINNACLE_TWO_SIDED_CONTRACT_MISSING;Feature store does not contain exactly two rows for the game,local:v11-prospective-observer,2026-09-27T12:45:22.508290Z,,1.1.0,8ebbf536aea31b7d79b8bc0bdb9a251836de859d2842e59a2aaf3d061e4da37d
79bac53e9ba225d4876e1da520b73924c731ae03c19970f59dfb365823ba4a53,challenger-0.2.0,5c8bf3ec348a261ab2c0ce94bd8cc315f754a8dc991c15c20d0d961d06997984,49fadb583b0dee0ba78c242826cb3e521cee0c4af2da837cfd5df18936598793,159ec87beb47e140832d992a80618f94b5cef5681c9d11c24e999ce1cad03b10,b143eda428696625817bd7042b4cf3a453477386,e1878b61-7760-4e06-9ca0-bec5e38d131c,a73a76599a4f3422803e57bd8f61b626,2026_04_DET_CAR,2026,4,2026-10-05T00:20:00Z,totals,OVER,2026-09-27T12:45:25.295673Z,2026-09-27T12:45:22.019645Z,2026-09-22T18:51:43.097248Z,3ecdbfbaf3290a1d0f9b9aee517e61634d37a7bdde41367b8b77ffdf6363f311,,,,,,,,,,RETAIL_ONLY,2,,,,,,,,,MODELED_DEVELOPMENT_MARGIN_SHADOW_ONLY,INELIGIBLE_PINNACLE_TWO_SIDED_CONTRACT_MISSING,PASS,EXPERIMENTAL_SHADOW_NO_STAKES;INELIGIBLE_PINNACLE_TWO_SIDED_CONTRACT_MISSING;Challenger feature/game rows are missing or duplicated,local:challenger+the-odds-api,2026-09-27T12:45:25.295673Z,,1.1.0,183c98b2a2c8c1bb3dba9ecdbf2843bc2ecd0393310b15949dd48626e922f358
1f49242b3ca14a359dc750683457b57fdfca8652c6fcd13af74cb1571d9f8ae8,1.1.2,6590a4bbb77802175afa4c406de831d596569cbf2e1f596de7df0910f43e8fd5,e51f21289a5f63ada7c1746ad6385412db3f6a4e7fc3ba4e33e43fbdb6e9bf14,241bade8665d15f1855e8ed5cb5a8f8bc3dbb5e66c87d76b45ab5d76f1caa9f7,c8df716c912e3f6e3b11d508f2988b51a9d4b5a7,d4b87e91-991a-4aa9-bfef-bc8de675e276,8bd90781e17e6d97df3941063cedae1e,2026_04_ATL_NO,2026,4,2026-10-06T00:15:00Z,spreads,HOME,2026-09-23T13:00:21.951453Z,2026-09-23T13:00:21.551276Z,2026-09-22T18:51:43.097248Z,bb86d96ac8c5a37027060695827d4ca64ef6cc1d2ef5b5808941c85556f173d5,,,,,,,,,,RETAIL_ONLY,2,,,,,,,,,UNAVAILABLE_FOR_BETTING,INELIGIBLE_PINNACLE_TWO_SIDED_CONTRACT_MISSING,PASS,MODEL_LOCKED_UNTESTED_2026;UNCERTAINTY_UNAVAILABLE_FOR_BETTING;INELIGIBLE_PINNACLE_TWO_SIDED_CONTRACT_MISSING;Feature store does not contain exactly two rows for the game,local:v11-prospective-observer,2026-09-23T13:00:21.951453Z,,1.1.0,5f856d9b02325b980391f617a9af9640fe6ba2130e175b54996f9fe86a9801b7
6878e5ddf2a4f1e0ef4f502adf3b4aa3c68ab351d24a0d81dc170c2588afb925,challenger-0.2.0,5c8bf3ec348a261ab2c0ce94bd8cc315f754a8dc991c15c20d0d961d06997984,49fadb583b0dee0ba78c242826cb3e521cee0c4af2da837cfd5df18936598793,159ec87beb47e140832d992a80618f94b5cef5681c9d11c24e999ce1cad03b10,c8df716c912e3f6e3b11d508f2988b51a9d4b5a7,d4b87e91-991a-4aa9-bfef-bc8de675e276,8bd90781e17e6d97df3941063cedae1e,2026_04_ATL_NO,2026,4,2026-10-06T00:15:00Z,spreads,HOME,2026-09-23T13:00:24.484171Z,2026-09-23T13:00:21.551276Z,2026-09-22T18:51:43.097248Z,3ecdbfbaf3290a1d0f9b9aee517e61634d37a7bdde41367b8b77ffdf6363f311,,,,,,,,,,RETAIL_ONLY,2,,,,,,,,,MODELED_DEVELOPMENT_MARGIN_SHADOW_ONLY,INELIGIBLE_PINNACLE_TWO_SIDED_CONTRACT_MISSING,PASS,EXPERIMENTAL_SHADOW_NO_STAKES;INELIGIBLE_PINNACLE_TWO_SIDED_CONTRACT_MISSING;Challenger feature/game rows are missing or duplicated,local:challenger+the-odds-api,2026-09-23T13:00:24.484171Z,,1.1.0,b0fb81eed3792015459fbf86844599d000f244a2d70c6a996295b7edb37d6033
3d0f81c43de29ab8a208cf7290a74750276ba22f8971a0669cb63d43cc2d4597,challenger-0.2.0,5c8bf3ec348a261ab2c0ce94bd8cc315f754a8dc991c15c20d0d961d06997984,49fadb583b0dee0ba78c242826cb3e521cee0c4af2da837cfd5df18936598793,159ec87beb47e140832d992a80618f94b5cef5681c9d11c24e999ce1cad03b10,dffe8acdbd3e011d12e5e45e08331fd300f3b67f,d842d1fe-0de3-48ea-8341-bb9cfc6a6383,8bd90781e17e6d97df3941063cedae1e,2026_04_ATL_NO,2026,4,2026-10-06T00:15:00Z,spreads,HOME,2026-09-24T16:00:25.607332Z,2026-09-24T16:00:22.454081Z,2026-09-22T18:51:43.097248Z,3ecdbfbaf3290a1d0f9b9aee517e61634d37a7bdde41367b8b77ffdf6363f311,,,,,,,,,,RETAIL_ONLY,2,,,,,,,,,MODELED_DEVELOPMENT_MARGIN_SHADOW_ONLY,INELIGIBLE_PINNACLE_TWO_SIDED_CONTRACT_MISSING,PASS,EXPERIMENTAL_SHADOW_NO_STAKES;INELIGIBLE_PINNACLE_TWO_SIDED_CONTRACT_MISSING;Challenger feature/game rows are missing or duplicated,local:challenger+the-odds-api,2026-09-24T16:00:25.607332Z,,1.1.0,4b901405d684ace07e1b3e5e328da82bd43a80b00d2ba7415ed5a117095c3ff8
da19d979ad4ea58835a2d31fbcf048c47a7a6340b9a9d812bb726c019851cc2d,1.1.2,6590a4bbb77802175afa4c406de831d596569cbf2e1f596de7df0910f43e8fd5,e51f21289a5f63ada7c1746ad6385412db3f6a4e7fc3ba4e33e43fbdb6e9bf14,241bade8665d15f1855e8ed5cb5a8f8bc3dbb5e66c87d76b45ab5d76f1caa9f7,dffe8acdbd3e011d12e5e45e08331fd300f3b67f,d842d1fe-0de3-48ea-8341-bb9cfc6a6383,8bd90781e17e6d97df3941063cedae1e,2026_04_ATL_NO,2026,4,2026-10-06T00:15:00Z,spreads,HOME,2026-09-24T16:00:22.882475Z,2026-09-24T16:00:22.454081Z,2026-09-22T18:51:43.097248Z,bb86d96ac8c5a37027060695827d4ca64ef6cc1d2ef5b5808941c85556f173d5,,,,,,,,,,RETAIL_ONLY,2,,,,,,,,,UNAVAILABLE_FOR_BETTING,INELIGIBLE_PINNACLE_TWO_SIDED_CONTRACT_MISSING,PASS,MODEL_LOCKED_UNTESTED_2026;UNCERTAINTY_UNAVAILABLE_FOR_BETTING;INELIGIBLE_PINNACLE_TWO_SIDED_CONTRACT_MISSING;Feature store does not contain exactly two rows for the game,local:v11-prospective-observer,2026-09-24T16:00:22.882475Z,,1.1.0,bcf666b92ab806be889b86c9f6736dba016c1f20fa316dd5f86ffecfc49ebc84
a049983a1ce33ceac1d45922991a51f9b3b1a88d3aa449582de40577f76f5a1e,challenger-0.2.0,5c8bf3ec348a261ab2c0ce94bd8cc315f754a8dc991c15c20d0d961d06997984,49fadb583b0dee0ba78c242826cb3e521cee0c4af2da837cfd5df18936598793,159ec87beb47e140832d992a80618f94b5cef5681c9d11c24e999ce1cad03b10,c8df716c912e3f6e3b11d508f2988b51a9d4b5a7,d4b87e91-991a-4aa9-bfef-bc8de675e276,8bd90781e17e6d97df3941063cedae1e,2026_04_ATL_NO,2026,4,2026-10-06T00:15:00Z,totals,OVER,2026-09-23T13:00:24.484171Z,2026-09-23T13:00:21.551276Z,2026-09-22T18:51:43.097248Z,3ecdbfbaf3290a1d0f9b9aee517e61634d37a7bdde41367b8b77ffdf6363f311,,,,,,,,,,RETAIL_ONLY,2,,,,,,,,,MODELED_DEVELOPMENT_MARGIN_SHADOW_ONLY,INELIGIBLE_PINNACLE_TWO_SIDED_CONTRACT_MISSING,PASS,EXPERIMENTAL_SHADOW_NO_STAKES;INELIGIBLE_PINNACLE_TWO_SIDED_CONTRACT_MISSING;Challenger feature/game rows are missing or duplicated,local:challenger+the-odds-api,2026-09-23T13:00:24.484171Z,,1.1.0,4aaf791e67eec6c157d7ff437b5987afb6a9a502492bc85bd7262fccc7e99b80
f5ed1c51e6d204435bf6ec83f216298d076306f0c9cbae45f15cffe1bcb23714,1.1.2,6590a4bbb77802175afa4c406de831d596569cbf2e1f596de7df0910f43e8fd5,e51f21289a5f63ada7c1746ad6385412db3f6a4e7fc3ba4e33e43fbdb6e9bf14,241bade8665d15f1855e8ed5cb5a8f8bc3dbb5e66c87d76b45ab5d76f1caa9f7,c8df716c912e3f6e3b11d508f2988b51a9d4b5a7,d4b87e91-991a-4aa9-bfef-bc8de675e276,8bd90781e17e6d97df3941063cedae1e,2026_04_ATL_NO,2026,4,2026-10-06T00:15:00Z,totals,OVER,2026-09-23T13:00:21.951453Z,2026-09-23T13:00:21.551276Z,2026-09-22T18:51:43.097248Z,bb86d96ac8c5a37027060695827d4ca64ef6cc1d2ef5b5808941c85556f173d5,,,,,,,,,,RETAIL_ONLY,2,,,,,,,,,UNAVAILABLE_FOR_BETTING,INELIGIBLE_PINNACLE_TWO_SIDED_CONTRACT_MISSING,PASS,MODEL_LOCKED_UNTESTED_2026;UNCERTAINTY_UNAVAILABLE_FOR_BETTING;INELIGIBLE_PINNACLE_TWO_SIDED_CONTRACT_MISSING;Feature store does not contain exactly two rows for the game,local:v11-prospective-observer,2026-09-23T13:00:21.951453Z,,1.1.0,445234c273d8defde7a5a8d61c319e82ce18959c87274335644c47b5ac525c10
624b42dae5e6bdbf30d3f5dff6e697077ee76208aeb07226c06e0e65e4b12a99,1.1.2,6590a4bbb77802175afa4c406de831d596569cbf2e1f596de7df0910f43e8fd5,e51f21289a5f63ada7c1746ad6385412db3f6a4e7fc3ba4e33e43fbdb6e9bf14,241bade8665d15f1855e8ed5cb5a8f8bc3dbb5e66c87d76b45ab5d76f1caa9f7,dffe8acdbd3e011d12e5e45e08331fd300f3b67f,d842d1fe-0de3-48ea-8341-bb9cfc6a6383,8bd90781e17e6d97df3941063cedae1e,2026_04_ATL_NO,2026,4,2026-10-06T00:15:00Z,totals,OVER,2026-09-24T16:00:22.882475Z,2026-09-24T16:00:22.454081Z,2026-09-22T18:51:43.097248Z,bb86d96ac8c5a37027060695827d4ca64ef6cc1d2ef5b5808941c85556f173d5,,,,,,,,,,RETAIL_ONLY,2,,,,,,,,,UNAVAILABLE_FOR_BETTING,INELIGIBLE_PINNACLE_TWO_SIDED_CONTRACT_MISSING,PASS,MODEL_LOCKED_UNTESTED_2026;UNCERTAINTY_UNAVAILABLE_FOR_BETTING;INELIGIBLE_PINNACLE_TWO_SIDED_CONTRACT_MISSING;Feature store does not contain exactly two rows for the game,local:v11-prospective-observer,2026-09-24T16:00:22.882475Z,,1.1.0,93de73d3446aa1a81f00347173e353ddb1680b1db6734d63dc4d903aa9d85b5a
d93c7cf427d342d00202ecc385e1f1c1c901de7a3d3e54e9e2bf20e088095385,challenger-0.2.0,5c8bf3ec348a261ab2c0ce94bd8cc315f754a8dc991c15c20d0d961d06997984,49fadb583b0dee0ba78c242826cb3e521cee0c4af2da837cfd5df18936598793,159ec87beb47e140832d992a80618f94b5cef5681c9d11c24e999ce1cad03b10,dffe8acdbd3e011d12e5e45e08331fd300f3b67f,d842d1fe-0de3-48ea-8341-bb9cfc6a6383,8bd90781e17e6d97df3941063cedae1e,2026_04_ATL_NO,2026,4,2026-10-06T00:15:00Z,totals,OVER,2026-09-24T16:00:25.607332Z,2026-09-24T16:00:22.454081Z,2026-09-22T18:51:43.097248Z,3ecdbfbaf3290a1d0f9b9aee517e61634d37a7bdde41367b8b77ffdf6363f311,,,,,,,,,,RETAIL_ONLY,2,,,,,,,,,MODELED_DEVELOPMENT_MARGIN_SHADOW_ONLY,INELIGIBLE_PINNACLE_TWO_SIDED_CONTRACT_MISSING,PASS,EXPERIMENTAL_SHADOW_NO_STAKES;INELIGIBLE_PINNACLE_TWO_SIDED_CONTRACT_MISSING;Challenger feature/game rows are missing or duplicated,local:challenger+the-odds-api,2026-09-24T16:00:25.607332Z,,1.1.0,40571a778aa53072369b1d291b8d9a9147b4727496e209078165ff81670eb72d
